raceno,racetitle,map,name1,name2,name3,name4,name5,time1,time2,time3,time4,time5,new_t3,new_t50,top50_time,totalPlayer,raceStart,url1,url2,url3,url4,url5,raceurl,race_metadata
1,First!,TownCenter,Jajajosh,ISAB,FriarTruck,NOMADIA,ddkkoomm,90084,94467,96301,97201,97217,0,0,115801,0,1544601600000,Jajajosh,ISAB,FriarTruck,NOMADIA,ddkkoomm,,
2,Primary Qualifiers,MonkeyMeadow,notinth,ISAB,SJB,SnowyOwl <3,Matthew Lim,146834,146884,151201,151484,157617,0,0,193351,0,1545292800000,notinth,ISAB,SJB,TheDarkLink,Mat,,
3,"Red, White, and Green",AlpineRun,SupremeAvocado,ISAB,66,notinth,I hate races,110751,115167,116134,117084,121701,0,0,144984,0,1545638400000,SupremeAvocado,ISAB,66,notinth,Pie,,
4,Hardy Racers,Streambed,SupremeAvocado,ISAB,TobiBloon439,SnowyOwl <3,frds,169001,179584,180334,183334,186501,0,0,223734,0,1545984000000,SupremeAvocado,ISAB,Tobi,TheDarkLink,frds,,
5,Happy New Years,TreeStump,ISAB,Loaf,SupremeAvocado,I hate races,ZX Cai,65250,68633,69533,70100,71533,0,0,84450,0,1546329600000,ISAB,Loaf,SupremeAvocado,Pie,ZX Cai,,
6,Military Qualifiers,Cracked,Polaritz,SupremeAvocado,Bradygilg,notinth,14 char. limit,274401,274501,298751,305484,315884,0,0,420017,0,1546588800000,Polaritz,SupremeAvocado,Bradygilg,notinth,FX420blazeit,,
7,Sharp Turns,InTheLoop,Corncan,SupremeAvocado,YT Seclate,Kinsboy,WestNileVirus,172617,177534,181267,185217,185917,0,0,234817,0,1547193600000,Corncan,SupremeAvocado,Seclate,Kinsboy,WestNileVirus,,
8,A Good Alternative,MonkeyMeadow,Corncan,YT- NK:Seclate,SupremeAvocado,Kinsboy,I hate races,127517,128501,130184,132084,136750,0,0,158451,0,1547798400000,Corncan,Seclate,SupremeAvocado,Kinsboy,Pie,,
9,Po-Tay-Toes!,Logs,Kinsboy,SupremeAvocado,dark empirer,ZX Cai,GreatGumbyGamer,106184,110134,114317,115567,117384,0,0,129651,0,1548403200000,Kinsboy,SupremeAvocado,ZX Cai,GreatGumbyGamer,Crimey,,
10,Burnin Rubber,KartsNDarts,SupremeAvocado,TobiBloon439,Kinsboy,Orangutan,VIII,340117,342051,351867,361484,390367,0,0,518317,0,1549612800000,SupremeAvocado,Tobi,Kinsboy,Orangutan,VIII,,
11,Let It Go,FrozenOver,SupremeAvocado,Crimenerd,Kinsboy,frds,Wind,176350,177116,178767,181616,189367,0,0,0,0,1550217600000,SupremeAvocado,Crimey,Kinsboy,frds,Wind,,
12,Monkeying around on the Moon,MoonLanding,SupremeAvocado,NK_Seclate,Wind,DTEO,Polaritz,68684,69434,69784,70934,74667,0,0,96167,0,1550822400000,SupremeAvocado,Seclate,Wind,DTEO,Polaritz,,
13,An Easy CHIMPS Race,FourCircles,SupremeAvocado,ScissionRB,TheInFlammable,TobiBloon439,Chalupa,145833,152316,153033,164467,165683,0,0,0,0,1551427200000,SupremeAvocado,Scisson RB,TheInflammable,Tobi,Secretary,,
14,Do You Need a Hug?,PatsPond,TheInflammable,TobiBloon439,Jpcv24,Crimey,MaherSMG,322834,378601,413167,428051,438101,0,0,723701,0,1552032000000,TheInflammable,Tobi,Jpcv24,Crimey,MaherSMG,,
15,Last Cent ~By SupremeAvocado,HighFinance,SupremeAvocado,Kinsboy,Crimey,TarnNK,Wind,142483,144616,153700,158067,160750,0,0,0,0,1552636800000,SupremeAvocado,Kinsboy,Crimey,TarnNK,Wind,,
16,Boom Boom Pow,EndOfTheRoad,Kinsboy,TheInflammable,Crimey,TobiBloon439,Wind,140851,149784,149867,151651,154117,0,0,182167,0,1553241600000,Kinsboy,TheInflammable,Crimey,Tobi,Wind,,
17,Deflation?,Cubism,SupremeAvocado,Blast,frds,TobiBloon439,FenixKillah,87117,89134,89501,90251,96234,0,0,138334,0,1553846400000,SupremeAvocado,Gift,frds,Tobi,FenixKillah,,
18,Camo Trap,FourCircles,SupremeAvocado,TobiBloon439,FenixKillah,Wind,Blast,131617,132301,136351,141134,142017,0,0,165251,0,1554451200000,SupremeAvocado,Tobi,FenixKillah,Wind,Gift,,
19,Forward Thinking,Downstream,Crimey,Wind,TobiBloon439,MRPietrek,Fighter,102567,103351,103651,109267,110867,0,0,136867,0,1555660800000,Crimey,Wind,Tobi,Pie,Fighter,,
20,Haunted Speed,Haunted,Blast,Lolxd,FenixKillah,Wind,Wind=12YearKid,114783,116183,116233,117050,118416,0,0,0,0,1556265600000,Gift,Lolxd,FenixKillah,Wind,GameDuo,,
21,Bringing Around Destruction,InTheLoop,Ultimate Scrub,Lolxd,Ninja B,dUEave,SupremeAvocado,90051,90067,90084,90101,90184,0,0,92517,0,1556870400000,Ultimate Scrub,Gameduo,Ninja B,dUEave,SupremeAvocado,,
22,Back to the Basics,TownCenter,dUEave,FenixKillah,TobiBloon439,Wind,Basho Chalupa,135317,136151,138717,139284,150634,0,0,183584,0,1557475200000,dUEave,FenixKillah,Tobi,Wind,Secretary,,
23,Sink Or Swim,SpiceIslands,Blast,FenixKillah,Crimey,TobiBloon439,Wind,73134,74884,74884,76084,82784,0,0,97767,0,1558080000000,Gift,FenixKillah,Crimey,Tobi,Wind,,
24,One Foot in Quicksand,MuddyPuddles,Ninja B,Bradygilg,Autoclick=BAN!,Wind,TobiBloon439,110101,111251,111901,113084,119334,0,0,185317,0,1558684800000,Ninja B,Bradygilg,FenixKillah,Wind,Tobi,,
25,What Are Those Jugga Things Called,Hedge,Kinsboy,FenixKillah,LiikeAKrieger,Litnothin,dUEave,119751,123401,123717,124251,125284,0,0,156801,0,1559289600000,Kinsboy,FenixKillah,Liike,Nothing,dUEave,,
26,Give Me That; You Have The Little One,Cracked,whosthepokemon,FenixKillah,KidsNeverWin,Shwax,Blast,144017,144134,145651,149567,150084,0,0,230201,0,1559894400000,Kinsboy,FenixKillah,GameDuo,Shwax,Ninja B,,
27,Anniversary Weekend (X2 Rewards),Cubism,Kinsboy,FenixKillah,TobiBloon439,NinjaB,Dueave,105167,105883,106050,108283,109000,0,0,0,0,1560499200000,Kinsboy,FenixKillah,Tobi,Ninja B,dUEave,,
28,This is One For the History Books,FourCircles,FenixKillah,SweetTricks Yo,GameDuo,Ninja B,TobiBloon439,110467,111184,112084,112751,115234,0,0,135017,0,1561104000000,FenixKillah,Kinsboy,GameDuo,Ninja B,Tobi,,
29,Who's That Pokemon?,TreeStump,SweetTricks Yo,FenixKillah,GameDuo,TobiBloon439,Ninja B,90167,90801,90934,92617,93451,0,0,119667,0,1561708800000,Kinsboy,FenixKillah,GameDuo,Tobi,Ninja B,,
30,New Tricks Old Track,ParkPath,Ninja B,TobiBloon439,FenixKillah,MobileMaster,LiikeAKrieger,164917,176684,179301,180351,183684,0,0,216101,0,1562313600000,Ninja B,Tobi,FenixKillah,MobileMaster,PBStormForce,,
31,It's A Boat,InTheLoop,FenixKillah,ItIsABoat,LiikeAKrieger,GameDuo,NK_Seclate,120650,122816,123983,124900,133450,0,0,0,0,1562918400000,FenixKillah,Kinsboy,Liike,GameDuo,Seclate,,
32,Cowabombga,FiringRange,Cowabombga,FenixKillah,TobiBloon439,NK_Seclate,Shwax,159000,163783,166067,167400,167516,0,0,0,0,1563523200000,Kinsboy,FenixKillah,Tobi,Seclate,Shwax,,
33,Sweet Tricks Yo,Streambed,StopGwenRace,FenixGwen=Cool,NoMoreGwenRace,LiikeAKrieger,NoMoreGwenRace,109951,112301,116267,128784,133301,0,0,153401,0,1564128000000,Kinsboy,FenixKillah,Tobi,Liike,Shwax,,
34,Prepare For Trouble! Make It Double,MonkeyMeadow,Kinsboy,bearliu,FenixKillah,Ninja B,Ultimate Scrub,131267,133501,133634,133684,140867,0,0,222667,0,1564732800000,Kinsboy,bearliu,FenixKillah,Ninja B,UltimateScrub,,
35,Broom Broom,KartsNDarts,TobiBloon439,Shwax,FenixKillah,Crimey,NK_Seclate,101051,101067,104267,104501,106601,0,0,114251,0,1565337600000,Tobi,Shwax,FenixKillah,Crimey,Seclate,,
36,A-maize-ing,Cornfield,ReworkRewards,BroomBroom,Reward_Profile,PlsBuffRewards,RaceRwdsRacist,145016,145483,147516,153767,159050,0,0,0,0,1565942400000,Shwax,Kinsboy,FenixKillah,Tobi,TSP,,
37,Squad Goals,Downstream,Kinsboy,FenixKillah,Crimey,Shwax,TobiBloon439,146134,147534,150951,153417,159267,0,0,186434,0,1566547200000,Kinsboy,FenixKillah,Crimey,Shwax,Tobi,,
38,Whoosh,Chutes,Kinsboy,FenixKillah,TobiBloon439,Liike,Shwax,108716,112367,112867,116016,117150,0,0,0,0,1567152000000,Kinsboy,FenixKillah,Tobi,Liike,Shwax,,
39,"They See Me Stalling, They Hating",AlpineRun,Kinsboy,Shwax,FenixKillah,NO NAME,exephur,114751,115201,115234,117584,120551,0,0,136617,0,1567756800000,Kinsboy,Shwax,FenixKillah,Ryu,exephur,,
40,There Can Only Be One ~By Crimey,Logs,FenixKillah,TobiBloon439,Kinsboy,Crimey,Shwax,209267,209584,211984,213384,221184,0,0,251234,0,1568361600000,FenixKillah,Tobi,Kinsboy,Crimey,Shwax,,
41,In The Wall,AnotherBrick,TobiBloon439,TSP,Kinsboy,Liike,Shwax,124300,124767,125116,127683,129216,0,0,0,0,1568966400000,Tobi,tehspeleengpolise,Kinsboy,Liike,Shwax,,
42,Free The Monkey!,FrozenOver,NoSniping,Fenix = A,IsabOKRacer,tsp,exephur,146851,148484,148801,155434,156384,0,0,279751,0,1569571200000,Kinsboy,FenixKillah,Shwax,tehspeleengpolise,exephur,,
43,Choose Your Champion,EndOfTheRoad,FenixKillah,Kinsboy,Shwax,tsp,TobiBloon439,135934,136784,137584,139184,139751,0,0,165534,0,1570176000000,FenixKillah,Kinsboy,Shwax,tehspeleengpolise,Tobi,,
44,Batten Down The Hatches,SpiceIslands,TSP,TobiBloon439,Fenix = R,exephur,Skibimi,117051,119051,120701,129967,131101,0,0,161701,0,1570780800000,tehspeleengpolise,Tobi,FenixKillah,Kinsboy,exephur,,
45,All in Together,SpringSpring,exephur,Fenix =,Skibimi,TobiBloon439,tsp,126467,128467,130001,130417,130717,0,0,169701,0,1571385600000,exephur,FenixKillah,skibimi,Tobi,tehspeleengpolise,,
46,Slow It Down,Logs,Liike,Fenix = N,Crimey,DartElite0051,TobiBloon439,188767,190384,193384,197284,197984,0,0,225334,0,1571990400000,Liike,FenixKillah,Crimey,TylerdexDeluxe,Tobi,,
47,Very Very Frightening,Carved,exephur,Shwax,Fenix =,Skibimi,TobiBloon439,124284,125967,126834,128017,128101,0,0,142751,0,1572595200000,exephur,Shwax,FenixKillah,skibimi,Tobi,,
48,Community Race: B.A.D v2,Cubism,,Bearliu,KaelMaelstrom,Red949494,RandyZ129,83233,85967,88916,89100,89233,0,0,0,0,1573200000000,Multiple People,bearliu,KaelMaelstrom,Red94,RandyZ129,,
49,Hedge Your Bets,Hedge,Fenix=Way,Kinsboy,Shwax,TSP,TobiBloon439,146350,148467,149416,150167,152716,0,0,0,0,1573804800000,FenixKillah,Kinsboy,Shwax,tehspeleengpolise,Tobi,,
50,One For All And All For One,TreeStump,TSP,ISAB,TobiFan4Lyfe,TSPSecretFan,Tobi,96800,97067,97933,98950,101233,0,0,0,0,1574409600000,tehspeleengpolise,ISAB,Shwax,JoseL1502,Tobi,,
51,Some Camo With Your Camo,TownCenter,TSP,Red949494,Fenix=Than,Avocado=Noob,JoseL,82850,83300,83300,83333,84416,0,0,0,0,1575014400000,tehspeleengpolise,Red94,FenixKillah,Kinsboy,JoseL1502,,
52,Ice Age,FrozenOver,Fenix = Baby,Seclate,Race Boycott,Tobi,Top10Racer,135084,135967,136117,136701,137101,0,0,172567,0,1575619200000,FenixKillah,Seclate,Kinsboy,Tobi,Crimey,,
53,Sewer Bloonway,Spillway,Fuan,Red949494,exephur,JoseL,Bearliu,113667,113783,114516,114650,115216,0,0,0,0,1576224000000,Fuan(1),Red94,exephur,JoseL1502,bearliu,,
54,Dangerously Deceiving Towers,ParkPath,SupremeAvocado,TSP,ZouteDrop,CorruptedJoseL,Ryu,121867,122850,122883,123083,124316,0,0,0,0,1576828800000,SupremeAvocado,tehspeleengpolise,Zoute Drop,JoseL1502,Ryu,,
55,Snow Laughing Matter,WinterPark,tsp,Dishonored,FenixKillah,exephur,DartElite0051,133667,134951,136401,137851,140350,0,0,165667,0,1577433600000,tehspeleengpolise,JoseL1502,FenixKillah,exephur,TylerdexDeluxe,,
56,Crossover,AdorasTemple,FenixKillah,ZouteDrop,Ryu,TSP,exephur,139000,140133,140133,140850,141500,0,0,0,0,1578038400000,FenixKillah,Zoute Drop,Ryu,tehspeleengpolise,exephur,,
57,What's The Plan? ~By exephur,Rake,Kinsgirl,SupremeAvocado,Isabsuckatrace,tsp,FenixKillah,134634,136967,138301,139134,140101,0,0,206567,0,1578643200000,Kinsboy,SupremeAvocado,Ryu,tehspeleengpolise,FenixKillah,,
58,Coasting,OffTheCoast,FenixKillah,Kinsboy,UltimateScrub,TSP,Red94,82033,87233,87367,95000,101000,0,0,0,0,1579248000000,FenixKillah,Kinsboy,Fuan(1),tehspeleengpolise,Red94,,
59,One Of A Kind,InTheLoop,tsp,Shwax,FenixKillah,Tobi,exephur,177584,180217,185067,188251,189017,0,0,210317,0,1579852800000,tehspeleengpolise,Shwax,FenixKillah,Tobi,exephur,,
60,Magic Fire,Infernal,tsp,Shwax,Exephurs Wife,FenixKillah,ISAB,116767,118301,119067,120984,130217,0,0,189634,0,1580457600000,tehspeleengpolise,SupremeAvocado,Fuan(1),FenixKillah,ISAB,,
61,Now You See Me ~By Crimey,FourCircles,Seclate,TSP,Kinsboy,ExephursWife,Ngik,128183,128967,129300,134716,135700,0,0,0,0,1581062400000,Seclate,tehspeleengpolise,Kinsboy,Fuan(1),Ngik,,
62,Valentines Special: Be Mine,Underground,ISAB,TSP,50MMRacePlz,MathWizard,PlsDontSnipeMe,146833,148767,149617,152300,152467,0,0,0,0,1581667200000,ISAB,tehspeleengpolise,Tobi,Math,Samuel,,
63,Play It By Ear,Cornfield,GivenUp!,50MMRacePls,Tobi,Gumball632,Shwax,106434,107884,115917,119034,119117,0,0,160584,0,1582272000000,Red94,Fuan(1),Tobi,Gumball,Shwax,,
64,Seas The Day,OffTheCoast,TSP,49MMRacePls,DartElite0051,Tobi,GummyMittens,163283,172950,175150,178450,186150,0,0,0,0,1583481600000,tehspeleengpolise,infinity,TylerdexDeluxe,Tobi,Gummy,,
65,Spintacular,Geared,GivenUp!,Fuan,TSP,XX-Maxi-XX,DartElite0051,80167,80183,80516,84650,96467,0,0,0,0,1584086400000,Red94,Fuan(2),tehspeleengpolise,Maxi,skibimi,,
66,MOAB Busters,SpringSpring,GivenUp!,Shwax,Tobi,Goldman750,infinity,146101,146984,149151,149217,150767,0,0,174034,0,1584691200000,Red94,Shwax,Tobi,GoldMan,infinity,,
67,Home Stay,HighFinance,tsp,SupremeAvocado,GivenUp!,exephur,Math,120017,128401,129517,133067,135251,0,0,222034,0,1585296000000,tehspeleengpolise,SupremeAvocado,Red94,exephur,Math,,
68,Antifreeze,FiringRange,skibimi,TSP,GivenUp!,DartElite0051,Toby438,122333,124150,124916,125167,126033,0,0,0,0,1585900800000,skibimi,tehspeleengpolise,Red94,TylerdexDeluxe,Fuan(3),,
69,Community Race: Slow But Not Okay,Hedge,TSP,exephur,GivenUp!,(*_*),Shwax,114484,114584,114667,116017,116117,0,0,176617,0,1586505600000,tehspeleengpolise,exephur,Red94,Fuan(3),Shwax,,
70,Level Up,FourCircles,tsp,Shwax,Tobi,ZouteDrop,redfeather,66951,70817,73351,73951,76567,0,0,95601,0,1587110400000,tehspeleengpolise,Shwax,Tobi,exephur,RedFeather,,
71,Car Go Beep Beep,Cargo,DartElite0051,FenixKillah,Tobi,GameDuo,Shwax,101651,102051,104167,106484,107001,0,0,132751,0,1587715200000,TylerdexDeluxe,FenixKillah,Tobi,exephur,Shwax,,
72,Backwards Thinking,Peninsula,FenixKillah,tsp,Real  Skibimi,Skibimi,The Last One,87784,89817,94084,94801,97001,0,0,115134,0,1588320000000,FenixKillah,tehspeleengpolise,Fuan(3),skibimi,TheLastOne,,
73,Highest Point,AdorasTemple,tsp,ZandyR524,SupremeAvocado,Gumball632,Skibimi,156184,158951,159984,161134,161984,0,0,193467,0,1588924800000,tehspeleengpolise,Fuan(3),SupremeAvocado,Gumball,skibimi,,
74,Loompa Oompa,CandyFalls,TSP,skibimi,Tobi,exephur,ISAB,136050,136600,149200,149300,156250,0,0,0,0,1589529600000,tehspeleengpolise,skibimi,Tobi,exephur,ISAB,,
75,The A-Stream,Downstream,TSP,ZandyR524,Tobi,MrSamson666,DartElite0051,105283,108033,109633,112083,113000,0,0,0,0,1590134400000,tehspeleengpolise,Fuan(3),Tobi,Samson,TylerdexDeluxe,,
76,Admiral On Duty,FloodedValley,tsp,Not-Fuan(3),YouFoundMe,ISAB,exephur,98267,98384,98884,100384,101284,0,0,113284,0,1590739200000,tehspeleengpolise,Fuan(3),minuscule,ISAB,exephur,,
77,Curbed Cubism ~By tobi,Cubism,Tobi,tsp,Gumball632,Seclate,Derubberizer,139401,139517,141984,148534,148934,0,0,168967,0,1591344000000,Tobi,tehspeleengpolise,Gumball,Fuan(3),Derubberizer,,
78,Reverse'N,KartsNDarts,tsp,ISAB,WhoIsFuan,DartElite0051,Tobi,173951,177151,178251,182351,182651,0,0,206284,0,1591948800000,tehspeleengpolise,ISAB,Fuan(3),TylerdexDeluxe,Tobi,,
79,Three Stump,TreeStump,tsp,FenixKillah-YT,BritneySpears,Skibimi,CoolBeans,94001,95184,96384,97234,98434,0,0,108417,0,1592553600000,tehspeleengpolise,FenixKillah,Tudor,skibimi,Fuan(3),,
80,Crackell,Cracked,Shwax,tsp,You Found Me,Cheesecake,Gumball632,100951,102317,104001,105867,110384,0,0,135834,0,1593158400000,Shwax,tehspeleengpolise,minuscule,Fuan(3),Gumball,,
81,Subcity,HighFinance,NoWoFRace,FenixKillah-YT,.,RIZE,Shwax,111384,111551,112267,112867,113667,0,0,135484,0,1593763200000,tehspeleengpolise,FenixKillah,Tudor,RIZE,Shwax,,
82,Hocus Lotus,LotusIsland,tsp,Shwax,Weeb,Skibimi,exephur,156834,156917,160834,161801,162001,0,0,174816,0,1594368000000,tehspeleengpolise,Shwax,Fuan(3),skibimi,exephur,,
83,How,Bazaar,Stupid,tsp,exephur,skibimi,Shwax,89267,89884,90734,93467,94601,0,0,103667,0,1594972800000,Fuan(3),tehspeleengpolise,exephur,skibimi,Shwax,,
84,Pumpkin Pat,Carved,Not-Fuan(3),StopWoFRace,exephur,RIZE,bruh,125834,130217,133834,135384,135884,0,0,147016,0,1595577600000,Fuan(3),tehspeleengpolise,exephur,RIZE,Tudor,,
85,Dark Dark Goose,DarkCastle,exephur,StopWoFRace,VamosALaPlaya,GivenUp!,yeet,81917,84667,85184,87284,88001,0,0,100916,0,1596182400000,exephur,tehspeleengpolise,Shwax,Red94,skibimi,,
86,Activated,Haunted,exephur,bruh,GivenUp!,tsp,RIZE,141867,142134,142151,142217,144001,0,0,154083,0,1596787200000,exephur,Tudor,Red94,tehspeleengpolise,RIZE,,
87,Chuten't Have,Chutes,Shwax,exephur,Skillbimi,tsp,Stop,115567,117151,117851,117917,118051,0,0,132916,0,1597392000000,Shwax,exephur,skibimi,tehspeleengpolise,Fuan(3),,
88,Abnormal Primary ~By Crimey,EndOfTheRoad,tsp,Rhythm,ISAB,Crimey,Dont Sleep,130267,130284,131067,132634,136417,0,0,142233,0,1597996800000,tehspeleengpolise,minuscule,ISAB,Crimey,Tudor,,
89,Barrel Of Monkeys,Spillway,tsp,Mooo,Skibimi,PLEASE!,Minus,109984,110784,111384,111967,112001,0,0,117550,0,1598601600000,tehspeleengpolise,Tudor,skibimi,Fuan(3),minuscule,,
90,Water We Have Here,SpiceIslands,tsp,Minus,ok,tudor,BTD7IDECI2020,124217,126267,128734,129517,129667,0,0,151916,0,1599206400000,tehspeleengpolise,minuscule,infinity,Tudor,RIZE,,
91,The Flight Of The Pigeon,AnotherBrick,tsp,Promises,exephur,killerkama,Skibimi,130384,130867,130901,132584,133467,0,0,138067,0,1599811200000,tehspeleengpolise,Tudor,exephur,Kama,skibimi,,
92,Galaxy One,MoonLanding,Multiple People,Minus,Skibimi,GivenUp!,exephur,104217,104384,105834,105934,106551,0,0,111383,0,1600416000000,Multiple People,minuscule,skibimi,Red94,exephur,,
93,Little Town Strong MOABs ~By Colt-YT,TownCenter,Minus,Noob List :,tsp,NoobSimulator,Tobi,96184,96267,96451,96667,96967,0,0,102250,0,1601020800000,minuscule,Tudor,tehspeleengpolise,Noob,Tobi,,
94,Golden Ticket,CandyFalls,CashOut Ace,tsp,GivenUp!,3FARMSTART,ArbelDaMonkey,109984,113767,114501,115567,116251,0,0,121700,0,1601625600000,Tudor,tehspeleengpolise,Red94,RIZE,Arbel(1),,
95,Somebody I Used To Know,Cubism,infinity,tudor,tsp,Minus,Chocbox,114634,116117,117917,120001,120484,0,0,131816,0,1602230400000,infinity,Tudor,tehspeleengpolise,minuscule,Chocbox,,
96,Decoded,Encrypted,tudor,Spook,tsp,RIZE,GivenUp!,123667,124301,125051,125334,126434,0,0,135100,0,1602835200000,Tudor,exephur,tehspeleengpolise,RIZE,Red94,,
97,Spook,Haunted,StopWoFRace,Minus,tsp,GdZachLol,TUDORSBABOON,97267,99834,102184,102884,103501,0,0,114267,0,1603440000000,Tudor,minuscule,tehspeleengpolise,Gdzachlol,Arbel(2),,
98,A-Wigglin' And A-Wobblin',BloodyPuddles,MissNegativity,ELECTIONHOAX,exephur,tsp,Minus,73384,74551,76601,76634,82617,0,0,94100,0,1604044800000,Tudor,RIZE,exephur,tehspeleengpolise,minuscule,,
99,Error: Not Found,WinterPark,MissNegativity,ELECTIONHOAX,tsp,PlusNine,sadbyarbel,152217,153834,154201,154334,154917,0,0,160816,0,1604649600000,Tudor,RIZE,tehspeleengpolise,PlusNine,Eins-Bohr,,
100,The Great 100m Dash,FourCircles,outgrinded :(,tsp,Minus,GivenUp!,ElectionHoax,72384,74584,75067,76117,78084,0,0,91150,0,1605254400000,Tudor,tehspeleengpolise,minuscule,Red94,RIZE,,
101,Doom And Tomb,AdorasTemple,Minus,bruh 2026,outgrinded :(,tsp,ArbelDaMonkey,115134,115284,115317,116384,118967,0,0,129383,0,1605859200000,minuscule,Bruh,Tudor,tehspeleengpolise,Arbel(1),,
102,Tanks Giving,Cornfield,tsp,Skibimi,ArbelDaMonkey,EinsO_o,Fuan,144634,145784,145834,149317,151051,0,0,167667,0,1606464000000,Multiple People,skibimi,Arbel(1),Eins-Bohr,Fuan(3),,
103,Working.On.Form,FrozenOver,tudor,Minus,ArbelDaMonkey,Fuan,Paul Dirac,139717,140634,141267,141551,141817,0,0,148350,0,1607068800000,Tudor,minuscule,Arbel(1),Fuan(3),RIZE,,
104,Decrypting ~By Meme TD YT,Encrypted,Striker,P2W,gdzachlol,killerkama,Baumfall,121001,121151,121584,121884,122351,0,0,126283,0,1607673600000,Tudor,RIZE,Gdzachlol,Kama,Baumfall,,
105,X Marks The Spot,XFactor,Striker,gdzachlol,GivenUp!,skibilovesfuan,tsp,120517,121867,123151,123667,124684,0,0,138383,0,1608278400000,Tudor,Gdzachlol,Red94,skibimi,tehspeleengpolise,,
106,Merry Christmas!,Skates,Baumfall,slothluck,Tobi,skibilovesfuan,Gumball632,121167,121417,122051,122951,122967,0,0,127050,0,1608883200000,Baumfall,Tudor,Tobi,skibimi,Gumball,,
107,Out Of Control,ParkPath,Multiple People,SwHK,adora op,Shambo14,Tetration,101634,101651,101651,101651,101701,0,0,122416,0,1609488000000,Multiple People,Swhk,AdoraOP,Shambo14,Tetration,,
108,Downhill Avalanche,AlpineRun,ArbelDaMonkey,8,skibimi,Minus,ArbelDaMonkey,137684,138417,139967,140117,140501,0,0,150916,0,1610092800000,infinity,Tudor,skibimi,minuscule,tehspeleengpolise,,
109,Moon Guardian ~By Skye,MoonLanding,GivenUp!,NoobSimulator,E,Gumball632,Seclate,152817,153167,153634,153951,155167,0,0,163683,0,1610697600000,Red94,Noob,Tudor,Gumball,Seclate,,
110,Alternate Flow,Downstream,infinity,Player,skibimi,Wilzy,KokichiOuma,61817,63501,64801,65501,65534,0,0,72467,0,1611302400000,infinity,Tudor,skibimi,BTD_Jessy,Arbel(2),,
111,This Is The End Of The Road,EndOfTheRoad,P2W,e1893,ready to quit,KokichiOuma,LDR9,144251,145034,145151,145154,145467,0,0,156167,0,1611907200000,RIZE,kamisama,Eins-Bohr,Arbel(2),LDR9,,
112,Race This,AnotherBrick,NoobSimulator,skte,h3nt41_e1893,skibimi,9,178751,181184,181601,182167,182201,0,0,197150,0,1612512000000,Noob,Skte,kamisama,skibimi,LDR9,,
113,Royal Flush,Downstream,P2W,Fun_this_race,NoobSimulator,Endwl,skibimi,71801,71967,72084,72151,72217,0,0,74500,0,1613116800000,RIZE,Baumfall,Noob,Endwl,skibimi,,
114,Double Double Trouble Trouble,Quad,follow4follow,skibimi,tsp,e1893,LDR9,83634,83734,84484,85767,86117,0,0,90116,0,1613721600000,infinity,skibimi,tehspeleengpolise,kamisama,LDR9,,
115,You Snooze You Lose,Underground,exephur,Endwl,Shwax,Telt,infinity,93667,97517,98151,98367,98367,0,0,105833,0,1614326400000,exephur,Endwl,Shwax,Telt,infinity,,
116,Dark Dangerous Times,TownCenter,Isab,exephur,ISAB,ISAB,Noble,121451,121651,122634,125467,125684,0,0,139133,0,1614931200000,skibimi,exephur,kamisama,Noob,Noble,,
117,Yin And Yang,Balance,skibimi,ISAB,skibimi,Born To Die,Telt,131951,132167,132467,132551,132584,0,0,135950,0,1615536000000,skibimi,BTD6_Jessy,infinity,BornToDie,Telt,,
118,B B B Boat,LotusIsland,Tobi,B B B Baum,Trymacs,G_G_G_Glue,RIZE,136551,136817,137034,137084,138401,0,0,144667,0,1616140800000,Tobi,Baumfall,skibimi,infinity,RIZE,,
119,Caught Outside The Loop,InTheLoop,Gumball632,DartElite0051,KLTD1234,exephur,ShwaxIsABoomer,129134,131951,132051,134251,134617,0,0,140783,0,1616745600000,Gumball,TyderdexDeluxe,KLTD1234,exephur,skibimi,,
120,No Pain No Gain,CandyFalls,Minus,skibimi,Eins-Bohr,Sun stare,sadness,102634,103117,104951,105167,105601,0,0,109350,0,1617350400000,minuscule,skibimi,Eins-Bohr,BornToDie,Sadness,,
121,Patience,Haunted,skibimi,RIZE,az,Pteradacktel,Graves,108867,110151,111017,112184,112250,0,0,120283,0,1617955200000,skibimi,RIZE,infinity,Pteradacktel,Graves,,
122,Work Da Munky,Workshop,bean,Born To Die,RandyZ524,Chocbox,Noble,81267,81417,81417,81901,82334,0,0,87300,0,1618560000000,Bean,BornToDie,skibimi,kamisama,Noble,,
123,This Is My Last Resort,Resort,Blue_hydrangea,ISABTOBIFENIX,skibimi,Noble,exephur,107801,107834,108084,108151,108151,0,0,111333,0,1619164800000,BornToDie,RIZE,skibimi,exephur,Noble,,
124,4 1 14 3 5 29 33 30 43 32 34!,Encrypted,tsp,e1893,F4S4FKR8PYFBXA,RIZE,Tudor,115001,115384,115967,116051,117467,0,0,123383,0,1619769600000,tehspeleengpolise,kamisama,skibimi,RIZE,infinity,,
125,Thin Ice,Skates,Tudor,tsp,skibimi,Minus,Gumball,163584,166784,167401,167851,168984,0,0,174400,0,1620374400000,infinity,tehspeleengpolise,skibimi,minuscule,Gumball,,
126,Debmaerts,Streambed,skibimi,RIZE,:3,Minus,Shwax,144701,146717,148534,149334,152901,0,0,161467,0,1620979200000,skibimi,RIZE,:3,minuscule,Shwax,,
127,Dr. Monkey's Race,Spillway,Megumin,exephur,infinity,skibimi,Tobi,114851,115017,115934,116251,116251,0,0,122267,0,1621584000000,Gdzachlol,exephur,infinity,skibimi,Tobi,,
128,Slice And Dice,Carved,YtseJam,PUNG RIN,MO,skibimi,Shwax,106501,106667,107717,107834,108334,0,0,110733,0,1622188800000,YtseJam,Pungrin,salo,skibimi,Shwax,,
129,Corn-gratulations,Cornfield,skibimi,YtseJam,Violet,GdZachLol,RandyZ524,127851,128367,128567,128901,129034,0,0,134116,0,1622793600000,skibimi,YtseJam,Violet,Gdzachlol,RandyZ129,,
130,Who Wants To Be A Millionaire?,Cubism,Start_Master,Shwax,Y Not,skibimi,Chocbox,107084,108417,108484,108734,108801,0,0,110433,0,1623398400000,RIZE,Shwax,YNot,skibimi,Chocbox,,
131,Projecting,Peninsula,infinity,skibimi,MrPlasma,DartElite0051,Duke,102984,103251,103301,103684,103684,0,0,106667,0,1624003200000,infinity,skibimi,MrPlasma,TylesdexDeluxe,Duke,,
132,Cracking Up,Cracked,ParParPlayzYT,Duke,PUNG RIN,Gumball,minkz,120501,120534,120551,120817,121251,0,0,123400,0,1624608000000,ParParPlayz,Duke,Pungrin,Gumball,Bago,,
133,Captain Spice,SpiceIslands,YtseJam,infinity,Gauer,Y Not,NoobSimulator,157084,157384,157901,158151,158951,0,0,164350,0,1625212800000,YtseJam,infinity,Eins-Bohr,YNot,Noob,,
134,The Land Befour Time,Logs,infinity,SLEMAX,RIZE,tsp,skibimi,136884,137517,137951,138901,139534,0,0,144167,0,1625817600000,infinity,Baumfall,RIZE,tehspeleengpolise,skibimi,,
135,Machine Learning,FrozenOver,YtseJam,Gumball,Duke,SLEMAX,KLTD1234,157784,157884,158484,159334,159667,0,0,170216,0,1626422400000,YtseJam,Gumball,Duke,Baumfall,KLTD1234,,
136,Chimptastic,WinterPark,NoobSimulator,YtseJam,Gauer,LDR9,infinity,135217,135501,135601,135951,136417,0,0,139716,0,1627027200000,Noob,YtseJam,Eins-Bohr,LDR9,infinity,,
137,Giving 110 Percent,MonkeyMeadow,infinity,John_Kramer,"RIZE, Gumball",Duke,ShadowMonkey,113351,115234,115284,115284,116734,0,0,121783,0,1627632000000,infinity,Baumfall,"RIZE, Gumball",Duke,ShadowMonkey,,
138,Exponential 4,FourCircles,Gauer,YtseJam,RIZE,Tobi,Ethbar,96517,97284,97501,98234,98267,0,0,99716,0,1628236800000,Eins-Bohr,YtseJam,RIZE,Tobi,Ethbar,,
139,Unlucky,FiringRange,infinity,exephur,Duke,Gauer,RIZE,96967,97367,97367,98384,98451,0,0,103367,0,1628841600000,infinity,exephur,Duke,Eins-Bohr,RIZE,,
140,Bad To The Bone,EndOfTheRoad,Gauer,AJAYA,alittlebear,Duke,YtseJam,115017,115567,116334,116551,116901,0,0,119100,0,1629446400000,Eins-Bohr,AJAYA,alittlebear,Duke,YtseJam,,
141,Tappity Tap Tap,AlpineRun,YtseJam,KLTD1234,skibimi,Duke,Baumfall,82051,82101,82117,82133,82133,0,0,83110,0,1630051200000,YtseJam,KLTD1234,skibimi,Duke,Baumfall,,
142,Triplicity,Resort,infinity,YtseJam,RIZE,Duke,KLTD1234,107301,108851,109451,110251,110300,0,0,113383,0,1630656000000,infinity,YtseJam,RIZE,Duke,KLTD1234,,
143,Ready Set No,SpringSpring,Obyn,Gwendolin,Quincy,Nesiah,STB903,97006,97013,97015,97017,97017,0,0,97017,0,1631260800000,Obyn,Gwendolin,Quincy,Nesiah,STB903,,
144,Pondering Pat,PatsPond,Tobi,.,Gumball,YtseJam,I_LOVE_TARN,234567,235067,243967,244851,245367,0,0,285700,0,1631865600000,Tobi,Alom,Gumball,YtseJam,Baumfall,,
145,Few Two Many,TreeStump,RIZE,Alpowk,alittlebear,KLTD1234,IAmCracked,130934,130951,130951,131517,131734,0,0,137016,0,1632470400000,RIZE,Alpowk,alittlebear,KLTD1234,infinity,,
146,Bloons Of The Corn,Cornfield,exephur,RIZE,skibimi,ISAB,ISAB,67301,67334,67601,67617,67651,0,0,69467,0,1633075200000,exephur,RIZE,skibimi,ERROR 404,ShadowMonkey,,
147,Bubblewrap in the morning,Streambed,IAmCracked,YtseJam,KLTD1234,RIZE,lodestar,105434,105734,107717,107767,107951,0,0,114533,0,1633680000000,infinity,YtseJam,KLTD1234,RIZE,LDR9,,
148,404,InTheLoop,Gumball,YtseJam,IAmCracked,Algida,skibimi,124118,124768,125018,125718,126034,0,0,134083,0,1634284800000,Gumball,YtseJam,infinity,Affter,skibimi,,
149,A B C D E F G,TheCabin,IAmCracked,KLTD1234,MaksymHEX,Countersnipe!,Alpowk,154201,154684,156568,157368,158318,0,0,164150,0,1634889600000,infinity,KLTD1234,MaksymHEX,Gumball,Alpowk,,
150,2 3 5 7 11,BloonariusPrime,LETSGOBRANDON,KLTD1234,YtseJam,MaksymHEX,Alpowk,120484,122634,123001,124051,125034,0,0,139683,0,1635494400000,RIZE,KLTD1234,YtseJam,MaksymHEX,Alpowk,,
151,Dark side of the Moon,MoonLanding,exephur,ted2837106,Leohgyon,UNLUCKY,MaksymHEX,125968,128568,128684,129568,129968,0,0,139600,0,1636099200000,exephur,ted,Leohgyon,UNLUCKY,MaksymHEX,,
152,A Stroll in the Park,ParkPath,IAmCracked,Countersnipe!,MaksymHEX,KLTD1234,YtseJam,113301,113484,114251,114468,114534,0,0,124033,0,1636704000000,infinity,Gumball,MaksymHEX,KLTD1234,YtseJam,,
153,Something else,Hedge,IAmCracked,YtseJam,NoobSimulator,exephur,ted2837106,143584,145784,146818,151034,151951,0,0,146133,0,1637308800000,infinity,YtseJam,Noob,exephur,ted,,
154,Bad egg,CandyFalls,IAmCracked,Colt,YtseJam,Gumball,alittlebear,89568,91368,91768,91768,91834,0,0,103033,0,1637913600000,infinity,Colt,YtseJam,Gumball,alittlebear,,
155,ekaR,Rake,Gumball,YtseJam,Leohgyon,:3,KLTD1234,147551,151934,153318,155001,156968,0,0,176067,0,1638518400000,Gumball,YtseJam,Leohgyon,:3,KLTD1234,,
156,Captarn,Resort,Ytsejam,alittlebear,Alpowk,KLTD1234,MaksymHEX,133868,136384,136718,136818,137384,0,0,154383,0,1639123200000,YtseJam,alittlebear,Alpowk,KLTD1234,MaksymHEX,,
157,Lotus of the jungle,LotusIsland,IAmCracked,KLTD1234,iPad Nerd,Ytsejam,Affter,127534,129134,130868,130934,131268,0,0,142167,0,1639728000000,infinity,KLTD1234,ParParPlayz,YtseJam,Affter,,
158,Chracetmas,QuietStreet,IAmCracked,Leohgyon,KLTD1234,MaksymHEX,Gumball,108118,108518,108768,109651,109684,0,0,120367,0,1640332800000,infinity,Leohgyon,KLTD1234,MaksymHEX,Gumball,,
159,New Race New You,Chutes,Ein,KLTD1234,Lodestar,alittlebear,MaksymHEX,141234,141418,142384,143051,143068,0,0,156767,0,1640937600000,Eins-Bohr,KLTD1234,LDR9,alittlebear,MaksymHEX,,
160,Making waves,OffTheCoast,Colt1234,IAmCracked,KLTD1234,ISAB,Ein,104551,105001,105184,105201,105401,0,0,113567,0,1641542400000,Colt,infinity,KLTD1234,ERROR 404,Eins-Bohr,,
161,505 Not phound,Carved,Skill issue,KLTD1234,MaksymHEX,Ted2837106,Ytsejam,97301,97368,97601,98434,98868,0,0,104367,0,1642147200000,infinity,KLTD1234,MaksymHEX,ted,YtseJam,,
162,Loop De Loop,Skates,HiSavAndTarn,KLTD1234,AJAYA,alittlebear,Lodestar,79551,79718,79818,79818,80501,0,0,88850,0,1642752000000,infinity,KLTD1234,AJAYA,alittlebear,LDR9,,
163,Top 5 Percent,DarkCastle,Gumball,egulio,Colt1234,KLTD1234,MaksymHEX,158701,158884,158984,159501,160984,0,0,173900,0,1643356800000,Gumball,egulio,Colt,KLTD1234,MaksymHEX,,
164,Trowel and error,AnotherBrick,IUsedCe,IUsedCe,Player,MaksymHEX,egulio,138401,139501,140134,140551,140618,0,0,152216,0,1643961600000,Cannibalism,infinity,exephur,MaksymHEX,egulio,,
165,30 Speed,HighFinance,MaksymHEX,YT: Colt BTD6,KLTD1234,Ytsejam,Alpowk,144101,144134,144368,145351,147051,0,0,160167,0,1644566400000,MaksymHEX,Colt,KLTD1234,YtseJam,Alpowk,,
166,Second too late,Cubism,YtseJam,Mael=Fun,egulio,KLTD1234,Dedenne,137318,138618,139884,144034,144551,0,0,152283,0,1645171200000,YtseJam,infinity,egulio,KLTD1234,Dedenne,,
167,Middle of nowhere,XFactor,KLTD1234,ILoveGwenRaces,Alpowk,Vrej,Chocbox,140518,140984,143468,143884,144168,0,0,177283,0,1645776000000,KLTD1234,Colt,Alpowk,infinity,Chocbox,,
168,Subtarranean,Infernal,iPad Nerd,MaksymHEX,KLTD1234,Lategamechimps,YtseJam,99534,99951,100001,101168,104584,0,0,114750,0,1646380800000,ParParPlayz,MaksymHEX,KLTD1234,BoomerVillager,YtseJam,,
169,Alternative bloons,EndOfTheRoad,skcuSnraT,YtseJam,Duke,Affter,DoesShibaCare,85218,85484,85618,86434,87134,0,0,169200,0,1646985600000,infinity,YtseJam,Duke,Affter,DoesShibaCare,,
170,Spooky Speedway,Carved,Gumball,Myszkaedzio,KLTD1234,Tobi,wthnk,161568,161884,162868,163251,163634,0,0,169200,0,1647590400000,Gumball,Myszkaedzio,KLTD1234,Tobi,SayGoodbye,,
171,Snow shovel,QuietStreet,bruh 2026,Scammed,KLTD1234,YT: Colt BTD6,Tobi,115201,116018,117201,117851,118451,0,0,128316,0,1648195200000,bruh,infinity,KLTD1234,Colt,Tobi,,
172,April Fools,Geared,YtseJam,Cal4din,Alpowk,KLTD1234,Lawrence Zhou,104218,104351,105434,105468,105501,0,0,110616,0,1648800000000,YtseJam,Cal4din,Alpowk,KLTD1234,Colt,,
173,52 Done,KartsNDarts,YT: Colt BTD6,bruh 2026,easytbh,KLTD1234,Void Termina,79718,80001,80034,80034,80818,0,0,83367,0,1649404800000,Colt,bruh,infinity,KLTD1234,MaksymHEX,,
174,Geracedo,Resort,exephur,Affter,MaksymHEX,YtseJam,Synceth3n,129451,129734,131718,131751,131818,0,0,135383,0,1650009600000,exephur,Affter,MaksymHEX,YtseJam,sYnceTH3N,,
175,Scrappy dappy doOoOO,Scrapyard,nocompetition,Gumball,YtseJam,KLTD1234,TSP,171568,174168,175134,178168,181451,0,0,194167,0,1650614400000,infinity,Gumball,YtseJam,KLTD1234,tehspeleengpolise,,
176,Balance or Chaos,Balance,YtseJam,KLTD1234,Dedenne,Tryagntmrwagn!,nocompetition,136284,136368,136518,137334,137734,0,0,140733,0,1651219200000,YtseJam,KLTD1234,Dedenne,MaksymHEX,infinity,,
177,Adorable,AdorasTemple,Gumball,KLTD1234,Eins-Bohr,Myszkaedzio,Alpowk,151218,151484,152318,152968,156518,0,0,173633,0,1651824000000,Gumball,KLTD1234,Eins-Bohr,Myszkaedzio,Alpowk,,
178,Lucky 13,WinterPark,Infinity,RoF is cracked,Myszkaedzio,KLTD1234,SuperNova,129184,129268,129868,130484,130950,0,0,133916,0,1652428800000,infinity,SayGoodbye,Myszkaedzio,KLTD1234,SuperNova,,
179,Hardened Shell ~By Ashtones,Streambed,egulio,Eins-Bohr,Ashtones,Affter,Alpowk,93484,94668,95584,95718,95934,0,0,105033,0,1653033600000,egulio,Eins-Bohr,Ashtones,Affter,Alpowk,,
180,Mr Jones,Hedge,YtseJam,KLTD1234,Affter,bruhbruh,Sarah,95168,95534,95734,95884,96301,0,0,100783,0,1653638400000,YtseJam,KLTD1234,Affter,bruhbruh,Sarah,,
181,Blimp Blimp,Haunted,YtseJam,Gumball,Alpowk,bruhbruh,KLTD1234,107218,107518,108618,108784,108968,0,0,113533,0,1654243200000,YtseJam,Gumball,Alpowk,bruhbruh,KLTD1234,,
182,Cup Race; On your mark,KartsNDarts,infinity,Gumball,exephur,YtseJam,iPad Nerd,120968,121551,121684,122268,123168,0,0,130267,0,1654848000000,infinity,Gumball,exephur,YtseJam,ParParPlayz,,
183,Cup Race; Pit Stop,InTheLoop,Eminemi,Gumball,(YT) Colt BTD6,SayGoodbye,KLTD1234,103084,103251,103451,103468,104084,0,0,113300,0,1655452800000,SuperNova,Gumball,Colt,SayGoodbye,KLTD1234,,
184,Cup Race; Jump the gun,FourCircles,infinity,iPad infinity,Cannibalism,infinity,infinity,107051,107551,108101,108301,108901,0,0,119700,0,1656057600000,Gumball,ParParPlayz,Cannibalism,Alpowk,infinity,,
185,Cup Race; Finish Line,KartsNDarts,YT Colt BTD6,Infinity,KLTD1234,infinity**(-1),Alpowk,130884,131101,131534,131568,131801,0,0,146467,0,1656662400000,Colt,infinity,KLTD1234,Josenobi,Alpowk,,
186,Corntada ~By GamingWithMrGoblin,Cornfield,Alpowk,RandyZ524,YT Colt BTD6,YtseJam,S1mp for tina,131634,131768,132001,132334,132784,0,0,146100,0,1657267200000,Alpowk,infinity,Colt,YtseJam,Gilad,,
187,Slipstream,Streambed,IAmCracked,Player,KLTD1234,i touch grass,YtseJam,151568,152001,155401,156984,159868,0,0,174483,0,1657872000000,infinity,Cannibalism,KLTD1234,SayGoodbye,YtseJam,,
188,"Reduce, Reuse, Raceycle!",Scrapyard,IAmCracked,YT Colt BTD6,YtseJam,sYnceTH3N,Sarah,86751,86951,87768,88334,88918,0,0,93650,0,1658476800000,infinity,Colt,YtseJam,sYnceTH3N,Sarah,,
189,A Townsfull Race!,TownCenter,YtseJam,bruhbruh,Alpowk,ParParPlayzYT,MonkeKiwi,117884,118551,118568,118734,121068,0,0,132116,0,1659081600000,YtseJam,bruhbruh,Alpowk,ParParPlayz,MonkeKiwi,,
190,Number One,MoonLanding,FedEx,ParParPlayzYT,YtseJam,infinityBTD6YT,bruhbruh,93668,97418,97968,100484,101201,0,0,114967,0,1659686400000,exephur,ParParPlayz,Cannibalism,infinity,bruhbruh,,
191,Taken from CT,FiringRange,infinityBTD6YT,Gumball,Lawrence_Zhao,1584883210,Cat Phase,142901,143668,147601,156734,157968,0,0,172633,0,1660291200000,infinity,Gumball,Cannibalism,1584883210,Cat Phase,,
192,The Dig Bang Theory,Quarry,infinityBTD6YT,YtseJam,YT Colt BTD6,KLTD1234,Leohgyon,104818,104818,104818,104818,104818,0,0,110050,0,1660896000000,infinity,YtseJam,Colt,KLTD1234,Leohgyon,,
193,Ice and easy,Resort,SupremeAvocado,Gumball,Irrlicht,Arcanace,1584883210,129868,130701,132151,132368,132634,0,0,136183,0,1661500800000,SupremeAvocado,Gumball,Irrlicht,Arcanace,1584883210,,
194,Downshift,Downstream,YtseJam,FedEx,Baumfall,ujugsucks,1584883210,119601,121368,121634,121934,121984,0,0,129750,0,1662105600000,YtseJam,exephur,Baumfall,Colt,1584883210,,
195,Glacial Craters,AlpineRun,exephur,YtseJam,GentleluyangSB,ISAB,Gumball,135834,136084,137434,144334,145284,0,0,152150,0,1662710400000,exephur,YtseJam,ZBGluyangYB,ISAB,Gumball,,
196,One Shot,MonkeyMeadow,Gumball,ujugsucks,Ash,Soce mybeloved,Ultra,146151,146318,148018,148068,148084,0,0,161967,0,1663315200000,Gumball,Colt,Ashtones,Gilad,Ultra,,
197,Mini Luck ~ By FuryBlade797,Workshop,AJAYA,Formalhaut,Formalhaut,Josenobi,YtseJam,95818,95818,95818,95818,95818,0,0,95816,0,1663920000000,AJAYA,Colt,Eins-Bohr,YtseJam,bruhbruh,,
198,5 0verclock 5,Balance,exephur,YT: Colt BTD6,bruhbruh,KLTD1234,Formalhaut,102751,102801,103101,104118,104584,0,0,115633,0,1664524800000,exephur,Colt,bruhbruh,KLTD1234,Eins-Bohr,,
199,Hold Four Horses,Haunted,YT: Colt BTD6,YtseJam,Leohgyon,bruhbruh,Affter,145868,148684,149068,150951,153401,0,0,166183,0,1665129600000,Colt,YtseJam,Leohgyon,bruhbruh,Affter,,
200,Mesta been fun,Mesa,Josenobi,YT: Colt BTD6,YtseJam,ISAR,Soce,153568,153584,159168,163051,163118,0,0,187767,0,1665734400000,Josenobi,Colt,YtseJam,SayGoodbye,Soce,,
201,Carvin Out Some Bloons,Carved,StopDruidRaces,YtseJam,salo,ISAR,Leohgyon,102851,103001,103101,103201,103284,0,0,104500,0,1666339200000,Colt,YtseJam,salo,SayGoodbye,Leohgyon,,
202,Window Shopping,CoveredGarden,FenixKillahFan,YtseJam,ong momentfrfr,ong momentfrfr,bruhbruh,94284,94318,94684,94868,96051,0,0,160000,0,1666944000000,Colt,YtseJam,MiStaikz,syyver,bruhbruh,,
203,"Circles, Circles, And More Circles!",FourCircles,infinitybtd6yt,infinitybtd6yt,Gumball,overcontested,Chocbox,133718,134918,135534,136234,136568,0,0,142733,0,1667548800000,infinity,Colt,Gumball,SayGoodbye,Chocbox,,
204,Big Smols,Spillway,Gumball,YtseJam,exephur,syyyyyvvvver,Gilbert2115,99384,99651,99801,100301,100418,0,0,107550,0,1668153600000,Gumball,YtseJam,exephur,syyver,Affter,,
205,ABC Thine,TheCabin,infinitybtd6yt,WorstRacerEver,Gumball,Mistaikz YT,No Competition,173401,175618,176501,179301,181084,0,0,209150,0,1668758400000,infinity,SayGoodbye,Gumball,MiStaikz,Colt,,
206,Elements ~By FuryBlade787,Cracked,uwudette,shwax,salo,Josenobi,shwax,113834,114034,115934,115951,116234,0,0,121633,0,1669363200000,Cannibalism,infinity,salo,Josenobi,ZT,,
207,Small hours residence,MidnightMansion,bruhbruh,U-Haul-My-Load,Gaylad,syyyyyvvvver,Ryujin,117934,118284,118301,118534,118601,0,0,125450,0,1669968000000,bruhbruh,exephur,Gilad,syyver,Colt,,
208,Closing Time,CoveredGarden,Ytsejam,Gumball,bruhbruh,Sevemma,Leohgyon,118434,118518,119201,119934,121368,0,0,146350,0,1670572800000,YtseJam,Gumball,bruhbruh,Soce,Leohgyon,,
209,Operational Assistance,Streambed,Mekambe,messi4wc2022,Gaylad,2 trash for top,Sarcasm,157934,161501,161518,162051,163068,0,0,174767,0,1671177600000,Affter,Cannibalism,Gilad,SayGoodbye,Sarcasm,,
210,Fightyard,Scrapyard,Gaylad,Leohgyon,chaewon,Chaewon,2 trash 4 top1,63584,64051,64568,64634,64801,0,0,68950,0,1671782400000,Gilad,Leohgyon,Soce,Colt,SayGoodbye,,
211,Rabbit go hoppity,QuietStreet,Leohgyon,exephur,iPad Nerd,2 trash 4 top1,syyyyyvvvver,107634,108684,108918,108951,109168,0,0,115867,0,1672387200000,Leohgyon,exephur,ParParPlayz,SayGoodbye,syyver,,
212,Impoppable Duos,MonkeyMeadow,seeveemma,bruhbruh,Iloveoverflow,2 trash 4 top1,Gumball,171501,171618,172501,173301,173851,0,0,188167,0,1672992000000,Soce,bruhbruh,Gilad,SayGoodbye,Gumball,,
213,Uncracked,Cracked,noob below,noob above,SayGoodbye,ZT,Sven Svensonn,114001,114268,114618,114951,115068,0,0,120400,0,1673596800000,syyver,Cannibalism,Ultra,ZT,Baumfall,,
214,B.A.D v3 ~By Leohgyon,FrozenOver,AJAYA,GentleluyangSB,Josenobi,masmaves,2 trash 4 top1,99468,99668,99984,101384,101634,0,0,149583,0,1674201600000,AJAYA,ZBGluyangSB,Josenobi,masmaves,SayGoodbye,,
215,Fear the blimp,HighFinance,egulio,Mar1o,Syyver,2 trash for top1,Monkekiwi,116951,117568,117668,117718,118034,0,0,122183,0,1674806400000,egulio,Cannibalism,syyver,SayGoodbye,MonkeKiwi,,
216,What in carnation?,LotusIsland,salo,seeveema,Leohgyon,Sven Svensonn,Monkekiwi,105151,106034,106151,106334,107018,0,0,112916,0,1675411200000,salo,Soce,Leohgyon,Baumfall,MonkeKiwi,,
217,"Out of bricks, out of sight",AnotherBrick,tsp,Duke,Gumball,salo,YT RonZissuBTD,126268,126551,126768,127001,129651,0,0,147150,0,1676016000000,tehspeleengpolise,Duke,Gumball,salo,Cannibalism,,
218,Park it right here,ParkPath,YtseJam,Tylerdex,ZT,ZT,Coltyena,124718,125451,125568,125568,125634,0,0,129433,0,1676620800000,YtseJam,TylerDex,KLTD1234,ZT,Colt,,
219,Starting one gear higher,KartsNDarts,bruhbruh,Seeveemma,Leohgyon,nksucks,aero,109851,110234,111551,112001,113484,0,0,121450,0,1677225600000,bruhbruh,Soce,Leohgyon,KLTD1234,aero,,
220,Crickety Cracked,Cracked,exephur,Guedesz,seeveemma,bruhbruh,Sarcasm,123418,124018,124034,124284,124334,0,0,132583,48513,1677830400000,exephur,guedes,Soce,bruhbruh,Sarcasm,,
221,Using the Middle to your advantage,MiddleOfTheRoad,Ytsejam,Infineeznuts,Duke,nksucks,TylerDex,81601,81918,82168,82551,83618,0,0,94533,62780,1678435200000,YtseJam,Cannibalism,Duke,KLTD1234,TylerDex,,
222,The Abyssal Plane,SunkenColumns,Vcoach,Gumball,plsgivemecoke,sevvinx,ZT (nk sucks),89001,89134,89184,89651,89818,0,0,93733,0,1679040000000,Vcoach,Gumball,bruhbruh,Soce,ZT,,
223,A different kind of Spice,SpiceIslands,ZT,Bruhbruh,YtseJam,mango,tsp,131701,131768,131768,132018,133568,0,0,143083,0,1679644800000,ZT,bruhbruh,YtseJam,Gilad,tehspeleengpolise,,
224,Cheap and Poor ~By Ash,TownCenter,canni,bruhbruh,Gumball,seeveemma,t1 when,93834,97551,97934,98168,101718,0,0,111633,0,1680249600000,Cannibalism,bruhbruh,Gumball,Soce,SayGoodbye,,
225,Egg and Spoon,OneTwoTree,YtseJam,YT: Colt BTD6,Infuriation,ZT,Affter,84768,84818,84901,85251,85334,0,0,88333,0,1680854400000,YtseJam,Colt,Infuriation,ZT,Affter,,
226,Release the beasts,FrozenOver,vueko,mango,oltra,Gumball,seeveemma,85751,86818,87468,88418,89501,0,0,99867,0,1681459200000,Cannibalism,Gilad,Ultra,Gumball,Soce,,
227,Underground Rave,Underground,Bondrewd,Sarcasm,Vcoach,nksucks,Ash,137084,138234,138518,139018,139134,0,0,144983,0,1682064000000,Cannibalism,Sarcasm,Vcoach,KLTD1234,Ashtones,,
228,"Fast Stream, Slow Flow",Streambed,Leohgyon,bruhbruh,seeveemma,aero,iPad Nerd,123701,125668,126218,126401,126601,0,0,140483,0,1682668800000,Leohgyon,bruhbruh,Soce,aero,ParParPlayz,,
229,Market Rush,Bazaar,YT: Colt BTD6,TylerDex,bruhbruh,YT: ZT BTD6,OG_Gamer2012,115351,115868,119001,120868,120901,0,0,145983,0,1683273600000,Colt,TylerDex,bruhbruh,ZT,EarthyRock,,
230,Race to the River,Downstream,Gumball,salo,nksucks,Vcoach,the syndicate,134434,135334,136884,137101,137234,0,0,144150,0,1683878400000,Gumball,salo,KLTD1234,Vcoach,Cannibalism,,
231,Not to quarry,Quarry,Vcoach,YtseJam,OG_Gamer2012,salo,btdb in 2023,115784,115818,116351,116418,116518,0,0,147667,0,1684483200000,Vcoach,YtseJam,EarthyRock,salo,Cannibalism,,
232,Tread Carefully,EndOfTheRoad,Near,ozen,bruhbruhiscute,Vcoach,Eins-Bohr,97868,98718,98868,99268,99401,0,0,108383,0,1685088000000,Sarcasm,Cannibalism,SayGoodbye,Vcoach,Eins-Bohr,,
233,Central Establishment,MiddleOfTheRoad,Wonyoung <3,Vuerueruko,Ultra,YT: ZT BTD6,Reflex,102751,103351,103534,103851,104068,0,0,110083,0,1685692800000,Colt,Cannibalism,Ultra,ZT,Reflex,,
234,Urvhwwd Vwrqh,Encrypted,infinity sucks,amiwashed,Molten Boi,Vcoach,Mertex,138033,141050,142867,144250,147883,0,0,160783,0,1686297600000,Cannibalism,infinity,Monkekiwi,Vcoach,Mertex,,
235,Camo Chaos,Skates,amiwashed,Leohgyon,Reflex,nksucks,OG_Gamer2012,141567,141683,142650,143200,145600,0,0,156533,0,1686902400000,Infinity,Leohgyon,Reflex,KLTD1234,EarthyRock,,
236,Chocolate Run,CandyFalls,hori san,Uniquepotatoes,Gumball,Vcoach,bruhbruh,135267,136400,137700,139950,140667,0,0,152950,0,1687507200000,Cannibalism,Infinity,Gumball,Vcoach,bruhbruh,,
237,Go Car,Cargo,ltra,j2w in de zhou,Vcoach,OG_Gamer2012,nksucks,101283,102216,103983,104000,105400,0,0,124116,0,1688112000000,Ultra,Gilad,Vcoach,EarthyRock,KLTD1234,,
238,Equilibrium,Balance,YT: ZT BTD6,Vcoach,ParParPlayz,PSI,OG_Gamer2012,120183,120300,121216,121267,122550,0,0,137416,0,1688716800000,ZT,Vcoach,ParParPlayz,PSI,EarthyRock,,
239,Capacity Constraints,TheCabin,Start Master 2,Sarah,ltra,PSI,aero,119516,119916,119933,119967,120167,0,0,120783,0,1689321600000,Duke,Sarah,Vcoach,PSI,Aero,,
240,The Chosen Ones,MoonLanding,damiano,Flora,Duke,tsp,Vcoach,130967,131116,131183,132833,132850,0,0,137367,0,1689926400000,Cannibalism,hlmc,Duke,TSP,Vcoach,,
241,MOAB crashers,TreeStump,khoa,Mattias,Duke,Vcoach,Ultra,128100,128983,130416,133000,133016,0,0,151683,0,1690531200000,Infinity,Cannibalism,Duke,Vcoach,Ultra,,
242,3 to the Three,FrozenOver,khaos,ok,Duke,Leohgyon,Vcoach,135767,135816,136867,137667,138183,0,0,151983,0,1691136000000,Infinity,Cannibalism,Duke,Leohgyon,Vcoach,,
243,Pierce Problems,FourCircles,the rizzler,sinead,salo,Gumball,tsp,129400,133383,133800,139950,140716,0,0,177916,0,1691740800000,Infinity,SayGoodbye,salo,Gumball,TSP,,
244,Fire and Ice R.F,Erosion,ISAB fan,kamisama,Molten Boi,Wonyoung <3,Mertex,113933,114150,114550,115467,115900,0,0,126350,0,1692345600000,Infinity,Cannibalism,Monkekiwi,Colt,Mertex,,
245,"Fast bloons, slooooow MOABs",KartsNDarts,Nerf Ace,Duke,YtseJam,borntodie,Molten Boi,135116,135150,135267,135600,136150,0,0,145750,0,1692950400000,Infinity,Duke,YtseJam,Cannibalism,Monkekiwi,,
246,Ouch indeed,#Ouch,Bean,Duke,YtseJam,nksucks,Wonyoung <3,148783,148967,150267,151733,152100,0,0,164850,0,1693555200000,Cannibalism,Duke,YtseJam,KLTD1234,Colt,,
247,"Tough bloons, tougher explosions",WinterPark,bruhbruh,holy moly,YT: ZT BTD6,btd6 no0o0o0b,seeveemma,151900,152150,152916,153333,154633,0,0,169016,0,1694160000000,bruhbruh,Mertex,ZT,SayGoodbye,Soce,,
248,Petal to the metal,LotusIsland,oops,Mertex,Leohgyon,nksucks,CT noob,125416,125783,126000,126150,126933,0,0,134250,0,1694764800000,bob,Mertex,Leohgyon,KLTD1234,CT noob,,
249,Mission Impoppable,MonkeyMeadow,Leohgyon,Ultra,nksucks,Mertex,YT: ZT BTD6,181067,181233,181350,181433,181450,0,0,188833,0,1695369600000,Leohgyon,Ultra,KLTD1234,Mertex,ZT,,
250,Splish Splash Sploosh,WaterPark,exephur,nksucks,Leohgyon,ParParPlayz,Sarcasm,160233,161050,162300,167900,167933,0,0,186900,0,1695974400000,exephur,KLTD1234,Leohgyon,ParParPlayz,Sarcasm,,
251,Shop Work,Workshop,YtseJam,Leohgyon,cannii,Ultra,Sarcasm,85033,85516,85683,85700,86150,0,0,91050,0,1696579200000,YtseJam,Leohgyon,Cannibalism,Ultra,Sarcasm,,
252,2 by 2 on the 4 by 4,FourCircles,Mertex,nksucks,Ultra,Leohgyon,Sarcasm,120167,120433,120567,121016,121467,0,0,127116,0,1697184000000,Mertex,KLTD1234,Ultra,Leohgyon,Sarcasm,,
253,Tightened Valves,Spillway,conrad cole,Duke,girlygamergal,nksucks,TylerDex,120683,122233,122683,122816,126167,0,0,135950,0,1697788800000,Cannibalism,Duke,SayGoodbye,KLTD1234,TylerDex,,
254,Season of Spooks,DarkPath,2004 Ford F350,nksucks,Myszkaedzio,tsp,TylerDex,141000,141867,143433,143750,144650,0,0,152416,0,1698393600000,Exephur,KLTD1234,Myszkaedzio,TSP,TylerDex,,
255,Novem,SunkenColumns,not Duke,YtseJam,minuscule,911RaceEnjoyer,nksucks,129900,129983,130067,130516,131767,0,0,137350,0,1698998400000,Duke,YtseJam,Cannibalism,Mertex,KLTD1234,,
256,Iced in,QuietStreet,YT ZT BTD6,Abi,Ytsejam,nksucks,RACECAR,105050,105516,105667,109216,111383,0,0,115450,0,1699603200000,ZT,Mertex,Ytsejam,KLTD1234,racecar,,
257,Military Might,FiringRange,skibimi,skibimi's alt,nksucks,tsp,Player,159283,160783,161850,165416,165833,0,0,174250,0,1700208000000,Cannibalism,Duke,KLTD1234,TSP,Player,,
258,5 at all times,Underground,ParParPlayz,Sarcasm,nksucks,Ryre,Gumball,157733,158350,158733,163733,164116,0,0,179850,0,1700812800000,ParParPlayz,Sarcasm,KLTD1234,Ryre,Gumball,,
259,Casted Away,OffTheCoast,thanh xuan,nk sucks,Gumball,tsp,aero,164233,165750,166367,167750,168000,0,0,174983,0,1701417600000,Cannibalism,KLTD1234,Gumball,TSP,Aero,,
260,Shooting Straight Ahead,AlpineRun,Leohgyon,bruhbruh,nksucks,Myszkaedzio,Kirtap,163550,165300,166216,166650,168583,0,0,181500,0,1702022400000,Leohgyon,bruhbruh,KLTD1234,Myszkaedzio,Kirtap,,
261,Hindered Start,Streambed,nami swan,nksucks,AceSucks,NERF ACE,tsp,138016,140800,140833,141667,142567,0,0,161416,0,1702627200000,Cannibalism,KLTD1234,Ultra,Leohgyon,TSP,,
262,A Very Merry Race,FrozenOver,seveemma,NERF ACE,OG_Gamer2012,nksucks,Myszkaedzio,92316,94100,94516,95250,95567,0,0,104467,0,1703232000000,Soce,Leohgyon,Earthyrock,KLTD1234,Myszkaedzio,,
263,"A New Year, a New Time to Race!",ParkPath,Infinity,Use Code SGB,sgb sucks,Use code SGB,TY SGB,125716,125850,126516,126867,127150,0,0,140167,0,1703836800000,Soce,Infinity,Leohgyon,Sarcasm,Player123,,
264,Haunting the Bloons,Haunted,Infinity,nksucks,bruhbruh,Myszkaedzio,TylerDex,166267,166767,167083,168483,170150,0,0,182200,0,1704441600000,Soce,KLTD1234,bruhbruh,Myszkaedzio,TylerDex,,
265,Closed in,Cornfield,Lawrence Zhou,bruhbruh Zhou,SayGoodBye,nksucks,tsp,140150,140333,140350,140467,141416,0,0,154467,0,1705046400000,Soce,bruhbruh,Mertex,KLTD1234,TSP,,
266,Missing end of round cash ~By Leohgyon,Logs,ytsejam,hina,Duke,nksucks,tsp,131416,131883,133850,134416,136500,0,0,149567,0,1705651200000,Cannibalism,Soce,Duke,KLTD1234,TSP,,
267,Reverse Sweep,Rake,hina,aero,bruuuuuuhbruh,nksucks,tsp,191716,191750,192900,198133,200000,0,0,233150,0,1706256000000,Soce,Aero,bruhbruh,KLTD1234,TSP,,
268,Speaking in Fives,Downstream,hina,BOMBOCLAAAAAAT,TylerDex,Leohgyon,OG_Gamer2012,168750,169683,170083,170383,170783,0,0,191133,0,1706860800000,Soce,Affter,TylerDex,Leohgyon,Earthyrock,,
269,Jones and the Loops,InTheLoop,nk sucks,TylerDex,Myszkaedzio,Shwax,tsp alt,121967,122000,122633,124033,124150,0,0,132133,0,1707465600000,KLTD1234,TylerDex,Myszkaedzio,Cannibalism,Sarah,,
270,Bouncing Time,SulfurSprings,tsp alt,Mertex,Leohgyon,tsp,OG_Gamer12,123983,125350,125450,125583,125867,0,0,136416,0,1708070400000,Sarah,Mertex,Leohgyon,TSP,EarthyRock,,
271,Corvus at the end,EndOfTheRoad,Gumball,salo,nksucks,bruuuuuubruh,ISAB,143250,143516,145600,148900,149767,0,0,164267,0,1708675200000,Gumball,salo,KLTD1234,bruhbruh,ISAB,,
272,The Backline,Cracked,Leohgyon,salo,nksucks,Josenobi,TylerDex,78950,79600,79716,79816,80683,0,0,87050,0,1709280000000,Leohgyon,salo,KLTD1234,Josenobi,TylerDex,,
273,Coasting Around,OffTheCoast,Gumball,nksucks,Leohgyon,Myszkaedzio,free feinberg,146867,147267,147516,147867,148683,0,0,155533,0,1709884800000,Gumball,KLTD1234,Leohgyon,Myszkaedzio,SayGoodbye,,
274,Racing through the mud,MuddyPuddles,Bloonpopper428,Last,nksucks,aero,tsp,140116,140633,141467,141600,142833,0,0,159833,0,1710489600000,Affter,Sarcasm,KLTD1234,Aero,TSP,,
275,Hitting Fast and Hitting Hard,Cubism,Myszkaedzio,nksucks,Haewon <3,tsp,OG_Gamer2012,142250,142733,143150,143367,143800,0,0,176800,0,1711094400000,Myszkaedzio,KLTD1234,Aero,TSP,EarthyRock,,
276,Easter Rush,SpringSpring,aero,nksucks,sad girl bunny,Wonyoung <3,AYAYA,167633,172816,173000,174033,178533,0,0,202900,0,1711699200000,aero,KLTD1234,SayGoodbye,Colt,AYAYA,,
277,Darkness Awaits,DarkCastle,nksucks,kltd rng,aero,sad girl bunny,Femboyqt2006,159367,159500,160267,160283,160367,0,0,171367,0,1712304000000,KLTD1234,Mertex,Aero,SayGoodbye,EarthyPilot,,
278,Scrapping By,Scrapyard,Gumball,Duke,NeedhHelpWHeli,nksucks,ParParPlayz,143800,144000,145267,146867,150300,0,0,157867,0,1712908800000,Gumball,Duke,Cannibalism,KLTD1234,ParParPlayz,,
279,Around the Temple we go,AdorasTemple,nksucks,Wonhee,Lawrence Zhou,Last,Leohgyon,158133,159116,159967,160033,160116,0,0,170350,0,1713513600000,KLTD1234,Ultra,EarthyPilot,Sarcasm,Leohgyon,,
280,"Steam, Dinosaurs, Magic",CastleRevenge,kltd rng,nksucks,AJAYA,Gumball,Dawid,156067,156267,157233,158116,158883,0,0,173800,0,1714118400000,Sarcasm,KLTD1234,AJAYA,Gumball,Dawid,,
281,Don't step on the Spikes,TheCabin,tsp,Player,espresso,Ytsejam,ParParPlayz,144400,145033,145533,145650,146600,0,0,173550,0,1714723200000,TSP,Player,SayGoodbye,YtseJam,ParParPlayz,,
282,The not so race towers,LotusIsland,Gumball,nksucks,Sarah,espresso,tsp,150450,152433,152916,153616,155750,0,0,191650,0,1715328000000,Gumball,KLTD1234,Sarah,SayGoodbye,TSP,,
283,Onslaught at Sea,SpiceIslands,Leohgyon,1brt,nksucks,Bloonpopper777,tsp,158983,159033,160416,162383,162650,0,0,168633,41254,1715932800000,Leohgyon,1brt,KLTD1234,SayGoodbye,TSP,,
284,Brutal Ceramics,Cracked,tsp,Gumball,Leohgyon,nksucks,Wonyoung <3,161550,162267,162467,165033,167167,0,0,196300,11102,1716537600000,TSP,Gumball,Leohgyon,KLTD1234,Colt,,
285,The Pit Crew,KartsNDarts,salo,nksucks,Wonyoung <3,Gumball,tsp,188300,188933,189450,192667,192850,0,0,224900,0,1717142400000,salo,KLTD1234,Colt,Gumball,TSP,,
286,Rushing through the lab!,Tinkerton,kldt rng prime,Random Rain,euphoria,nksucks,salo,127267,127533,127650,129283,131067,0,0,149333,18386,1717747200000,Mertex,Ajaya,Sarcasm,KLTD1234,salo,,
287,The Long Rangers,Cargo,Duke,jason luv,Leohgyon,tsp,YtseJam,159816,161683,163883,166116,169783,0,0,178616,2494,1718352000000,Duke,Cannibalism,Leohgyon,TSP,YtseJam,,
288,A VERY late start,MonkeyMeadow,YT: Colt BTD6,nksucks,salo,Gumball,Leohgyon,124733,126216,127833,128833,130216,0,0,146416,9305,1718956800000,Colt,KLTD1234,salo,Gumball,Leohgyon,,
289,Quick Support,Streambed,con artist,Duke,nksucks,Thunder1408,Necromable,148950,151467,156950,157567,162733,0,0,205983,37010,1719561600000,Cannibalism,Duke,KLTD1234,EarthyPilot,Necromable,,
290,Fried Ice,Downstream,Gumball,salo,Leohgyon,nksucks,Necromable,89867,90067,90600,91016,91267,0,0,95583,49892,1720166400000,Gumball,salo,Leohgyon,KLTD1234,Necromable,,
291,Density Insanity,FourCircles,nksucks,WORLAK  AJ!,ElGatinoSucks,Hweioah,bestproDanny11,139933,139933,139983,140016,140016,0,0,142700,59885,1720771200000,KLTD1234,Ajaya,Mertex,Hweioah,bestproDanny11,,
292,Obyns Favorites,Rake,Gumball,ParParPlayz,Player,xing er,WORLAK AJ!,200967,201083,203633,205183,205700,0,0,252050,10120,1721376000000,Gumball,ParParPlayz,Player,Xing er,Ajaya,,
293,Crater Time,MoonLanding,bloons td6,GaryRecipe,Duke,MBM,nksucks,113300,113533,113650,113900,115783,0,0,118867,42228,1721980800000,Cannibalism,GaryRecipe,Duke,MBM,KLTD1234,,
294,Speeding through the Town Square,TownCenter,tsp,Gumball,Leohgyon,nksucks,Myszkaedzio,108650,109050,109083,111883,112416,0,0,121600,22991,1722585600000,TSP,Gumball,Leohgyon,KLTD1234,Myszkaedzio,,
295,The Olympics!,KartsNDarts,el cocinero,baseballhitter,imagine cheats,salo,dawid t1,153750,153967,155416,158900,162616,0,0,170267,23634,1723190400000,Gumball,Cannibalism,LegendaryTomato,salo,SayGoodbye,,
296,Mermonkey Splashes In!,LuminousCove,nksucks,Necromable,Leohgyon,salo,Dawid,101700,102967,103083,103216,103667,0,0,106100,44175,1723795200000,KLTD1234,Necromable,Leohgyon,salo,Dawid,,
297,Carving out a run,Carved,Gumball,nksucks,Dawid,isab,OatsFX,121233,122267,123767,124383,124500,0,0,127750,0,1724400000000,Gumball,KLTD1234,Dawid,SayGoodbye,OatsFX,,
298,Admiral at the Market,Bazaar,Wazamonogatari,Necromable,GaryRecipe,Duke,AYAYA SUCKS,119233,120583,120733,120816,121016,0,0,135533,0,1725004800000,Cannibalism,Necromable,GaryRecipe,Duke,LegendaryTomato,,
299,Ceramic Flood ~By FuryBlade787,Cubism,OG_Gamer2012,Leohgyon,Dawid T1,Mikshake,Dawid T1,115483,115633,115833,116067,116333,0,0,124716,7845,1725609600000,EarthyRock,Leohgyon,Myszkaedzio,Mikshake,Dawid,,
300,A very fast Hedge,Hedge,nksucks,Leohgyon,tehspeleengpol,Tobi,Fiat Panda Buy,174900,175483,177333,182067,184533,0,0,198467,14265,1726214400000,KLTD1234,Leohgyon,Cannibalism,Tobi,Affter,,
301,Three Four Five,OneTwoTree,Leohgyon,1brt,nksucks,Gumball,Femboyqt2006,124616,125067,126133,126683,127267,0,0,132216,52945,1726819200000,Leohgyon,1brt,KLTD1234,Gumball,Myszkaedzio,,
302,Frozen Craters,MoonLanding,Necromable,nksucks,Gumball,Dawid,Dawid T1,96616,97067,97100,97700,99183,0,0,113100,0,1727424000000,Necromable,KLTD1234,Gumball,Dawid,Parparplayz,,
303,Fast Platforms,Sanctuary,Leohgyon,tsp,nksucks,Gumball,Necromable,120567,121933,123516,126416,127967,0,0,142367,14659,1728028800000,Leohgyon,TSP,KLTD1234,Gumball,Necromable,,
304,"Spikes, Caltrops and More!",EndOfTheRoad,Gumball,nksucks,Necromable,1brt,24:15 fortress,145816,146667,147467,148600,148950,0,0,154967,0,1728633600000,Gumball,KLTD1234,Necromable,1brt,SayGoodbye,,
305,Quincy's Mountain Run,AlpineRun,Necromable,Leohgyon,nksucks,FAST TRACK SGB,Dawid T1,94700,96167,96467,98867,98867,0,0,113567,0,1729238400000,Necromable,Leohgyon,KLTD1234,Cannibalism,ParParPlayz,,
306,Pierce Problems Vol 2,LuminousCove,Gumball,Necromable,HAZHOUWEEN,Mortar Micro 2,og_gamer2007,150767,151200,152433,152683,152733,0,0,162150,28943,1729843200000,Gumball,Necromable,Cannibalism,Dawid,SayGoodbye,,
307,Ancient Strategies,AncientPortal,Gumball,salo,og_gamer2007,Dawid,Dawid T1,112800,113750,114800,115633,116400,0,0,124083,9062,1730448000000,Gumball,salo,SayGoodbye,Dawid,ParParPlayz,,
308,Some Extra Spice Please,SpiceIslands,KLTD1234,Gumball,Turtles,Necromable,Fanum Tax,106816,106967,107583,107700,108983,0,0,116516,3145,1731052800000,KLTD1234,Gumball,Turtles,Necromable,trollification,,
309,Decrypted,Encrypted,WorstRaceEver,KLTD1234,Gumball,nkreallysucks,OG_Gamer2012,100150,100416,101450,101683,101700,0,0,108200,8283,1731657600000,Leohgyon,Dawid,Gumball,trollification,EarthyRock,,
310,"Quiet, but Quick",QuietStreet,nksucks,Gumball,Necromable,Dawid,MR. SUE,130883,131667,132250,132500,133216,0,0,136350,10767,1732262400000,KLTD1234,Gumball,Necromable,Dawid,GaTo314,,
311,Super Monkey and Pals,Logs,Phoenixpopper7,SuplierZWTF,Gumball,ParParPlayz-YT,Dawid,169080,169500,171833,172050,172510,0,0,198600,0,1732867200000,SayGoodbye,trollification,Gumball,ParParPlayz,Dawid,,
312,Line Em Up,KartsNDarts,Near,SuplierZWTF,nksucks,Raider,Necromable,125250,125500,126450,126517,128017,0,0,142467,41194,1733472000000,https://data.ninjakiwi.com/btd6/users/9fbf4582899ff8a64c40864d0c73e071c55119be9e45df3b,https://data.ninjakiwi.com/btd6/users/9fbb438b8a90f8a01e148d4d5e70e073cf554fbacf188c6e,https://data.ninjakiwi.com/btd6/users/9ced11d9df93faa44e40864e0d7bb776ce054fea9914d16e,https://data.ninjakiwi.com/btd6/users/9fbc44d8dd97fbf64c11871e0e27e7249d5215bb9914de31,https://data.ninjakiwi.com/btd6/users/9cee14de8ec5aba31e40881a0e71ee76cf514bbfca14d83c,https://data.ninjakiwi.com/btd6/races/Line_Em_Up_m4c25eno/leaderboard,https://data.ninjakiwi.com/btd6/races/Line_Em_Up_m4c25eno/metadata
313,Monkeys and Machines,Tinkerton,Near,Gumball,Myszkaedzio,nksucks,SuplierZWTF,116283,116683,116717,116800,116850,0,0,120867,41072,1734076800000,https://data.ninjakiwi.com/btd6/users/9fbf4582899ff8a64c40864d0c73e071c55119be9e45df3b,https://data.ninjakiwi.com/btd6/users/9cbb1ed88a90aba61e47db4c0c73b571ce0d1fb89b17dc3f,https://data.ninjakiwi.com/btd6/users/9ce917898bc4aaac10108b4b5626e77ec9564ebd96148e6c,https://data.ninjakiwi.com/btd6/users/9ced11d9df93faa44e40864e0d7bb776ce054fea9914d16e,https://data.ninjakiwi.com/btd6/users/9fbb438b8a90f8a01e148d4d5e70e073cf554fbacf188c6e,https://data.ninjakiwi.com/btd6/races/Monkeys_and_Machines_m4koonys/leaderboard,https://data.ninjakiwi.com/btd6/races/Monkeys_and_Machines_m4koonys/metadata
314,Treet Yourself Extreme Edition,OneTwoTree,nksucks,espresso :),SuplierZWTF,Necromable,J DOT BREEZY,148350,150883,152283,153967,154383,0,0,179950,5900,1734681600000,https://data.ninjakiwi.com/btd6/users/9ced11d9df93faa44e40864e0d7bb776ce054fea9914d16e,https://data.ninjakiwi.com/btd6/users/9fbf43d9d796aaac1c41de4e5e7be672cc511aeacc138a39,https://data.ninjakiwi.com/btd6/users/9fbb438b8a90f8a01e148d4d5e70e073cf554fbacf188c6e,https://data.ninjakiwi.com/btd6/users/9cee14de8ec5aba31e40881a0e71ee76cf514bbfca14d83c,https://data.ninjakiwi.com/btd6/users/9fb91e8bda97afa04b14dd180a76e7219e0d19b497108e6c,https://data.ninjakiwi.com/btd6/races/Treet_Yourself_Extreme_Edition_m4ukr9d4/leaderboard,https://data.ninjakiwi.com/btd6/races/Treet_Yourself_Extreme_Edition_m4ukr9d4/metadata
315,Attack from the Yacht!,ProtectTheYacht,nksucks,Dawid,ParParPlayz-YT,SuplierZWTF,Near,131300,132417,132717,132967,133433,0,0,141733,23836,1735200000000,https://data.ninjakiwi.com/btd6/users/9ced11d9df93faa44e40864e0d7bb776ce054fea9914d16e,https://data.ninjakiwi.com/btd6/users/9fbc44d8dd97fbf64c11871e0e27e7249d5215bb9914de31,https://data.ninjakiwi.com/btd6/users/9ce9178c8c91fba34b47d94e0d26e576c9011dbe9a41da3b,https://data.ninjakiwi.com/btd6/users/9fbb438b8a90f8a01e148d4d5e70e073cf554fbacf188c6e,https://data.ninjakiwi.com/btd6/users/9fbf4582899ff8a64c40864d0c73e071c55119be9e45df3b,https://data.ninjakiwi.com/btd6/races/Attack_from_the_Yacht_m4unba5k/leaderboard,https://data.ninjakiwi.com/btd6/races/Attack_from_the_Yacht_m4unba5k/metadata
316,A Magical New Year,TownCenter,Oh you,give him,hawk zhoua,Lawrence,Necromable,126283,128100,128217,129417,129533,0,0,149233,32275,1735891200000,https://data.ninjakiwi.com/btd6/users/9cb8438cd89fafa21a468c4c0d72ee23cc504fb9cf11de69,https://data.ninjakiwi.com/btd6/users/9fb91e8bda97afa04b14dd180a76e7219e0d19b497108e6c,https://data.ninjakiwi.com/btd6/users/9ceb1182899ffda110108f4c0a22e770980514ed9e428c3d,https://data.ninjakiwi.com/btd6/users/9ce9178c8c91fba34b47d94e0d26e576c9011dbe9a41da3b,https://data.ninjakiwi.com/btd6/users/9cee14de8ec5aba31e40881a0e71ee76cf514bbfca14d83c,https://data.ninjakiwi.com/btd6/races/A_Magical_New_Year_m4und90r/leaderboard,https://data.ninjakiwi.com/btd6/races/A_Magical_New_Year_m4und90r/metadata
317,Corvus Carry,Carved,Gumball,hawk lota,nksucks,chocbox,Kirtap,101100,102867,111883,117300,120667,0,0,140200,23817,1736496000000,https://data.ninjakiwi.com/btd6/users/9cbb1ed88a90aba61e47db4c0c73b571ce0d1fb89b17dc3f,https://data.ninjakiwi.com/btd6/users/9fbf43d9d796aaac1c41de4e5e7be672cc511aeacc138a39,https://data.ninjakiwi.com/btd6/users/9ced11d9df93faa44e40864e0d7bb776ce054fea9914d16e,https://data.ninjakiwi.com/btd6/users/9ced1583db93a8f74e11db4b097bb27ecb0018e998438e6d,https://data.ninjakiwi.com/btd6/users/9ced11dfdb92fea41b4ad94e5675e474cd014fb4cc138a3b,https://data.ninjakiwi.com/btd6/races/Corvus_Carry_m5kieee9/leaderboard,https://data.ninjakiwi.com/btd6/races/Corvus_Carry_m5kieee9/metadata
318,Explosive Chaos,MonkeyMeadow,hawk zhoua,nksucks,Trollification,lychworstboss,Leohgyon,127350,127550,128067,128450,128600,1,0,137350,48183,1737100800000,https://data.ninjakiwi.com/btd6/users/9ceb1182899ffda110108f4c0a22e770980514ed9e428c3d,https://data.ninjakiwi.com/btd6/users/9ced11d9df93faa44e40864e0d7bb776ce054fea9914d16e,https://data.ninjakiwi.com/btd6/users/9fba4582da95acf11114dc495b7ae67e98014eed9e148a6e,https://data.ninjakiwi.com/btd6/users/9fbf43d9d796aaac1c41de4e5e7be672cc511aeacc138a39,https://data.ninjakiwi.com/btd6/users/9fbf108389c2f0f11b44d94c5d74e771c5001eef9a42dc6e,https://data.ninjakiwi.com/btd6/races/Explosive_Chaos_m5zqcej5/leaderboard,https://data.ninjakiwi.com/btd6/races/Explosive_Chaos_m5zqcej5/metadata
319,Fast Fossils,Quarry,Necromable,ParParPlayz-YT,Dawid,nksucks,Duke,101483,101533,101867,102150,102383,0,0,110133,39852,1737705600000,https://data.ninjakiwi.com/btd6/users/9cee14de8ec5aba31e40881a0e71ee76cf514bbfca14d83c,https://data.ninjakiwi.com/btd6/users/9ce9178c8c91fba34b47d94e0d26e576c9011dbe9a41da3b,https://data.ninjakiwi.com/btd6/users/9fbc44d8dd97fbf64c11871e0e27e7249d5215bb9914de31,https://data.ninjakiwi.com/btd6/users/9ced11d9df93faa44e40864e0d7bb776ce054fea9914d16e,https://data.ninjakiwi.com/btd6/users/9fb945dedcc4aaad4e11dd185b77e67fc90d1fe99a19df3a,https://data.ninjakiwi.com/btd6/races/Fast_Fossils_m69mm1vp/leaderboard,https://data.ninjakiwi.com/btd6/races/Fast_Fossils_m69mm1vp/metadata
320,"Sunk in, one at a time",SunkenColumns,Leohgyon,blue,nksucks,Myszkaedzio,tsp,96017,96633,96633,96700,100817,0,0,109667,29538,1738310400000,https://data.ninjakiwi.com/btd6/users/9fbf108389c2f0f11b44d94c5d74e771c5001eef9a42dc6e,https://data.ninjakiwi.com/btd6/users/9fbf4582899ff8a64c40864d0c73e071c55119be9e45df3b,https://data.ninjakiwi.com/btd6/users/9ced11d9df93faa44e40864e0d7bb776ce054fea9914d16e,https://data.ninjakiwi.com/btd6/users/9ce917898bc4aaac10108b4b5626e77ec9564ebd96148e6c,https://data.ninjakiwi.com/btd6/users/9ced108c8e93faa54b46da4d5626b723cd004eeacd10de3d,https://data.ninjakiwi.com/btd6/races/Sunk_in_one_at_a_time_m6j30kfp/leaderboard,https://data.ninjakiwi.com/btd6/races/Sunk_in_one_at_a_time_m6j30kfp/metadata
321,Rush Hour at the Park,ParkPath,nksucks,GaryRecipe,Myszkaedzio,Leohgyon,el_gatino,129567,129767,129900,130833,131383,0,0,136133,42412,1738915200000,https://data.ninjakiwi.com/btd6/users/9ced11d9df93faa44e40864e0d7bb776ce054fea9914d16e,https://data.ninjakiwi.com/btd6/users/9fbb468addc5f1f71c1088485f7bb724ca0214b99d138e69,https://data.ninjakiwi.com/btd6/users/9ce917898bc4aaac10108b4b5626e77ec9564ebd96148e6c,https://data.ninjakiwi.com/btd6/users/9fbf108389c2f0f11b44d94c5d74e771c5001eef9a42dc6e,https://data.ninjakiwi.com/btd6/users/9fbf43d9d796aaac1c41de4e5e7be672cc511aeacc138a39,https://data.ninjakiwi.com/btd6/races/Rush_Hour_at_the_Park_m6szj540/leaderboard,https://data.ninjakiwi.com/btd6/races/Rush_Hour_at_the_Park_m6szj540/metadata
322,For want of a Glade,EnchantedGlade,nksucks,Myszkaedzio,blue,el_gatino,Hyper,132483,134367,134417,134783,137633,0,0,152583,23691,1739520000000,https://data.ninjakiwi.com/btd6/users/9ced11d9df93faa44e40864e0d7bb776ce054fea9914d16e,https://data.ninjakiwi.com/btd6/users/9ce917898bc4aaac10108b4b5626e77ec9564ebd96148e6c,https://data.ninjakiwi.com/btd6/users/9fbf4582899ff8a64c40864d0c73e071c55119be9e45df3b,https://data.ninjakiwi.com/btd6/users/9fbf43d9d796aaac1c41de4e5e7be672cc511aeacc138a39,https://data.ninjakiwi.com/btd6/users/9cb813d88d9ffaa44d45da435f76b576cc0d1dbb9816d139,https://data.ninjakiwi.com/btd6/races/For_want_of_a_Glade_m72dx6gi/leaderboard,https://data.ninjakiwi.com/btd6/races/For_want_of_a_Glade_m72dx6gi/metadata
323,"2 Lanes, 1 Tower for each",WaterPark,nksucks,Leohgyon,Myszkaedzio,Dawid,el_gatino,105917,105967,107067,107167,108200,0,0,116250,19364,1740124800000,https://data.ninjakiwi.com/btd6/users/9ced11d9df93faa44e40864e0d7bb776ce054fea9914d16e,https://data.ninjakiwi.com/btd6/users/9fbf108389c2f0f11b44d94c5d74e771c5001eef9a42dc6e,https://data.ninjakiwi.com/btd6/users/9ce917898bc4aaac10108b4b5626e77ec9564ebd96148e6c,https://data.ninjakiwi.com/btd6/users/9fbc44d8dd97fbf64c11871e0e27e7249d5215bb9914de31,https://data.ninjakiwi.com/btd6/users/9fbf43d9d796aaac1c41de4e5e7be672cc511aeacc138a39,https://data.ninjakiwi.com/btd6/races/2_Lanes_1_Tower_for_each_m7ce345e/leaderboard,https://data.ninjakiwi.com/btd6/races/2_Lanes_1_Tower_for_each_m7ce345e/metadata
324,The Lone Ice Monkey,WinterPark,Gumball,nksucks,Hweioah,Hi. AJ,Trollification,142650,144533,145067,146283,146300,1,0,160233,38927,1740729600000,https://data.ninjakiwi.com/btd6/users/9cbb1ed88a90aba61e47db4c0c73b571ce0d1fb89b17dc3f,https://data.ninjakiwi.com/btd6/users/9ced11d9df93faa44e40864e0d7bb776ce054fea9914d16e,https://data.ninjakiwi.com/btd6/users/9cee14da8c90f1a2194bd943587be371ce511ebbcd10dc39,https://data.ninjakiwi.com/btd6/users/9fbd118b8bc5aaa21a4b8c4a5672e375ca034eb5ca188c31,https://data.ninjakiwi.com/btd6/users/9fba4582da95acf11114dc495b7ae67e98014eed9e148a6e,https://data.ninjakiwi.com/btd6/races/The_Lone_Ice_Monkey_m7o0h27m/leaderboard,https://data.ninjakiwi.com/btd6/races/The_Lone_Ice_Monkey_m7o0h27m/metadata
325,The Long Haul,SulfurSprings,DawidT1,blue,Zora,j3nnyy,nksucks,115750,116483,118850,118950,119183,1,0,143100,10875,1741334400000,https://data.ninjakiwi.com/btd6/users/9fbc44d8dd97fbf64c11871e0e27e7249d5215bb9914de31,https://data.ninjakiwi.com/btd6/users/9fbf4582899ff8a64c40864d0c73e071c55119be9e45df3b,https://data.ninjakiwi.com/btd6/users/9fba17dfdb97acf14d4b864d0a7ae17299031bbc96198d3b,https://data.ninjakiwi.com/btd6/users/9fb81e838a97adad1f14dd190a73b524c9044eb99618db3b,https://data.ninjakiwi.com/btd6/users/9ced11d9df93faa44e40864e0d7bb776ce054fea9914d16e,https://data.ninjakiwi.com/btd6/races/The_Long_Haul_m7wqrnmz/leaderboard,https://data.ninjakiwi.com/btd6/races/The_Long_Haul_m7wqrnmz/metadata
326,Protect the Stump!,TreeStump,j3nnyy,nksucks,Myszkaedzio,hello :),Gumball,141217,141750,142533,143083,143517,1,0,163767,41011,1741939200000,https://data.ninjakiwi.com/btd6/users/9fb81e838a97adad1f14dd190a73b524c9044eb99618db3b,https://data.ninjakiwi.com/btd6/users/9ced11d9df93faa44e40864e0d7bb776ce054fea9914d16e,https://data.ninjakiwi.com/btd6/users/9ce917898bc4aaac10108b4b5626e77ec9564ebd96148e6c,https://data.ninjakiwi.com/btd6/users/9fbf43d9d796aaac1c41de4e5e7be672cc511aeacc138a39,https://data.ninjakiwi.com/btd6/users/9cbb1ed88a90aba61e47db4c0c73b571ce0d1fb89b17dc3f,https://data.ninjakiwi.com/btd6/races/Protect_the_Stump_m87qnjy9/leaderboard,https://data.ninjakiwi.com/btd6/races/Protect_the_Stump_m87qnjy9/metadata
327,Hey I'm portaling here,AncientPortal,DawidT1,Leohgyon,ParParPlayz-YT,nksucks,OG_Gamer2012,135817,136717,136850,137183,137667,0,0,150383,23764,1742544000000,https://data.ninjakiwi.com/btd6/users/9fbc44d8dd97fbf64c11871e0e27e7249d5215bb9914de31,https://data.ninjakiwi.com/btd6/users/9fbf108389c2f0f11b44d94c5d74e771c5001eef9a42dc6e,https://data.ninjakiwi.com/btd6/users/9ce9178c8c91fba34b47d94e0d26e576c9011dbe9a41da3b,https://data.ninjakiwi.com/btd6/users/9ced11d9df93faa44e40864e0d7bb776ce054fea9914d16e,https://data.ninjakiwi.com/btd6/users/9ceb41da8c91fff41c46db495c26e770990c1eb8ca108d3b,https://data.ninjakiwi.com/btd6/races/Hey_Im_portaling_here_m8hq1ex1/leaderboard,https://data.ninjakiwi.com/btd6/races/Hey_Im_portaling_here_m8hq1ex1/metadata
328,Churchill on the Track,FourCircles,nksucks,Gumball,Leohgyon,last,tsp,144050,145633,146117,146767,149150,0,0,165400,27648,1743148800000,https://data.ninjakiwi.com/btd6/users/9ced11d9df93faa44e40864e0d7bb776ce054fea9914d16e,https://data.ninjakiwi.com/btd6/users/9cbb1ed88a90aba61e47db4c0c73b571ce0d1fb89b17dc3f,https://data.ninjakiwi.com/btd6/users/9fbf108389c2f0f11b44d94c5d74e771c5001eef9a42dc6e,https://data.ninjakiwi.com/btd6/users/9fbf4582899ff8a64c40864d0c73e071c55119be9e45df3b,https://data.ninjakiwi.com/btd6/users/9ced108c8e93faa54b46da4d5626b723cd004eeacd10de3d,https://data.ninjakiwi.com/btd6/races/Churchill_on_the_Track_m8qeblg5/leaderboard,https://data.ninjakiwi.com/btd6/races/Churchill_on_the_Track_m8qeblg5/metadata
329,Speedy Logs,Logs,j3nnyy,nksucks,Myszkaedzio,Leohgyon,i am rubbish,114100,114150,114500,114767,115617,0,0,121083,27103,1743753600000,https://data.ninjakiwi.com/btd6/users/9fb81e838a97adad1f14dd190a73b524c9044eb99618db3b,https://data.ninjakiwi.com/btd6/users/9ced11d9df93faa44e40864e0d7bb776ce054fea9914d16e,https://data.ninjakiwi.com/btd6/users/9ce917898bc4aaac10108b4b5626e77ec9564ebd96148e6c,https://data.ninjakiwi.com/btd6/users/9fbf108389c2f0f11b44d94c5d74e771c5001eef9a42dc6e,https://data.ninjakiwi.com/btd6/users/9fbf43d9d796aaac1c41de4e5e7be672cc511aeacc138a39,https://data.ninjakiwi.com/btd6/races/Speedy_Logs_m912pa1w/leaderboard,https://data.ninjakiwi.com/btd6/races/Speedy_Logs_m912pa1w/metadata
330,No Eye For You,Polyphemus,Dawid,OatsFX,nksucks,Player,OG_Gamer2012,119783,120267,120417,120600,120650,1,0,123400,33284,1744358400000,https://data.ninjakiwi.com/btd6/users/9fbc44d8dd97fbf64c11871e0e27e7249d5215bb9914de31,https://data.ninjakiwi.com/btd6/users/9fbf128f8cc5fcf61c14894f5a25e5259a521fbf9743d96e,https://data.ninjakiwi.com/btd6/users/9ced11d9df93faa44e40864e0d7bb776ce054fea9914d16e,https://data.ninjakiwi.com/btd6/users/9fbf46d9db94f0ac1b11dc4f5672e576ca5719be9619d16a,https://data.ninjakiwi.com/btd6/users/9ceb41da8c91fff41c46db495c26e770990c1eb8ca108d3b,https://data.ninjakiwi.com/btd6/races/No_Eye_For_You_m99oguxv/leaderboard,https://data.ninjakiwi.com/btd6/races/No_Eye_For_You_m99oguxv/metadata
331,Trimming the Hedge,Hedge,Gumball,last,OG_Gamer2012,Pringleman :),TheChinese,119767,120250,120483,120500,120733,1,0,124183,40438,1744963200000,https://data.ninjakiwi.com/btd6/users/9cbb1ed88a90aba61e47db4c0c73b571ce0d1fb89b17dc3f,https://data.ninjakiwi.com/btd6/users/9fbf4582899ff8a64c40864d0c73e071c55119be9e45df3b,https://data.ninjakiwi.com/btd6/users/9ceb41da8c91fff41c46db495c26e770990c1eb8ca108d3b,https://data.ninjakiwi.com/btd6/users/9ce9468ad6c2ffad1c168e1f0e20e521cd0c1bedc813d03d,https://data.ninjakiwi.com/btd6/users/9fbc44d8dd97fbf64c11871e0e27e7249d5215bb9914de31,https://data.ninjakiwi.com/btd6/races/Trimming_the_Hedge_m9l3g3k0/leaderboard,https://data.ninjakiwi.com/btd6/races/Trimming_the_Hedge_m9l3g3k0/metadata
332,Alpine Skedaddle,AlpineRun,Myszkaedzio,PryHyperDry,OG_Gamer2012,i am rubbish,ALCOHOLISM,107617,107683,109183,109300,109550,0,0,131667,38127,1745568000000,https://data.ninjakiwi.com/btd6/users/9ce917898bc4aaac10108b4b5626e77ec9564ebd96148e6c,https://data.ninjakiwi.com/btd6/users/9fb8458d8a93acf1491186195621e274cc564eb49916d03a,https://data.ninjakiwi.com/btd6/users/9ceb41da8c91fff41c46db495c26e770990c1eb8ca108d3b,https://data.ninjakiwi.com/btd6/users/9fbf43d9d796aaac1c41de4e5e7be672cc511aeacc138a39,https://data.ninjakiwi.com/btd6/users/9fb81e8fdb94acf71a178b4d0b76e7719a561bba9e41d131,https://data.ninjakiwi.com/btd6/races/Alpine_Skedaddle_m9totvop/leaderboard,https://data.ninjakiwi.com/btd6/races/Alpine_Skedaddle_m9totvop/metadata
333,Cross Country,Downstream,PryHyperDry,warriorsin7,i am rubbish,I know,nksucks,129083,130000,130433,131233,131517,0,0,141450,38153,1746172800000,https://data.ninjakiwi.com/btd6/users/9fb8458d8a93acf1491186195621e274cc564eb49916d03a,https://data.ninjakiwi.com/btd6/users/9fbf4582899ff8a64c40864d0c73e071c55119be9e45df3b,https://data.ninjakiwi.com/btd6/users/9fbf43d9d796aaac1c41de4e5e7be672cc511aeacc138a39,https://data.ninjakiwi.com/btd6/users/9ced11dfdb92fea41b4ad94e5675e474cd014fb4cc138a3b,https://data.ninjakiwi.com/btd6/users/9ced11d9df93faa44e40864e0d7bb776ce054fea9914d16e,https://data.ninjakiwi.com/btd6/races/Cross_Country_ma3ozous/leaderboard,https://data.ninjakiwi.com/btd6/races/Cross_Country_ma3ozous/metadata
334,Sugar Rush,CandyFalls,360kg,Nksucks,meg and dia,Mertex,Mertex,106533,106750,107000,107067,107517,0,0,114400,49644,1746777600000,https://data.ninjakiwi.com/btd6/users/9fb8458d8a93acf1491186195621e274cc564eb49916d03a,https://data.ninjakiwi.com/btd6/users/9ced11d9df93faa44e40864e0d7bb776ce054fea9914d16e,https://data.ninjakiwi.com/btd6/users/9fbf43d9d796aaac1c41de4e5e7be672cc511aeacc138a39,https://data.ninjakiwi.com/btd6/users/9fbf4582899ff8a64c40864d0c73e071c55119be9e45df3b,https://data.ninjakiwi.com/btd6/users/9fbc44d8dd97fbf64c11871e0e27e7249d5215bb9914de31,https://data.ninjakiwi.com/btd6/races/Sugar_Rush_maf5av1k/leaderboard,https://data.ninjakiwi.com/btd6/races/Sugar_Rush_maf5av1k/metadata
335,You can say it gets pretty BAD,MoonLanding,Mertex,OG_Gamer2012,D,PryHyperDry,black sheep,109850,110733,110783,110833,111100,0,0,137333,7183,1747382400000,https://data.ninjakiwi.com/btd6/users/9fbc12ddd69ff1a41d448b4a0972e072cd554feacd12dc30,https://data.ninjakiwi.com/btd6/users/9ceb41da8c91fff41c46db495c26e770990c1eb8ca108d3b,https://data.ninjakiwi.com/btd6/users/9fbc44d8dd97fbf64c11871e0e27e7249d5215bb9914de31,https://data.ninjakiwi.com/btd6/users/9fb8458d8a93acf1491186195621e274cc564eb49916d03a,https://data.ninjakiwi.com/btd6/users/9fbf43d9d796aaac1c41de4e5e7be672cc511aeacc138a39,https://data.ninjakiwi.com/btd6/races/maqhx5vr/leaderboard,https://data.ninjakiwi.com/btd6/races/maqhx5vr/metadata
336,"Iced in, Locked in",KartsNDarts,Nksucks,Leohgyon,PryHyperDry,David,:D,147133,148133,148217,149000,149533,0,0,166417,26510,1747965600000,https://data.ninjakiwi.com/btd6/users/9ced11d9df93faa44e40864e0d7bb776ce054fea9914d16e,https://data.ninjakiwi.com/btd6/users/9fbf108389c2f0f11b44d94c5d74e771c5001eef9a42dc6e,https://data.ninjakiwi.com/btd6/users/9fb8458d8a93acf1491186195621e274cc564eb49916d03a,https://data.ninjakiwi.com/btd6/users/9fbc44d8dd97fbf64c11871e0e27e7249d5215bb9914de31,https://data.ninjakiwi.com/btd6/users/9fbd11d98a94a8a64941dd495e27e675ce5614bd9745df6e,https://data.ninjakiwi.com/btd6/races/Iced_in_Locked_in_maztzir3/leaderboard,https://data.ninjakiwi.com/btd6/races/Iced_in_Locked_in_maztzir3/metadata
337,Fast Resort,LastResort,kltd crashout,tsp mo,OG_Gamer2012,Nksucks,AJAYA,135683,138800,141717,141850,142133,0,9,151517,11020,1748570400000,https://data.ninjakiwi.com/btd6/users/9fb8458d8a93acf1491186195621e274cc564eb49916d03a,https://data.ninjakiwi.com/btd6/users/9fbf4582899ff8a64c40864d0c73e071c55119be9e45df3b,https://data.ninjakiwi.com/btd6/users/9ceb41da8c91fff41c46db495c26e770990c1eb8ca108d3b,https://data.ninjakiwi.com/btd6/users/9ced11d9df93faa44e40864e0d7bb776ce054fea9914d16e,https://data.ninjakiwi.com/btd6/users/9ceb41de8a94f8a61c4b8f4a097be173c9071cea9c10db69,https://data.ninjakiwi.com/btd6/races/Fast_Resort_mb7cmqj3/leaderboard,https://data.ninjakiwi.com/btd6/races/Fast_Resort_mb7cmqj3/metadata
338,"Two Stranded, Too Stranded?",SpiceIslands,999b solarmass,Mikshake 2,syyver,Mikshake,Mikshake T3,126150,126600,128083,129417,130267,0,6,140833,32413,1749175200000,https://data.ninjakiwi.com/btd6/users/9fb8458d8a93acf1491186195621e274cc564eb49916d03a,https://data.ninjakiwi.com/btd6/users/9fbc44d8dd97fbf64c11871e0e27e7249d5215bb9914de31,https://data.ninjakiwi.com/btd6/users/9fb81e838a97adad1f14dd190a73b524c9044eb99618db3b,https://data.ninjakiwi.com/btd6/users/9ced42dadd91a8a31d4b8b4c5625b770cd001bbdcd13d96c,https://data.ninjakiwi.com/btd6/users/9cb8438cd89fafa21a468c4c0d72ee23cc504fb9cf11de69,https://data.ninjakiwi.com/btd6/races/Two_Stranded_Too_Stranded_mbh9mmiq/leaderboard,https://data.ninjakiwi.com/btd6/races/Two_Stranded_Too_Stranded_mbh9mmiq/metadata
339,Line After Line,#Ouch,Baumfall,Plant BROI,13587738523,syyver,Unempl*yment,175433,184400,184617,188000,189917,0,13,283800,1689,1749780000000,https://data.ninjakiwi.com/btd6/users/9fb8458d8a93acf1491186195621e274cc564eb49916d03a,https://data.ninjakiwi.com/btd6/users/9cb8438cd89fafa21a468c4c0d72ee23cc504fb9cf11de69,https://data.ninjakiwi.com/btd6/users/9fbd10dfdfc0aff319458c495b7ae726cb521ab49f108e30,https://data.ninjakiwi.com/btd6/users/9fb81e838a97adad1f14dd190a73b524c9044eb99618db3b,https://data.ninjakiwi.com/btd6/users/9fbc44d8dd97fbf64c11871e0e27e7249d5215bb9914de31,https://data.ninjakiwi.com/btd6/races/Line_After_Line_mbtm1se5/leaderboard,https://data.ninjakiwi.com/btd6/races/Line_After_Line_mbtm1se5/metadata
340,Metal Works,Streambed,13587738523,Bryson Zhou,okcin6,banananananana,elaina zhou,159050,159933,161167,161567,161667,0,3,182233,18007,1750384800000,https://data.ninjakiwi.com/btd6/users/9fbd10dfdfc0aff319458c495b7ae726cb521ab49f108e30,https://data.ninjakiwi.com/btd6/users/9fb8458d8a93acf1491186195621e274cc564eb49916d03a,https://data.ninjakiwi.com/btd6/users/9fbf4582899ff8a64c40864d0c73e071c55119be9e45df3b,https://data.ninjakiwi.com/btd6/users/9fb8148ed793aaa64b468f190c20e77fcc024bbd9d438d39,https://data.ninjakiwi.com/btd6/users/9fbd10d98dc7aff71d408d4c5b25e424c45748bd9d16d03c,https://data.ninjakiwi.com/btd6/races/Metal_Works_mc2gk5lh/leaderboard,https://data.ninjakiwi.com/btd6/races/Metal_Works_mc2gk5lh/metadata
341,Need a hand pardner?,MonkeyMeadow,Player,troll vs china,StarX,AJAYA,isab,120400,120783,121050,121167,121500,1,9,149750,18424,1750989600000,https://data.ninjakiwi.com/btd6/users/9fbf46d9db94f0ac1b11dc4f5672e576ca5719be9619d16a,https://data.ninjakiwi.com/btd6/users/9fb8458d8a93acf1491186195621e274cc564eb49916d03a,https://data.ninjakiwi.com/btd6/users/9fb943dd8ac7fda44a178e425c7be3719a5218bd9c11dc6e,https://data.ninjakiwi.com/btd6/users/9ceb41de8a94f8a61c4b8f4a097be173c9071cea9c10db69,https://data.ninjakiwi.com/btd6/users/9cb71e8a8996fbf11d13864a5621b273c80715bfcd138b69,https://data.ninjakiwi.com/btd6/races/Need_a_hand_pardner_mcdyhaxp/leaderboard,https://data.ninjakiwi.com/btd6/races/Need_a_hand_pardner_mcdyhaxp/metadata
342,Time for some big Fireworks!,SpiceIslands,who has 360kg,skcusillort,Leohgyon,Dawid,tsp,138267,140300,141450,143167,146417,0,9,170167,6796,1751594400000,https://data.ninjakiwi.com/btd6/users/9fb8458d8a93acf1491186195621e274cc564eb49916d03a,https://data.ninjakiwi.com/btd6/users/9ced11d9df93faa44e40864e0d7bb776ce054fea9914d16e,https://data.ninjakiwi.com/btd6/users/9fbf108389c2f0f11b44d94c5d74e771c5001eef9a42dc6e,https://data.ninjakiwi.com/btd6/users/9fbc44d8dd97fbf64c11871e0e27e7249d5215bb9914de31,https://data.ninjakiwi.com/btd6/users/9ced108c8e93faa54b46da4d5626b723cd004eeacd10de3d,https://data.ninjakiwi.com/btd6/races/Time_for_some_big_Fireworks_mcloiz9u/leaderboard,https://data.ninjakiwi.com/btd6/races/Time_for_some_big_Fireworks_mcloiz9u/metadata
343,It's High Noon,SunsetGulch,67mangomustard,SIX SEVENN,ISAB,Dawid,OG_Gamer2012,112783,113267,114550,114617,115233,0,7,153783,29929,1752199200000,https://data.ninjakiwi.com/btd6/users/9fb8458d8a93acf1491186195621e274cc564eb49916d03a,https://data.ninjakiwi.com/btd6/users/9cb8438cd89fafa21a468c4c0d72ee23cc504fb9cf11de69,https://data.ninjakiwi.com/btd6/users/9fbb12deda93f1f01d4a891f5e76e5719e0348e89742df69,https://data.ninjakiwi.com/btd6/users/9fbc44d8dd97fbf64c11871e0e27e7249d5215bb9914de31,https://data.ninjakiwi.com/btd6/users/9ceb41da8c91fff41c46db495c26e770990c1eb8ca108d3b,https://data.ninjakiwi.com/btd6/races/Its_High_Noon_mcu8uhsh/leaderboard,https://data.ninjakiwi.com/btd6/races/Its_High_Noon_mcu8uhsh/metadata
344,Cosy Cove,LuminousCove,360+360=720kg,Myszkaedzio,skcusillort,Dawid,brain dmg :3,135867,135950,136850,137133,137833,0,5,143483,40682,1752804000000,https://data.ninjakiwi.com/btd6/users/9fb8458d8a93acf1491186195621e274cc564eb49916d03a,https://data.ninjakiwi.com/btd6/users/9ce917898bc4aaac10108b4b5626e77ec9564ebd96148e6c,https://data.ninjakiwi.com/btd6/users/9ced11d9df93faa44e40864e0d7bb776ce054fea9914d16e,https://data.ninjakiwi.com/btd6/users/9fbc44d8dd97fbf64c11871e0e27e7249d5215bb9914de31,https://data.ninjakiwi.com/btd6/users/9fbf43d9d796aaac1c41de4e5e7be672cc511aeacc138a39,https://data.ninjakiwi.com/btd6/races/md5qkdar/leaderboard,https://data.ninjakiwi.com/btd6/races/md5qkdar/metadata
345,Target Practice ,FiringRange,Myszkaedzio,ISAB,Leohgyon,Pringleman :),Gumball,125700,125850,125950,127150,127167,0,10,132433,35577,1753408800000,https://data.ninjakiwi.com/btd6/users/9ce917898bc4aaac10108b4b5626e77ec9564ebd96148e6c,https://data.ninjakiwi.com/btd6/users/9fbb12deda93f1f01d4a891f5e76e5719e0348e89742df69,https://data.ninjakiwi.com/btd6/users/9fbf108389c2f0f11b44d94c5d74e771c5001eef9a42dc6e,https://data.ninjakiwi.com/btd6/users/9ce9468ad6c2ffad1c168e1f0e20e521cd0c1bedc813d03d,https://data.ninjakiwi.com/btd6/users/9cbb1ed88a90aba61e47db4c0c73b571ce0d1fb89b17dc3f,https://data.ninjakiwi.com/btd6/races/Target_Practice_mdcyd220/leaderboard,https://data.ninjakiwi.com/btd6/races/Target_Practice_mdcyd220/metadata
346,Bizzare Bazaar,Bazaar,StarX,AJAYA,Leohgyon,skcusillort,DDDBEAR,103983,104633,104883,105167,105467,0,8,115583,18052,1754013600000,https://data.ninjakiwi.com/btd6/users/9fb943dd8ac7fda44a178e425c7be3719a5218bd9c11dc6e,https://data.ninjakiwi.com/btd6/users/9ceb41de8a94f8a61c4b8f4a097be173c9071cea9c10db69,https://data.ninjakiwi.com/btd6/users/9fbf108389c2f0f11b44d94c5d74e771c5001eef9a42dc6e,https://data.ninjakiwi.com/btd6/users/9ced11d9df93faa44e40864e0d7bb776ce054fea9914d16e,https://data.ninjakiwi.com/btd6/users/9fb91f8edf90fff31d138f430d74e024cd521cea9d13da31,https://data.ninjakiwi.com/btd6/races/Bizzare_Bazaar_mdo9nbou/leaderboard,https://data.ninjakiwi.com/btd6/races/Bizzare_Bazaar_mdo9nbou/metadata
347,Heatwave Season,Cracked,skcusillort,Leohgyon,Pringleman :),Dawid,OG_Gamer2012,122933,123950,124300,126567,126850,1,9,134300,31839,1754618400000,https://data.ninjakiwi.com/btd6/users/9ced11d9df93faa44e40864e0d7bb776ce054fea9914d16e,https://data.ninjakiwi.com/btd6/users/9fbf108389c2f0f11b44d94c5d74e771c5001eef9a42dc6e,https://data.ninjakiwi.com/btd6/users/9ce9468ad6c2ffad1c168e1f0e20e521cd0c1bedc813d03d,https://data.ninjakiwi.com/btd6/users/9fbc44d8dd97fbf64c11871e0e27e7249d5215bb9914de31,https://data.ninjakiwi.com/btd6/users/9ceb41da8c91fff41c46db495c26e770990c1eb8ca108d3b,https://data.ninjakiwi.com/btd6/races/Heatwave_Season_me1usy6f/leaderboard,https://data.ninjakiwi.com/btd6/races/Heatwave_Season_me1usy6f/metadata
348,The New Crew,SpringSpring,mfw rng start,skcusillort,wiktor,ZZZhOU,Dawid,145617,146950,148083,158417,158833,0,11,185183,10448,1755223200000,https://data.ninjakiwi.com/btd6/users/9cb8438cd89fafa21a468c4c0d72ee23cc504fb9cf11de69,https://data.ninjakiwi.com/btd6/users/9ced11d9df93faa44e40864e0d7bb776ce054fea9914d16e,https://data.ninjakiwi.com/btd6/users/9ce9468ad6c2ffad1c168e1f0e20e521cd0c1bedc813d03d,https://data.ninjakiwi.com/btd6/users/9fba138b8a94ffa51b4a88190e22b273ca0c4eef9742d831,https://data.ninjakiwi.com/btd6/users/9fbc44d8dd97fbf64c11871e0e27e7249d5215bb9914de31,https://data.ninjakiwi.com/btd6/races/The_New_Crew_meafz0ps/leaderboard,https://data.ninjakiwi.com/btd6/races/The_New_Crew_meafz0ps/metadata
349,A Trio of Trio's,TreeStump,xing er,AJAYA,DDDBEAR,hweioah,Near,158150,158567,161983,162667,168867,1,7,200917,16368,1755828000000,https://data.ninjakiwi.com/btd6/users/9cea118a8b90acf31c4a8649097ae77fc9074ee99743d93e,https://data.ninjakiwi.com/btd6/users/9ceb41de8a94f8a61c4b8f4a097be173c9071cea9c10db69,https://data.ninjakiwi.com/btd6/users/9fb91f8edf90fff31d138f430d74e024cd521cea9d13da31,https://data.ninjakiwi.com/btd6/users/9cee14da8c90f1a2194bd943587be371ce511ebbcd10dc39,https://data.ninjakiwi.com/btd6/users/9fbf4582899ff8a64c40864d0c73e071c55119be9e45df3b,https://data.ninjakiwi.com/btd6/races/meifel0r/leaderboard,https://data.ninjakiwi.com/btd6/races/meifel0r/metadata
350,Tactics and Spell Casting,LotusIsland,redemption,Dawid,Myszkaedzio,LawrLawr t1,tsp,116317,117217,117767,121350,123233,0,5,134250,14109,1756432800000,https://data.ninjakiwi.com/btd6/users/9fbf43d9d796aaac1c41de4e5e7be672cc511aeacc138a39,https://data.ninjakiwi.com/btd6/users/9fbc44d8dd97fbf64c11871e0e27e7249d5215bb9914de31,https://data.ninjakiwi.com/btd6/users/9ce917898bc4aaac10108b4b5626e77ec9564ebd96148e6c,https://data.ninjakiwi.com/btd6/users/9ce9468ad6c2ffad1c168e1f0e20e521cd0c1bedc813d03d,https://data.ninjakiwi.com/btd6/users/9ced108c8e93faa54b46da4d5626b723cd004eeacd10de3d,https://data.ninjakiwi.com/btd6/races/Tactics_and_Spell_Casting_met8wipw/leaderboard,https://data.ninjakiwi.com/btd6/races/Tactics_and_Spell_Casting_met8wipw/metadata
351,Quarry Squabble,Quarry,skcusillort,Near,Lawrification,tweakin',tsp,135617,135667,136383,139733,143667,0,10,164350,23068,1757034000000,https://data.ninjakiwi.com/btd6/users/9ced11d9df93faa44e40864e0d7bb776ce054fea9914d16e,https://data.ninjakiwi.com/btd6/users/9fbf4582899ff8a64c40864d0c73e071c55119be9e45df3b,https://data.ninjakiwi.com/btd6/users/9ce9468ad6c2ffad1c168e1f0e20e521cd0c1bedc813d03d,https://data.ninjakiwi.com/btd6/users/9cea138cdec4fca11d11de4b5a7be575cc501fba9c438b69,https://data.ninjakiwi.com/btd6/users/9ced108c8e93faa54b46da4d5626b723cd004eeacd10de3d,https://data.ninjakiwi.com/btd6/races/Quarry_Squabble_mf3rycjg/leaderboard,https://data.ninjakiwi.com/btd6/races/Quarry_Squabble_mf3rycjg/metadata
352,Silas enters the Fray,LuminousCove,skcusillort,Leohgyon,Dawid,0Python,lenndoli,148767,148900,155333,155633,160083,0,11,193367,12196,1757642400000,https://data.ninjakiwi.com/btd6/users/9ced11d9df93faa44e40864e0d7bb776ce054fea9914d16e,https://data.ninjakiwi.com/btd6/users/9fbf108389c2f0f11b44d94c5d74e771c5001eef9a42dc6e,https://data.ninjakiwi.com/btd6/users/9fbc44d8dd97fbf64c11871e0e27e7249d5215bb9914de31,https://data.ninjakiwi.com/btd6/users/9fba12ddd8c7f8a61b1187420921e17ec55015b99e16dd31,https://data.ninjakiwi.com/btd6/users/9fbe178edf93f9a11a11891f0a20e57e980c15b89b148d31,https://data.ninjakiwi.com/btd6/races/Silas_enters_the_Fray_mffvtxs8/leaderboard,https://data.ninjakiwi.com/btd6/races/Silas_enters_the_Fray_mffvtxs8/metadata
353,Tipping the Balance,Balance,skcusillort,Dawid,Leohgyon,Near,tsp,120467,120517,121383,121467,122517,0,3,128150,27744,1758247200000,https://data.ninjakiwi.com/btd6/users/9ced11d9df93faa44e40864e0d7bb776ce054fea9914d16e,https://data.ninjakiwi.com/btd6/users/9fbc44d8dd97fbf64c11871e0e27e7249d5215bb9914de31,https://data.ninjakiwi.com/btd6/users/9fbf108389c2f0f11b44d94c5d74e771c5001eef9a42dc6e,https://data.ninjakiwi.com/btd6/users/9fbf4582899ff8a64c40864d0c73e071c55119be9e45df3b,https://data.ninjakiwi.com/btd6/users/9ced108c8e93faa54b46da4d5626b723cd004eeacd10de3d,https://data.ninjakiwi.com/btd6/races/Tipping_the_Balance_mfmhfrqx/leaderboard,https://data.ninjakiwi.com/btd6/races/Tipping_the_Balance_mfmhfrqx/metadata
354,Scrap Racers,Scrapyard,skcusillort,Leohgyon,AJAYA,Chara,lenndoli fan,131183,132667,138733,141567,143417,0,8,171733,17852,1758852000000,https://data.ninjakiwi.com/btd6/users/9ced11d9df93faa44e40864e0d7bb776ce054fea9914d16e,https://data.ninjakiwi.com/btd6/users/9fbf108389c2f0f11b44d94c5d74e771c5001eef9a42dc6e,https://data.ninjakiwi.com/btd6/users/9ceb41de8a94f8a61c4b8f4a097be173c9071cea9c10db69,https://data.ninjakiwi.com/btd6/users/9fbe42ded997aaf61c4bda180975e270ca524eb59b46df39,https://data.ninjakiwi.com/btd6/users/9fbf43d9d796aaac1c41de4e5e7be672cc511aeacc138a39,https://data.ninjakiwi.com/btd6/races/Scrap_Racers_mfwd3baa/leaderboard,https://data.ninjakiwi.com/btd6/races/Scrap_Racers_mfwd3baa/metadata
355,Routine Road Check,MiddleOfTheRoad,skcusillort,Leohgyon,Hyper,tsp,Dawid,128867,129083,130767,131667,132083,1,8,137583,28675,1759456800000,https://data.ninjakiwi.com/btd6/users/9ced11d9df93faa44e40864e0d7bb776ce054fea9914d16e,https://data.ninjakiwi.com/btd6/users/9fbf108389c2f0f11b44d94c5d74e771c5001eef9a42dc6e,https://data.ninjakiwi.com/btd6/users/9cb813d88d9ffaa44d45da435f76b576cc0d1dbb9816d139,https://data.ninjakiwi.com/btd6/users/9ced108c8e93faa54b46da4d5626b723cd004eeacd10de3d,https://data.ninjakiwi.com/btd6/users/9fbc44d8dd97fbf64c11871e0e27e7249d5215bb9914de31,https://data.ninjakiwi.com/btd6/races/Routine_Road_Check_mg7rlfki/leaderboard,https://data.ninjakiwi.com/btd6/races/Routine_Road_Check_mg7rlfki/metadata
356,Strolling through the Park Path,ParkPath,Dawid,PowerDino1920,skcusillort,lenndoli,oatsfx,126167,127483,127533,128617,128817,0,4,135317,31177,1760061600000,https://data.ninjakiwi.com/btd6/users/9fbc44d8dd97fbf64c11871e0e27e7249d5215bb9914de31,https://data.ninjakiwi.com/btd6/users/9ceb41deda97fef04c41874b5b74e77f98514fbf9a13de30,https://data.ninjakiwi.com/btd6/users/9ced11d9df93faa44e40864e0d7bb776ce054fea9914d16e,https://data.ninjakiwi.com/btd6/users/9fbe178edf93f9a11a11891f0a20e57e980c15b89b148d31,https://data.ninjakiwi.com/btd6/users/9fbf128f8cc5fcf61c14894f5a25e5259a521fbf9743d96e,https://data.ninjakiwi.com/btd6/races/Strolling_through_the_Park_Path_mgitjcfp/leaderboard,https://data.ninjakiwi.com/btd6/races/Strolling_through_the_Park_Path_mgitjcfp/metadata
357,Saw off those Logs,Logs,Flandre,paradise,skcusillort,ISAB,Leohgyon,120850,121133,121250,121517,121817,0,4,130800,25349,1760666400000,https://data.ninjakiwi.com/btd6/users/9fbd15d98e94fda01c1487195776b375cb504fba9f15893d,https://data.ninjakiwi.com/btd6/users/9fbf4582899ff8a64c40864d0c73e071c55119be9e45df3b,https://data.ninjakiwi.com/btd6/users/9ced11d9df93faa44e40864e0d7bb776ce054fea9914d16e,https://data.ninjakiwi.com/btd6/users/9fbb12deda93f1f01d4a891f5e76e5719e0348e89742df69,https://data.ninjakiwi.com/btd6/users/9fbf108389c2f0f11b44d94c5d74e771c5001eef9a42dc6e,https://data.ninjakiwi.com/btd6/races/Saw_off_those_Logs_mgtqg223/leaderboard,https://data.ninjakiwi.com/btd6/races/Saw_off_those_Logs_mgtqg223/metadata
358,Lost in the Ice,LostCrevasse,ISAB,PowerDino1920,skcusillort,tweakin',tsp,104900,104917,105000,105000,112900,0,8,127433,12564,1761271200000,https://data.ninjakiwi.com/btd6/users/9fbb12deda93f1f01d4a891f5e76e5719e0348e89742df69,https://data.ninjakiwi.com/btd6/users/9ceb41deda97fef04c41874b5b74e77f98514fbf9a13de30,https://data.ninjakiwi.com/btd6/users/9ced11d9df93faa44e40864e0d7bb776ce054fea9914d16e,https://data.ninjakiwi.com/btd6/users/9cea138cdec4fca11d11de4b5a7be575cc501fba9c438b69,https://data.ninjakiwi.com/btd6/users/9ced108c8e93faa54b46da4d5626b723cd004eeacd10de3d,https://data.ninjakiwi.com/btd6/races/Lost_in_the_Ice_mh45ammz/leaderboard,https://data.ninjakiwi.com/btd6/races/Lost_in_the_Ice_mh45ammz/metadata
359,Spooky Season,Encrypted,skcusillort,paradise,Mertex,lenndoli fan,Hyper,140600,141450,141850,142300,142667,0,9,159000,13630,1761876000000,https://data.ninjakiwi.com/btd6/users/9ced11d9df93faa44e40864e0d7bb776ce054fea9914d16e,https://data.ninjakiwi.com/btd6/users/9fbf4582899ff8a64c40864d0c73e071c55119be9e45df3b,https://data.ninjakiwi.com/btd6/users/9fbd15d98e94fda01c1487195776b375cb504fba9f15893d,https://data.ninjakiwi.com/btd6/users/9fbf43d9d796aaac1c41de4e5e7be672cc511aeacc138a39,https://data.ninjakiwi.com/btd6/users/9cb813d88d9ffaa44d45da435f76b576cc0d1dbb9816d139,https://data.ninjakiwi.com/btd6/races/Spooky_Season_mhbsk04j/leaderboard,https://data.ninjakiwi.com/btd6/races/Spooky_Season_mhbsk04j/metadata
360,Testing the Waters,WaterPark,Hanekawa,Dawid,lenndoli fan,Hyper,AJAYA,154283,154567,157117,161467,162467,1,7,198383,13904,1762480800000,https://data.ninjakiwi.com/btd6/users/9fbd10d98dc7aff71d408d4c5b25e424c45748bd9d16d03c,https://data.ninjakiwi.com/btd6/users/9fbc44d8dd97fbf64c11871e0e27e7249d5215bb9914de31,https://data.ninjakiwi.com/btd6/users/9fbf43d9d796aaac1c41de4e5e7be672cc511aeacc138a39,https://data.ninjakiwi.com/btd6/users/9cb813d88d9ffaa44d45da435f76b576cc0d1dbb9816d139,https://data.ninjakiwi.com/btd6/users/9ceb41de8a94f8a61c4b8f4a097be173c9071cea9c10db69,https://data.ninjakiwi.com/btd6/races/Testing_the_Waters_mhknzp1x/leaderboard,https://data.ninjakiwi.com/btd6/races/Testing_the_Waters_mhknzp1x/metadata
361,Triple Run,ThreeMinesAround,hweioah,Hanekawa,paradise,lenndoli fan,AJAYA,136500,137317,139733,145167,145333,1,7,192300,3882,1763085600000,https://data.ninjakiwi.com/btd6/users/9fbc12ddd69ff1a41d448b4a0972e072cd554feacd12dc30,https://data.ninjakiwi.com/btd6/users/9fbd10d98dc7aff71d408d4c5b25e424c45748bd9d16d03c,https://data.ninjakiwi.com/btd6/users/9fbf4582899ff8a64c40864d0c73e071c55119be9e45df3b,https://data.ninjakiwi.com/btd6/users/9fbf43d9d796aaac1c41de4e5e7be672cc511aeacc138a39,https://data.ninjakiwi.com/btd6/users/9ceb41de8a94f8a61c4b8f4a097be173c9071cea9c10db69,https://data.ninjakiwi.com/btd6/races/Triple_Run_mhxsebcf/leaderboard,https://data.ninjakiwi.com/btd6/races/Triple_Run_mhxsebcf/metadata
362,Tinkerton-athon,Tinkerton,HasseAndersson,skcusillort,$,Notes,ISAB,132467,135067,138900,139717,140367,0,12,154633,19956,1763690400000,https://data.ninjakiwi.com/btd6/users/9fbc44d8dd97fbf64c11871e0e27e7249d5215bb9914de31,https://data.ninjakiwi.com/btd6/users/9ced11d9df93faa44e40864e0d7bb776ce054fea9914d16e,https://data.ninjakiwi.com/btd6/users/9ce9468ad6c2ffad1c168e1f0e20e521cd0c1bedc813d03d,https://data.ninjakiwi.com/btd6/users/9fb843dd8d9eadf34b47dd1a0b21e77fcb551abacf168b69,https://data.ninjakiwi.com/btd6/users/9fbb12deda93f1f01d4a891f5e76e5719e0348e89742df69,https://data.ninjakiwi.com/btd6/races/Tinkerton-athon_mi3az3do/leaderboard,https://data.ninjakiwi.com/btd6/races/Tinkerton-athon_mi3az3do/metadata
363,Frozen Deals,WinterPark,PowerDino1920,$,skcusillort,Mel (she they),$,113850,114800,114850,115167,116117,0,5,121433,25147,1764295200000,https://data.ninjakiwi.com/btd6/users/9ceb41deda97fef04c41874b5b74e77f98514fbf9a13de30,https://data.ninjakiwi.com/btd6/users/9ce9468ad6c2ffad1c168e1f0e20e521cd0c1bedc813d03d,https://data.ninjakiwi.com/btd6/users/9ced11d9df93faa44e40864e0d7bb776ce054fea9914d16e,https://data.ninjakiwi.com/btd6/users/9ce917898bc4aaac10108b4b5626e77ec9564ebd96148e6c,https://data.ninjakiwi.com/btd6/users/9fbc44d8dd97fbf64c11871e0e27e7249d5215bb9914de31,https://data.ninjakiwi.com/btd6/races/Frozen_Deals_mihodqob/leaderboard,https://data.ninjakiwi.com/btd6/races/Frozen_Deals_mihodqob/metadata
364,Shhhhhh,QuietStreet,skcusillort,Myszkaedzio,Laughing Disco,30,plzdonatedisco,123783,124183,124250,125600,127717,0,8,134450,24399,1764900000000,https://data.ninjakiwi.com/btd6/users/9ced11d9df93faa44e40864e0d7bb776ce054fea9914d16e,https://data.ninjakiwi.com/btd6/users/9ce917898bc4aaac10108b4b5626e77ec9564ebd96148e6c,https://data.ninjakiwi.com/btd6/users/9fbc44d8dd97fbf64c11871e0e27e7249d5215bb9914de31,https://data.ninjakiwi.com/btd6/users/9fbf43d9d796aaac1c41de4e5e7be672cc511aeacc138a39,https://data.ninjakiwi.com/btd6/users/9ce9468ad6c2ffad1c168e1f0e20e521cd0c1bedc813d03d,https://data.ninjakiwi.com/btd6/races/Shhhhhh_mirstcjs/leaderboard,https://data.ninjakiwi.com/btd6/races/Shhhhhh_mirstcjs/metadata
365,Quarry Quarrel,Quarry,shatter smael,skcusillort,Leohgyon,Melanie,Exephur smael,116533,116733,117267,117350,117467,0,10,122150,26600,1765504800000,https://data.ninjakiwi.com/btd6/users/9ce9468ad6c2ffad1c168e1f0e20e521cd0c1bedc813d03d,https://data.ninjakiwi.com/btd6/users/9ced11d9df93faa44e40864e0d7bb776ce054fea9914d16e,https://data.ninjakiwi.com/btd6/users/9fbf108389c2f0f11b44d94c5d74e771c5001eef9a42dc6e,https://data.ninjakiwi.com/btd6/users/9ce917898bc4aaac10108b4b5626e77ec9564ebd96148e6c,https://data.ninjakiwi.com/btd6/users/9fbc44d8dd97fbf64c11871e0e27e7249d5215bb9914de31,https://data.ninjakiwi.com/btd6/races/Quarry_Quarrel_miyygy98/leaderboard,https://data.ninjakiwi.com/btd6/races/Quarry_Quarrel_miyygy98/metadata
366,Off the Charts,OffTheCoast,ZZZhOU,ZZZhOU,Chara,ZZZhOU,OG_Gamer2012,130467,135100,135833,136833,136967,1,4,162233,8077,1766023200000,https://data.ninjakiwi.com/btd6/users/9fbc44d8dd97fbf64c11871e0e27e7249d5215bb9914de31,https://data.ninjakiwi.com/btd6/users/9fba138b8a94ffa51b4a88190e22b273ca0c4eef9742d831,https://data.ninjakiwi.com/btd6/users/9fbe42ded997aaf61c4bda180975e270ca524eb59b46df39,https://data.ninjakiwi.com/btd6/users/9ce9468ad6c2ffad1c168e1f0e20e521cd0c1bedc813d03d,https://data.ninjakiwi.com/btd6/users/9ceb41da8c91fff41c46db495c26e770990c1eb8ca108d3b,https://data.ninjakiwi.com/btd6/races/Off_the_Charts_miyyjetg/leaderboard,https://data.ninjakiwi.com/btd6/races/Off_the_Charts_miyyjetg/metadata
367,The Ghosts of Christmas Past,Carved,skcusillort,Leohgyon,rain,ISHADOW MICRO,ZZZhOU,106283,106983,107517,109900,110717,0,9,133933,25719,1766714400000,https://data.ninjakiwi.com/btd6/users/9ced11d9df93faa44e40864e0d7bb776ce054fea9914d16e,https://data.ninjakiwi.com/btd6/users/9fbf108389c2f0f11b44d94c5d74e771c5001eef9a42dc6e,https://data.ninjakiwi.com/btd6/users/9cea138cdec4fca11d11de4b5a7be575cc501fba9c438b69,https://data.ninjakiwi.com/btd6/users/9ce9468ad6c2ffad1c168e1f0e20e521cd0c1bedc813d03d,https://data.ninjakiwi.com/btd6/users/9fbc44d8dd97fbf64c11871e0e27e7249d5215bb9914de31,https://data.ninjakiwi.com/btd6/races/The_Ghosts_of_Christmas_Past_miyyl5mj/leaderboard,https://data.ninjakiwi.com/btd6/races/The_Ghosts_of_Christmas_Past_miyyl5mj/metadata
368,New Years Blitz!,HighFinance,Notes,Mertexabi fan,skcusillort,YT Colt BTD6,Slerf,139883,141333,141683,141767,142867,0,6,156233,15156,1767319200000,https://data.ninjakiwi.com/btd6/users/9fbc44d8dd97fbf64c11871e0e27e7249d5215bb9914de31,https://data.ninjakiwi.com/btd6/users/9ce9468ad6c2ffad1c168e1f0e20e521cd0c1bedc813d03d,https://data.ninjakiwi.com/btd6/users/9ced11d9df93faa44e40864e0d7bb776ce054fea9914d16e,https://data.ninjakiwi.com/btd6/users/9cea138cdec4fca11d11de4b5a7be575cc501fba9c438b69,https://data.ninjakiwi.com/btd6/users/9fbf138c8bc3f9a51f178b1d5971e175ce0118beca45db6a,https://data.ninjakiwi.com/btd6/races/New_Years_Blitz_miyynbnp/leaderboard,https://data.ninjakiwi.com/btd6/races/New_Years_Blitz_miyynbnp/metadata
369,"Stumped in, Stamped out",TreeStump,Gumball,skcusillort,Karler,tsp,StarX,155417,157367,162283,163600,165767,0,7,196567,29586,1767924000000,https://data.ninjakiwi.com/btd6/users/9cbb1ed88a90aba61e47db4c0c73b571ce0d1fb89b17dc3f,https://data.ninjakiwi.com/btd6/users/9ced11d9df93faa44e40864e0d7bb776ce054fea9914d16e,https://data.ninjakiwi.com/btd6/users/9fbc44d8dd97fbf64c11871e0e27e7249d5215bb9914de31,https://data.ninjakiwi.com/btd6/users/9ced108c8e93faa54b46da4d5626b723cd004eeacd10de3d,https://data.ninjakiwi.com/btd6/users/9ce9468ad6c2ffad1c168e1f0e20e521cd0c1bedc813d03d,https://data.ninjakiwi.com/btd6/races/Stumped_in_Stamped_out_miyyp4ur/leaderboard,https://data.ninjakiwi.com/btd6/races/Stumped_in_Stamped_out_miyyp4ur/metadata
370,Summer Dreams,Resort,Chip,OG_GAMER2010,skcusillort,OG_Gamer2012,lush life,122167,122933,123017,126283,127883,0,1,141067,27942,1768528800000,https://data.ninjakiwi.com/btd6/users/9fbc44d8dd97fbf64c11871e0e27e7249d5215bb9914de31,https://data.ninjakiwi.com/btd6/users/9ce9468ad6c2ffad1c168e1f0e20e521cd0c1bedc813d03d,https://data.ninjakiwi.com/btd6/users/9ced11d9df93faa44e40864e0d7bb776ce054fea9914d16e,https://data.ninjakiwi.com/btd6/users/9ceb41da8c91fff41c46db495c26e770990c1eb8ca108d3b,https://data.ninjakiwi.com/btd6/users/9fbf43d9d796aaac1c41de4e5e7be672cc511aeacc138a39,https://data.ninjakiwi.com/btd6/races/mkceuysj/leaderboard,https://data.ninjakiwi.com/btd6/races/mkceuysj/metadata
371,Cashed Out,Tutorial,KLTD1234,skcusillort,Leohgyon,AJAYA,skcusillort,122000,122300,122433,122483,122883,0,7,131217,13838,1769133600000,https://data.ninjakiwi.com/btd6/users/9fbc44d8dd97fbf64c11871e0e27e7249d5215bb9914de31,https://data.ninjakiwi.com/btd6/users/9ce9468ad6c2ffad1c168e1f0e20e521cd0c1bedc813d03d,https://data.ninjakiwi.com/btd6/users/9fbf108389c2f0f11b44d94c5d74e771c5001eef9a42dc6e,https://data.ninjakiwi.com/btd6/users/9ceb41de8a94f8a61c4b8f4a097be173c9071cea9c10db69,https://data.ninjakiwi.com/btd6/users/9ced11d9df93faa44e40864e0d7bb776ce054fea9914d16e,https://data.ninjakiwi.com/btd6/races/Cashed_Out_mkq8icbo/leaderboard,https://data.ninjakiwi.com/btd6/races/Cashed_Out_mkq8icbo/metadata
372,Riptide Madness,LuminousCove,InfinityBTD6YT,shwax,SKIBIMI,OG_Gamer2012,skcusillort,129833,130317,130583,130950,132433,1,11,176533,22709,1769738400000,https://data.ninjakiwi.com/btd6/users/9fbc44d8dd97fbf64c11871e0e27e7249d5215bb9914de31,https://data.ninjakiwi.com/btd6/users/9ce9468ad6c2ffad1c168e1f0e20e521cd0c1bedc813d03d,https://data.ninjakiwi.com/btd6/users/9fb7458fd794aba51817884d5e72e472ca031de99f14d83b,https://data.ninjakiwi.com/btd6/users/9ceb41da8c91fff41c46db495c26e770990c1eb8ca108d3b,https://data.ninjakiwi.com/btd6/users/9ced11d9df93faa44e40864e0d7bb776ce054fea9914d16e,https://data.ninjakiwi.com/btd6/races/Riptide_Madness_mkzurzqk/leaderboard,https://data.ninjakiwi.com/btd6/races/Riptide_Madness_mkzurzqk/metadata
373,Monkeys in Space!,MoonLanding,Dawid,PowerDino1920,OG_Gamer2012,ISAB,Kai Zhounat,118683,120850,121250,121683,121833,0,2,129083,35645,1770343200000,https://data.ninjakiwi.com/btd6/users/9fbc44d8dd97fbf64c11871e0e27e7249d5215bb9914de31,https://data.ninjakiwi.com/btd6/users/9ceb41deda97fef04c41874b5b74e77f98514fbf9a13de30,https://data.ninjakiwi.com/btd6/users/9ceb41da8c91fff41c46db495c26e770990c1eb8ca108d3b,https://data.ninjakiwi.com/btd6/users/9fbb12deda93f1f01d4a891f5e76e5719e0348e89742df69,https://data.ninjakiwi.com/btd6/users/9ce9468ad6c2ffad1c168e1f0e20e521cd0c1bedc813d03d,https://data.ninjakiwi.com/btd6/races/Monkeys_in_Space_ml6plgzo/leaderboard,https://data.ninjakiwi.com/btd6/races/Monkeys_in_Space_ml6plgzo/metadata
