name,time,time_left,last_online,last_update,init_DartMonkey,init_BoomerangMonkey,init_BombShooter,init_TackShooter,init_IceMonkey,init_GlueGunner,init_Desperado,init_SniperMonkey,init_MonkeySub,init_MonkeyBuccaneer,init_MonkeyAce,init_HeliPilot,init_MortarMonkey,init_DartlingGunner,init_WizardMonkey,init_SuperMonkey,init_NinjaMonkey,init_Alchemist,init_Druid,init_Mermonkey,init_BananaFarm,init_SpikeFactory,init_MonkeyVillage,init_EngineerMonkey,init_BeastHandler,init_Quincy,init_Gwendolin,init_StrikerJones,init_ObynGreenfoot,init_Silas,init_Benjamin,init_PatFusty,init_CaptainChurchill,init_Ezili,init_Rosalia,init_Etienne,init_Sauda,init_Adora,init_AdmiralBrickell,init_Psi,init_Geraldo,init_Corvus,init_gamecount,init_follower,DartMonkey,BoomerangMonkey,BombShooter,TackShooter,IceMonkey,GlueGunner,Desperado,SniperMonkey,MonkeySub,MonkeyBuccaneer,MonkeyAce,HeliPilot,MortarMonkey,DartlingGunner,WizardMonkey,SuperMonkey,NinjaMonkey,Alchemist,Druid,Mermonkey,BananaFarm,SpikeFactory,MonkeyVillage,EngineerMonkey,BeastHandler,Quincy,Gwendolin,StrikerJones,ObynGreenfoot,Silas,Benjamin,PatFusty,CaptainChurchill,Ezili,Rosalia,Etienne,Sauda,Adora,AdmiralBrickell,Psi,Geraldo,Corvus,gamecount,follower,url,pfp_url
Mertexabi fan,141333,328235000,16110154,1767666380385.0,20050,8091,6474,10811,9194,2859,644,5760,5413,8168,3505,1801,4214,2672,5940,1915,5414,17466,5004,10489,9715,2973,9853,3579,1407,1009,2471,324,580,67.0,1812,316,233,181,457,438,1654,77,354,198,1704,16,40909,2289,2273,0,1,0,0,0,35,0,1082,0,0,0,0,3,0,0,0,3475,0,2126,4,6,0,7,0,0,0,0,0,0.0,1392,0,0,0,0,0,0,0,0,0,0,0,2192,41,https://data.ninjakiwi.com/btd6/users/9ce9468ad6c2ffad1c168e1f0e20e521cd0c1bedc813d03d,https://static-api.nkstatic.com/appdocs/4/assets/opendata/f3752d5059750b24dcb6b5a14068f6ef_ProfileAvatar103.png
Lionel Messi,152783,9250000,166847776,,7443,5194,2024,7195,3708,917,42,2324,1695,4153,3163,1726,1436,954,2390,1308,1486,6646,2174,2934,1957,3323,3074,844,898,188,1290,41,169,6.0,538,150,128,17,236,207,1368,35,204,509,168,37,9421,38,83,0,0,0,0,0,15,0,34,0,0,0,0,1,0,0,0,80,0,61,0,0,0,0,0,0,0,0,0,0.0,30,0,0,0,0,0,0,0,0,0,0,0,37,5,https://data.ninjakiwi.com/btd6/users/9fb912d9df95fef44c448b435920e071c8054cbf98118e38,https://static-api.nkstatic.com/appdocs/4/assets/opendata/2566e9d027fe699d362170b8c8d82ef5_ProfileAvatar43.png
Marsh,159600,8801000,12494396,,6321,2181,1021,1388,1142,730,134,3609,1770,3057,1649,1204,629,752,1574,786,2228,1874,2219,147,5725,736,1875,767,238,234,266,83,211,2.0,876,73,162,112,2,179,328,105,55,412,148,5,8066,8,210,50,42,53,26,18,9,30,16,3,126,3,13,9,4,16,23,21,2,4,110,63,33,36,21,4,0,0,0,0.0,24,1,0,12,0,1,5,0,0,1,0,0,85,0,https://data.ninjakiwi.com/btd6/users/9ceb178a8e95fea74b4a864e5a22b526cc021dbdc8158d6b,https://static-api.nkstatic.com/appdocs/4/assets/opendata/58c6650f0e67a4737d16441bb0358fc0_ProfileAvatar73.png
Slerf,144200,189453000,0,,10627,4264,8293,8241,9408,1377,34,2982,4047,7851,3711,585,2493,637,8488,715,2033,11154,7527,1008,7910,1274,3439,838,122,113,2232,418,117,,1607,480,459,0,0,203,1228,95,8,43,139,1,18055,187,1229,0,1,2,0,1,68,1,733,0,0,12,0,19,0,0,0,1718,1,1300,3,0,1,0,0,0,0,0,0,,708,0,0,0,0,0,0,0,0,0,0,0,903,4,https://data.ninjakiwi.com/btd6/users/9fbf138c8bc3f9a51f178b1d5971e175ce0118beca45db6a,https://static-api.nkstatic.com/appdocs/4/assets/opendata/51524359fcf0d2950590fed2a24ede0e_ProfileAvatar68.png
Player,154917,163929000,42254755,,2499,3148,2299,3171,3063,537,608,606,1320,2806,671,440,1045,885,1613,805,322,1574,1881,1559,761,107,1492,650,70,384,509,216,299,31.0,516,335,205,53,341,135,267,67,202,41,55,10,9464,4,132,0,1,217,0,11,3,10,45,0,2,5,0,9,0,1,0,44,0,47,0,0,39,16,0,0,2,0,0,0.0,54,0,0,0,0,0,0,0,0,0,0,0,64,2,https://data.ninjakiwi.com/btd6/users/9ceb17ddda92aaf31942dd1f5c76e270ca004be99911df6c,https://static-api.nkstatic.com/appdocs/4/assets/opendata/db32af61df5646951a18c60fe0013a31_ProfileAvatar01.png
Fenix - YT,154833,68588000,259566702,,105993,76904,27972,63137,24693,5502,628,143254,28637,37977,13977,12519,5860,3758,93801,10143,14894,41380,89680,4441,39654,16413,28942,11137,1561,6920,12722,1960,3396,56.0,54928,2400,1817,711,1253,728,11006,807,1491,452,922,229,194616,23547,242,0,0,0,0,0,7,0,119,0,0,16,0,0,0,0,0,458,0,145,0,0,0,0,0,0,0,0,0,0.0,123,0,0,0,0,0,0,0,0,0,0,0,154,44,https://data.ninjakiwi.com/btd6/users/9ced1f83dac5ada61e16da435c71b070c9521eb89c13d830,https://static-api.nkstatic.com/appdocs/4/assets/opendata/c1967adc6df2da4f101ef3112206484a_ProfileAvatar16.png
Spuddy,156233,303224000,32905209,,16555,8103,4166,13745,6528,1801,392,7165,3635,6897,5638,3387,1921,2120,8637,2195,6416,3364,4390,3816,4837,9865,3887,3000,497,638,368,323,429,,851,159,318,61,915,334,2738,112,214,349,46,3,15307,35,245,35,43,1,2,0,24,0,205,0,0,21,0,6,0,0,0,696,0,405,16,33,2,31,0,0,0,0,0,,208,0,0,0,0,0,1,0,0,0,0,0,223,1,https://data.ninjakiwi.com/btd6/users/9cb844dfde91afac4a42dd495d26e17ecc504fb59b418c3f,https://static-api.nkstatic.com/appdocs/4/assets/opendata/e3c677d5a970b17800555457972cd9f1_ProfileAvatar22.png
143,154917,340740000,135781606,,21509,11790,17079,26736,21813,6350,716,6841,12474,12682,8834,1455,6792,2631,13498,2047,5240,44880,14505,3404,15967,2163,10361,3941,1286,725,7345,834,447,127.0,2673,702,1206,276,229,1417,4887,158,467,47,1028,34,61162,198,50,0,0,0,0,0,14,0,26,0,0,1,0,0,0,0,0,103,0,30,0,0,0,0,0,0,0,0,0,0.0,25,0,0,0,0,0,0,0,0,0,0,0,34,1,https://data.ninjakiwi.com/btd6/users/9ceb45828b94aba24a14dc1d0b25e3219d521aef9f18dc6a,https://static-api.nkstatic.com/appdocs/4/assets/opendata/d5e716187088ec0526b6ca36dbfde36b_ProfileAvatar45.png
Zzzzbaa,156783,225350000,0,,19993,19800,16640,30449,27557,4911,2074,3676,5886,17745,5793,1233,8811,4858,11917,2722,4253,41656,12655,16591,2686,2715,12085,5195,3621,1533,5379,2223,2202,203.0,1000,1056,810,271,3110,854,4396,120,3079,801,738,994,47363,24,522,0,0,0,0,0,33,0,369,0,0,57,0,0,0,0,0,1397,0,802,0,0,0,0,0,0,0,0,0,0.0,393,0,0,0,0,0,0,0,0,0,0,0,527,0,https://data.ninjakiwi.com/btd6/users/9fb9158fd997ada64a408d1f0c26e2709d554cbc9745de31,https://static-api.nkstatic.com/appdocs/4/assets/opendata/b3bfaf76e60d7b9737216a61480a2846_ProfileAvatar12.png
WBpro,175900,9329000,18891319,,883,387,312,122,187,172,74,545,445,561,341,76,107,58,230,116,361,417,403,215,1084,201,291,270,99,53,8,10,528,4.0,103,10,5,0,0,56,250,16,24,1,2,5,1025,2,86,86,6,33,4,3,3,3,32,7,3,5,0,0,10,0,9,48,99,28,133,62,28,41,14,0,1,1,15,0.0,20,0,0,0,0,0,1,0,2,0,0,0,106,0,https://data.ninjakiwi.com/btd6/users/9ce94183d89fa8ad104a8f490b77e77f990d1bb9cd45d03a,https://static-api.nkstatic.com/appdocs/4/assets/opendata/e0efcee62da40708a4c0a872f76bd89c_ProfileAvatar66.png
YSSSS,150717,271935000,42254755,,12274,5545,3751,8714,8761,2570,1956,6924,3251,5479,4687,1596,1974,1936,5679,943,2381,12699,6297,6637,4398,2909,5719,2148,2087,249,675,251,643,197.0,1009,286,180,147,524,1628,1465,53,454,1165,1123,72,18756,119,39,2,0,0,19,0,16,115,25,62,152,32,0,37,39,16,1,236,202,36,16,156,250,16,0,0,0,0,10,0.0,121,0,0,0,0,66,14,0,0,0,1,0,223,0,https://data.ninjakiwi.com/btd6/users/9fbc1edfd7c3fff04e458f4a5d20b576c4054cb59618d93b,https://static-api.nkstatic.com/appdocs/4/assets/opendata/63c5274154eebea4740279b7ee0f16ff_ProfileAvatar80.png
Player,177600,10045000,28685982,,6644,3101,1835,2223,2710,1061,760,2585,1031,4192,2248,1753,752,680,2197,675,1117,1327,2909,1934,4279,855,2676,1391,289,126,137,56,142,61.0,272,101,367,28,40,139,925,58,126,237,56,12,5946,15,11,3,1,5,10,2,2,8,4,4,1,5,5,0,6,3,0,7,5,20,0,0,14,0,3,1,0,0,0,0.0,1,0,4,0,0,0,9,0,1,0,0,0,16,0,https://data.ninjakiwi.com/btd6/users/9fb81e8f8cc4abf41f43db1a5e74e77499011cba9c448a3d,https://static-api.nkstatic.com/appdocs/4/assets/opendata/f3752d5059750b24dcb6b5a14068f6ef_ProfileAvatar103.png
Bentheman,160917,161965000,0,,4654,2880,2099,1703,1469,1034,175,3758,1836,2882,856,951,899,743,2625,1010,1706,3594,2299,1335,1098,1008,2804,925,531,665,369,275,531,7.0,1125,101,212,85,33,173,332,160,172,89,92,28,31101,26,308,4,4,0,1,0,12,0,290,0,0,34,0,0,1,0,1,1019,0,495,0,2,2,0,0,0,0,0,0,1.0,298,0,0,0,0,0,0,0,0,0,0,0,445,0,https://data.ninjakiwi.com/btd6/users/9ceb438bdc91fda51e4488495c71e57e9f574eb99d44df6e,https://static-api.nkstatic.com/appdocs/4/assets/opendata/7f2320145829e7f8a2682811cd110ae4_ProfileAvatar93.png
Monokuma_luo,176983,54959000,1948845,,3101,1628,324,927,652,504,138,1911,834,1979,1696,452,234,287,1041,501,1385,2446,1943,316,3853,1206,3228,654,169,205,101,35,206,15.0,297,21,16,1,4,157,754,4,10,144,16,7,4783,0,34,56,28,33,7,4,30,38,17,0,140,3,1,0,6,0,1,117,20,19,150,48,171,42,14,0,0,0,0,0.0,18,0,0,0,0,9,7,0,0,7,0,0,135,2,https://data.ninjakiwi.com/btd6/users/9fba46d88bc7f1a34e4788435b26e72299031cbbc8448b3b,https://static-api.nkstatic.com/appdocs/4/assets/opendata/be99bb17f8ab6d4953edcfcb2c6e7e0c_ProfileAvatar48.png
Player,163083,93886000,37541322,,5022,2230,1666,2972,2268,838,356,2397,1448,4496,2371,719,748,1223,2208,767,2712,2354,1581,711,8353,1659,4713,3638,789,137,443,28,131,29.0,335,25,62,58,32,83,405,89,87,67,231,10,5520,7,363,0,0,22,3,24,12,24,13,9,87,11,3,11,0,12,27,65,1,26,5,0,71,28,65,0,0,0,0,1.0,28,0,0,5,0,0,3,0,0,0,0,0,44,1,https://data.ninjakiwi.com/btd6/users/9fbc448c8b90acf01940891f5970e174cc021cbbca15d869,https://static-api.nkstatic.com/appdocs/4/assets/opendata/f3752d5059750b24dcb6b5a14068f6ef_ProfileAvatar103.png
DIO,157000,306118000,37541322,,6830,1924,1216,1208,1200,638,594,4011,1150,2913,1935,596,266,496,1573,557,1292,2114,1665,939,2528,1594,2308,940,418,390,134,47,260,62.0,373,43,80,26,72,113,1767,9,46,310,64,0,6520,6,200,1,1,2,1,15,85,20,95,0,113,0,0,12,0,23,9,198,0,195,23,2,34,19,9,0,0,0,0,1.0,111,0,0,0,0,0,2,0,0,0,0,0,128,0,https://data.ninjakiwi.com/btd6/users/9fb8438fd89ea8f61844884c587ae72699504eea9e41d93b,https://static-api.nkstatic.com/appdocs/4/assets/opendata/9b884714fa55b339ae9f6e796bffff99_ProfileAvatar31.png
yps070410,182117,5216000,26486437,,917,716,340,528,172,147,73,827,278,1274,721,78,62,118,327,213,736,509,460,127,1911,224,930,342,86,154,34,7,120,,197,8,4,1,6,12,59,0,6,1,0,2,1134,0,13,0,0,0,0,0,9,0,4,0,0,4,0,0,0,0,0,12,0,4,0,0,0,0,0,0,0,0,0,,4,0,0,0,0,0,0,0,0,0,0,0,8,0,https://data.ninjakiwi.com/btd6/users/9fbb17de8c96afa5184bdc4a0d25e073cb004cbccf13d969,https://static-api.nkstatic.com/appdocs/4/assets/opendata/b1ef093283db879ae51f4dc27b82a5a0_ProfileAvatar37.png
Blue Monkey,158633,339417000,0,,6522,3880,1776,4124,3151,1005,704,2423,2511,6022,1085,1281,759,1473,3222,1419,1599,2119,1972,3080,7262,1304,2822,780,222,54,588,23,110,81.0,203,49,68,24,47,43,418,102,174,102,210,0,10500,6,308,72,7,180,30,10,84,1,135,5,0,0,0,120,2,2,1,679,0,251,306,111,116,16,9,0,0,0,1,0.0,149,0,0,0,0,0,3,0,0,0,2,0,358,0,https://data.ninjakiwi.com/btd6/users/9fb844d8d7c2fcac4d14dd4c5c20b471c4041fe89f18d86a,https://static-api.nkstatic.com/appdocs/4/assets/opendata/dde591f892378966311bee7369cf6d05_ProfileAvatar38.png
cvalg,175817,118397000,32423897,,553,236,473,98,231,94,125,271,248,513,339,394,95,62,310,80,270,455,116,314,315,107,336,174,88,34,5,9,16,10.0,71,13,27,6,2,109,356,31,5,1,1,0,1222,0,68,2,20,4,2,0,11,13,23,15,8,10,0,4,15,7,22,65,35,18,46,2,6,4,0,1,0,0,2,0.0,27,0,2,0,0,17,5,0,1,1,0,0,65,0,https://data.ninjakiwi.com/btd6/users/9fb84582de9ff9f31a46d91e0976e0719d504bb4cd45896a,https://static-api.nkstatic.com/appdocs/4/assets/opendata/90c55ab36f3552975a6eb7251c17319d_ProfileAvatar55.png
Gibson,172417,177567000,18941958,,4879,3973,3319,5288,4434,1693,432,2329,2784,9048,2806,2977,2837,2302,3157,1291,1046,3893,7070,1400,15502,1093,5578,4227,278,683,829,367,593,44.0,665,283,611,144,301,1776,1634,34,337,493,193,100,13999,12,17,0,0,0,0,0,5,0,11,0,0,4,0,5,0,0,0,2,0,13,0,0,0,0,0,0,0,0,0,0.0,11,0,0,0,0,0,0,0,0,0,0,0,12,0,https://data.ninjakiwi.com/btd6/users/9fbc43dddfc5a8ac1d16881e5721e37eca504fb89610d839,https://static-api.nkstatic.com/appdocs/4/assets/opendata/bd3f5ab674d61e4fdf5ecb48b19ddc9c_ProfileAvatar35.png
Bagorats,183650,1352000,9422765,,1998,874,996,654,681,401,385,767,574,542,806,234,135,276,481,247,780,647,474,587,1504,351,643,418,573,42,10,29,46,38.0,75,3,10,2,3,45,143,12,35,10,31,1,1245,1,2,0,0,3,0,0,1,1,1,0,23,1,0,1,1,1,1,5,0,1,0,0,2,1,4,0,0,0,0,0.0,1,0,0,0,0,0,2,0,0,0,0,0,4,0,https://data.ninjakiwi.com/btd6/users/9fb7438cdc9eabf64c14d91f0e27b3239d0114b99c19de38,https://static-api.nkstatic.com/appdocs/4/assets/opendata/b2795bc0400051550b15778233a07d77_ProfileAvatar72.png
One-horned King,182383,21226000,25401962,,1954,671,209,504,497,370,645,1313,397,1109,214,259,156,220,580,306,672,830,752,1103,1764,358,1430,351,41,128,66,37,56,89.0,199,28,7,9,91,222,583,2,15,30,4,2,2898,1,38,0,0,3,0,0,26,0,15,0,2,2,0,1,1,0,1,30,3,19,8,1,9,0,0,0,0,0,0,0.0,16,0,0,0,0,1,0,0,0,0,0,0,45,0,https://data.ninjakiwi.com/btd6/users/9fbe158f8dc4f0a31b13da485a27e47fc4571ebaca43d930,https://static-api.nkstatic.com/appdocs/4/assets/opendata/7f2320145829e7f8a2682811cd110ae4_ProfileAvatar93.png
Sugarhigh,184000,6745000,15721177,,6830,3514,834,1557,1497,1093,480,3680,2873,4312,2071,1045,476,474,2189,986,2857,4106,7036,1021,6478,2128,4740,1364,686,543,198,113,474,83.0,1505,61,1713,229,132,547,685,101,202,210,100,105,10099,2,5,0,0,0,0,0,1,0,1,0,1,1,0,0,0,0,0,4,0,1,0,0,1,0,0,0,0,0,0,0.0,2,0,0,0,0,0,0,0,0,0,0,0,1,0,https://data.ninjakiwi.com/btd6/users/9fb942dd8ec0f9a04e44db4f0b71b4739a044ebfcb168e3e,https://static-api.nkstatic.com/appdocs/4/assets/opendata/bd3f5ab674d61e4fdf5ecb48b19ddc9c_ProfileAvatar35.png
Legendsmart247,180400,61240000,7235157,,434,226,266,217,117,54,22,118,155,417,235,53,49,49,175,32,116,162,111,142,208,126,128,129,107,31,2,4,0,,8,13,3,2,0,1,161,2,6,0,0,0,478,0,23,1,1,22,0,0,6,2,9,14,30,6,0,3,3,0,1,22,0,8,12,0,13,14,32,0,0,0,0,,7,0,0,0,0,0,10,0,0,0,0,0,20,0,https://data.ninjakiwi.com/btd6/users/9fb614dedbc5fdf41846db4b5a22b070cd0c48ea9e43d969,https://static-api.nkstatic.com/appdocs/4/assets/opendata/b1ef093283db879ae51f4dc27b82a5a0_ProfileAvatar37.png
Sheiber,184783,9120000,848214,,780,240,54,118,334,179,129,628,236,384,268,76,27,84,241,63,182,217,402,691,599,205,543,163,48,74,7,4,46,46.0,27,0,1,1,0,271,100,0,4,31,3,0,940,0,5,0,0,0,0,0,3,0,2,0,0,0,0,0,0,0,0,4,0,2,0,0,0,0,0,0,0,0,0,0.0,2,0,0,0,0,0,0,0,0,0,0,0,2,0,https://data.ninjakiwi.com/btd6/users/9fb7108ddc95f1a11013da4b5774b724c90114ed9a44d131,https://static-api.nkstatic.com/appdocs/4/assets/opendata/95c23548e3e767c87ec1ceb087878c2b_ProfileAvatar06.png
theiceman1125,184850,3710000,15185379,,337,192,132,207,162,79,22,71,110,188,67,29,24,34,159,36,378,95,158,99,149,54,130,97,33,14,18,0,22,,5,0,0,0,0,0,28,5,0,0,4,0,334,0,48,0,2,0,0,0,3,1,21,0,0,6,0,1,0,0,2,14,2,15,0,0,0,0,0,0,0,0,0,,21,0,0,0,0,0,0,0,0,0,0,0,29,0,https://data.ninjakiwi.com/btd6/users/9fb61389dc95fca6184a8e1e0921e624c85548b99c42d86a,https://static-api.nkstatic.com/appdocs/4/assets/opendata/38356e6cb2e0228dd5f5c9c023da5927_ProfileAvatar29.png
Paul Lennon,186683,6338000,20682160,,3322,2292,552,854,1033,800,316,1760,1086,2260,1401,448,243,315,1009,588,1692,2034,1255,400,5095,694,2122,1031,266,518,42,57,220,43.0,277,20,26,10,4,372,483,15,57,83,16,2,3683,0,0,0,0,0,0,0,0,0,0,0,0,0,0,0,0,0,0,0,0,0,0,0,0,0,0,0,0,0,0,0.0,0,0,0,0,0,0,0,0,0,0,0,0,0,0,https://data.ninjakiwi.com/btd6/users/9fb843d9dc94f0a71b46d91a5a26e570c9521cedcf10d138,https://static-api.nkstatic.com/appdocs/4/assets/opendata/03752d93a19efa269bef3cdf43922a89_ProfileAvatar67.png
wujo,186717,8015000,20682160,,7953,5808,4274,3738,4003,1952,104,8685,4155,9953,4288,1807,1450,1387,4197,2371,5356,4712,5021,495,11303,2741,4724,1974,1072,732,325,293,598,13.0,2467,207,340,119,45,812,778,136,218,589,290,102,12012,7,0,0,0,0,0,0,0,0,0,0,0,0,0,0,0,0,0,0,0,0,0,0,0,0,0,0,0,0,0,0.0,0,0,0,0,0,0,0,0,0,0,0,0,0,0,https://data.ninjakiwi.com/btd6/users/9fbe448c8a9fafa711468d4a5725e7709f521cef9912db3d,https://static-api.nkstatic.com/appdocs/4/assets/opendata/340b3b9c7393fa0bf0ecd8c42cdd3258_ProfileAvatar44.png
nuts,186900,8794000,0,,1338,928,758,696,761,392,55,717,944,1141,393,464,262,302,853,425,846,678,826,455,2865,539,787,396,87,53,48,29,138,17.0,187,0,2,3,11,100,105,34,23,9,66,0,2265,1,7,0,0,1,4,1,12,2,12,14,0,2,1,0,0,0,2,11,1,14,5,3,4,0,0,0,0,1,1,0.0,4,0,0,0,0,0,0,0,0,0,2,0,11,0,https://data.ninjakiwi.com/btd6/users/9fbf1e88de93f0a04d13dd1f0d7be5769d571bb89d42de69,https://static-api.nkstatic.com/appdocs/4/assets/opendata/b2795bc0400051550b15778233a07d77_ProfileAvatar72.png
nyanpass,187200,4203000,3584761,,1115,713,313,378,458,333,338,641,411,904,378,336,188,179,351,132,540,554,508,805,1102,252,733,335,195,57,53,16,70,69.0,95,38,41,42,40,187,244,17,56,61,9,1,2093,4,8,0,0,0,0,0,4,0,4,0,0,0,0,0,0,0,0,7,0,27,0,0,0,0,0,0,0,0,0,2.0,4,0,0,0,0,0,0,0,0,0,0,0,9,0,https://data.ninjakiwi.com/btd6/users/9fb745dad8c7faf3101189430977b47f98014cb59c14da6b,https://static-api.nkstatic.com/appdocs/4/assets/opendata/d84627d3e016cfff12b6977db9cb9e0a_ProfileAvatar70.png
David Bee,187367,7369000,13594938,,2656,2442,1077,1413,9736,1326,46,1982,859,4027,739,1028,376,526,6542,958,7294,1448,1148,308,4546,1204,1816,696,386,244,55,94,131,59.0,162,666,90,22,15,164,373,551,89,338,17,17,5342,7,2,0,0,0,1,2,1,1,1,0,0,6,0,0,0,0,0,3,0,1,0,0,2,0,0,4,0,0,0,0.0,1,0,0,0,0,0,0,0,0,0,0,0,4,0,https://data.ninjakiwi.com/btd6/users/9cec418fd797f0ac184bd94a5b25ee22cd041ab4cf15dd6b,https://static-api.nkstatic.com/appdocs/4/assets/opendata/dde591f892378966311bee7369cf6d05_ProfileAvatar38.png
pqmykl0b,187433,8591000,3584761,,1328,648,384,307,502,397,151,951,289,461,608,1041,168,200,573,337,618,842,490,539,618,417,623,441,317,25,39,26,70,32.0,7,13,5,5,29,221,476,4,11,86,41,16,2069,0,8,0,0,0,0,0,6,0,4,0,0,5,0,0,0,0,0,9,2,4,0,0,2,0,0,0,0,0,0,0.0,4,0,0,0,0,0,2,0,0,0,0,0,7,0,https://data.ninjakiwi.com/btd6/users/9fba1fd98e97f0f349118f4b5a75e277980418bc9a10dd6c,https://static-api.nkstatic.com/appdocs/4/assets/opendata/7d813d191b61f1c09463ec2567123d1e_ProfileAvatar03.png
Shadow133,187550,8385000,18346951,,2754,1641,1464,869,826,574,34,1866,1813,1989,809,767,531,420,1501,1174,1765,2456,1453,90,4215,869,2218,730,140,311,112,76,309,5.0,599,95,66,52,2,138,416,76,52,67,26,4,7548,2,0,0,0,0,0,0,0,0,0,0,0,0,0,0,0,0,0,0,0,0,0,0,0,0,0,0,0,0,0,0.0,0,0,0,0,0,0,0,0,0,0,0,0,0,0,https://data.ninjakiwi.com/btd6/users/9cea1f8d8b97fbf14e118d4b5f77e67fcf011ce9cf458e3c,https://static-api.nkstatic.com/appdocs/4/assets/opendata/bd3f5ab674d61e4fdf5ecb48b19ddc9c_ProfileAvatar35.png
LandonIsPurple,188883,8977000,18346951,,1199,564,448,443,112,212,18,810,337,802,197,126,240,102,539,388,584,320,317,40,1782,106,357,146,53,103,56,68,134,,389,41,11,25,0,46,18,45,0,22,34,5,1839,2,0,0,0,0,0,0,0,0,0,0,0,0,0,0,0,0,0,0,0,0,0,0,0,0,0,0,0,0,0,,0,0,0,0,0,0,0,0,0,0,0,0,0,0,https://data.ninjakiwi.com/btd6/users/9cec4689d694a8a14d448f195676e574ca501bb4cf448c31,https://static-api.nkstatic.com/appdocs/4/assets/opendata/6cf23cc7397b6d72c8742fddf4df8852_ProfileAvatar69.png
HeroicTiger80,189017,9944000,18346951,,1316,469,652,568,442,325,142,399,354,806,449,213,222,163,300,184,402,117,485,408,591,184,477,130,130,20,109,55,27,33.0,58,0,19,33,20,44,172,8,25,7,37,18,1378,0,0,0,0,0,0,0,0,0,0,0,0,0,0,0,0,0,0,0,0,0,0,0,0,0,0,0,0,0,0,0.0,0,0,0,0,0,0,0,0,0,0,0,0,0,0,https://data.ninjakiwi.com/btd6/users/9fb7438ad9c4faf719458d195774e125c40c1bb89b468d6e,https://static-api.nkstatic.com/appdocs/4/assets/opendata/f3752d5059750b24dcb6b5a14068f6ef_ProfileAvatar103.png
Jpedro19995,189333,3079000,17097399,,223,253,167,99,84,62,86,101,218,298,192,47,47,36,102,64,167,137,79,115,434,48,206,134,16,31,0,2,21,,17,11,1,0,2,0,107,5,0,8,7,0,422,0,0,0,0,0,0,0,0,0,0,0,0,0,0,0,0,0,0,0,0,0,0,0,0,0,0,0,0,0,0,,0,0,0,0,0,0,0,0,0,0,0,0,0,0,https://data.ninjakiwi.com/btd6/users/9fb614de8ec5fcf11846db4b5a22b070cd0c4bbc9f448c69,https://static-api.nkstatic.com/appdocs/4/assets/opendata/db32af61df5646951a18c60fe0013a31_ProfileAvatar01.png
MSG,145117,48576000,16542072,,1592,826,911,524,619,196,205,937,777,933,597,183,172,562,771,429,1187,432,399,248,3194,662,697,651,163,66,13,23,30,5.0,108,17,56,0,4,79,147,13,9,13,80,15,1005,3,22,4,9,3,21,7,5,0,21,111,0,3,0,5,0,5,8,5,5,0,26,3,15,8,0,0,0,0,0,0.0,0,1,0,0,1,3,0,1,0,0,1,0,12,0,https://data.ninjakiwi.com/btd6/users/9fbc12d8dc92f8a04b42de180d26b272c4551bed9f138c3d,https://static-api.nkstatic.com/appdocs/4/assets/opendata/38356e6cb2e0228dd5f5c9c023da5927_ProfileAvatar29.png
Made In Heaven,191150,7391000,15037031,,8777,1089,189,339,516,312,271,1804,226,994,770,336,123,211,728,235,561,1326,749,399,2591,828,1452,514,170,43,37,27,23,36.0,381,16,36,6,376,7,256,1,2,23,3,0,8904,2,0,0,0,0,0,0,0,0,0,0,0,0,0,0,0,0,0,0,0,0,0,0,0,0,0,0,0,0,0,0.0,0,0,0,0,0,0,0,0,0,0,0,0,0,0,https://data.ninjakiwi.com/btd6/users/9fb71182dec3f1ad1014de180e70b474cf0d1ee8c8108a31,https://static-api.nkstatic.com/appdocs/4/assets/opendata/1b8654eb3f267a679b6ec28e2890effe_ProfileAvatar113.png
Mon3tr,191333,5980000,6885229,,625,240,116,251,258,161,194,576,154,435,223,59,70,88,178,57,153,316,152,390,520,132,293,149,21,32,4,5,4,63.0,33,0,13,0,69,31,99,0,0,14,0,0,888,0,3,0,0,0,0,1,4,3,1,0,1,0,1,1,0,0,1,7,0,1,0,0,3,0,0,0,0,0,0,0.0,1,0,0,0,1,0,1,0,0,0,0,0,5,0,https://data.ninjakiwi.com/btd6/users/9fb617dfdbc3acf31f1686495f74b424cf064eb8cf45d830,https://static-api.nkstatic.com/appdocs/4/assets/opendata/ba07ae7b394cd4fa9fc329a100505d5b_ProfileAvatar51.png
BigBall_Joe,182967,21283000,0,,455,95,135,101,63,129,31,329,371,284,83,47,70,84,276,157,398,326,156,135,914,44,179,182,25,32,15,3,11,,33,1,1,14,0,6,156,37,1,1,42,2,605,0,30,1,2,3,5,1,13,7,12,2,0,7,0,0,0,0,10,26,0,13,8,3,3,0,0,0,0,0,0,,12,1,0,0,0,0,6,0,0,0,0,0,25,0,https://data.ninjakiwi.com/btd6/users/9fba418c8b9ea8a64b16881d5f21e622ce5518b59d16d038,https://static-api.nkstatic.com/appdocs/4/assets/opendata/95c23548e3e767c87ec1ceb087878c2b_ProfileAvatar06.png
chenbrian0802,192200,4312000,10019655,,3986,2017,642,907,1000,461,182,1201,832,2074,939,434,176,395,782,547,1862,1184,1761,354,6036,1020,1961,850,306,75,105,55,215,69.0,402,29,52,19,34,162,398,100,71,38,113,7,3392,0,2,0,0,0,0,2,3,2,1,0,0,1,4,1,0,0,0,5,0,1,0,0,1,1,0,2,0,0,0,0.0,1,0,0,0,0,0,0,0,0,0,0,0,6,0,https://data.ninjakiwi.com/btd6/users/9fb812d9d696faa31d4adb4a5f72b47ecb014fe9cf158b30,https://static-api.nkstatic.com/appdocs/4/assets/opendata/90c55ab36f3552975a6eb7251c17319d_ProfileAvatar55.png
KingRom08,192417,4206000,5171345,,614,360,419,212,317,76,95,186,181,319,310,63,59,108,228,128,270,309,262,177,647,132,481,180,72,31,7,2,50,3.0,105,0,82,2,0,59,60,6,1,2,1,1,833,1,14,0,0,0,0,0,7,0,7,0,0,8,0,0,0,0,0,14,0,7,0,0,0,0,0,0,0,0,0,0.0,7,0,0,0,0,0,0,0,0,0,0,0,9,0,https://data.ninjakiwi.com/btd6/users/9fba13ded7c4aba64d1687480d71b07f9e5648e8cd11df6b,https://static-api.nkstatic.com/appdocs/4/assets/opendata/4d406ac8b5d3b1490b813296b824b7ef_ProfileAvatar41.png
SushiChimney,194217,2854000,11158025,,587,299,208,291,125,185,11,295,152,494,316,233,94,132,179,181,179,220,174,2,1093,160,577,252,21,71,12,24,39,,103,3,34,5,0,25,331,32,12,9,21,1,1884,2,0,0,0,0,0,0,0,0,0,0,0,0,0,0,0,0,0,0,0,0,0,0,0,0,0,0,0,0,0,,0,0,0,0,0,0,0,0,0,0,0,0,0,0,https://data.ninjakiwi.com/btd6/users/9fbe418fda9faba41e108b4a5b73b77198054bbc9846df39,https://static-api.nkstatic.com/appdocs/4/assets/opendata/c222d33c20b59c0a4d8d85fcb20e9ef4_ProfileAvatar33.png
Spike Wong,195117,9920000,11158025,,7911,5837,7446,4536,2651,1768,164,2047,3196,10394,3658,1207,1544,2685,3914,1046,3700,2101,5642,1437,10180,2929,4888,1525,925,615,808,619,537,26.0,1776,510,501,352,108,665,795,286,266,446,199,92,15083,8,0,0,0,0,0,0,0,0,0,0,0,0,0,0,0,0,0,0,0,0,0,0,0,0,0,0,0,0,0,0.0,0,0,0,0,0,0,0,0,0,0,0,0,0,0,https://data.ninjakiwi.com/btd6/users/9cbb43da8e96aaf34a42da4a0e76e67fcc551aee9946df38,https://static-api.nkstatic.com/appdocs/4/assets/opendata/c8bf00671de2364f03e72ec73bf26419_ProfileAvatar14.png
darkage23,195167,9906000,11158025,,18714,10943,4411,3806,3138,1575,226,10323,8000,15065,6000,2632,650,1094,5378,4163,7946,9370,6033,467,26657,2596,10686,3818,623,1131,507,236,1254,10.0,1447,191,277,72,37,297,3302,142,146,137,100,30,14326,20,0,0,0,0,0,0,0,0,0,0,0,0,0,0,0,0,0,0,0,0,0,0,0,0,0,0,0,0,0,0.0,0,0,0,0,0,0,0,0,0,0,0,0,0,0,https://data.ninjakiwi.com/btd6/users/9ce9418b89c7fff34a4b89425a21e77ece504ee8cc188c3c,https://static-api.nkstatic.com/appdocs/4/assets/opendata/0a6a687f63b8a314620ea0faa9d6c853_ProfileAvatar119.png
yongge,195300,7393000,11158025,,9673,3433,836,2054,1529,1110,729,4321,2460,2416,2282,910,570,540,2437,742,2513,2905,2181,461,5446,1838,3627,1836,178,430,161,126,304,72.0,225,64,126,59,45,623,1623,141,118,427,95,23,14737,2,0,0,0,0,0,0,0,0,0,0,0,0,0,0,0,0,0,0,0,0,0,0,0,0,0,0,0,0,0,0.0,0,0,0,0,0,0,0,0,0,0,0,0,0,0,https://data.ninjakiwi.com/btd6/users/9fbc45da8d93aca31a458a4a0e75e621cf554cb99717df39,https://static-api.nkstatic.com/appdocs/4/assets/opendata/c222d33c20b59c0a4d8d85fcb20e9ef4_ProfileAvatar33.png
Shingenax,195933,6068000,11158025,,1041,515,286,233,316,364,93,605,502,683,243,142,147,133,642,149,890,1121,452,208,892,107,798,119,73,106,17,42,134,9.0,613,40,1,14,1,17,57,221,12,2,2,0,1970,0,0,0,0,0,0,0,0,0,0,0,0,0,0,0,0,0,0,0,0,0,0,0,0,0,0,0,0,0,0,0.0,0,0,0,0,0,0,0,0,0,0,0,0,0,0,https://data.ninjakiwi.com/btd6/users/9cb742dd8a9ef9ac10148e185922e724cc551ce9c817d869,https://static-api.nkstatic.com/appdocs/4/assets/opendata/e0efcee62da40708a4c0a872f76bd89c_ProfileAvatar66.png
bankennkun,196800,7732000,11158025,,11334,10260,3810,7286,4133,1545,252,5697,3992,10663,8084,2889,1234,1580,6147,3404,6844,3844,5472,815,17200,4749,4935,4106,1144,989,609,152,622,13.0,662,75,272,289,57,278,2225,181,203,83,223,31,15176,61,0,0,0,0,0,0,0,0,0,0,0,0,0,0,0,0,0,0,0,0,0,0,0,0,0,0,0,0,0,0.0,0,0,0,0,0,0,0,0,0,0,0,0,0,0,https://data.ninjakiwi.com/btd6/users/9fbb14d88d90fea31f16dd1e5825e025c80148b89e13de30,https://static-api.nkstatic.com/appdocs/4/assets/opendata/dde591f892378966311bee7369cf6d05_ProfileAvatar38.png
Barbatos,177483,49761000,3601556,,4100,2297,1048,1259,1260,872,659,1500,1067,1882,828,320,574,544,997,505,1529,1870,1204,885,2549,657,1966,959,527,361,118,165,142,41.0,211,67,197,50,142,291,758,9,111,161,7,0,3998,2,11,31,1,3,3,1,8,1,6,0,0,2,0,0,0,0,1,13,0,5,2,4,5,4,7,0,0,0,1,0.0,8,0,0,0,0,0,0,0,0,0,0,0,10,0,https://data.ninjakiwi.com/btd6/users/9fb81e88d694afa61d138c425e75ee249a0d4fbaca42db31,https://static-api.nkstatic.com/appdocs/4/assets/opendata/ff853797e300ae69f8fbe20acabac75b_ProfileAvatar106.png
eliminatedphi,197100,798000,1605955,,21668,10404,7630,6293,9279,1886,428,3993,6260,12463,7440,1788,3727,2055,5818,1800,9654,9659,12961,1295,21305,2442,10164,5245,1578,1004,2017,1195,1525,93.0,2112,1059,588,328,228,1531,1326,386,608,253,857,30,37770,25,3,0,0,0,0,0,0,0,6,0,0,0,0,6,0,0,0,12,0,3,0,0,0,0,0,0,0,0,0,0.0,3,0,0,0,0,0,0,0,0,0,0,0,4,0,https://data.ninjakiwi.com/btd6/users/9cb844dfde90adf01a448c1a5f74e024cc5018bdcc148b3e,https://static-api.nkstatic.com/appdocs/4/assets/opendata/e02041c502508f551690933405cb548d_ProfileAvatar96.png
boye,198550,6018000,8801106,,7287,1140,752,980,915,1169,607,2714,1617,2293,993,279,242,341,981,663,845,1929,1402,1209,2902,1259,2889,534,248,404,258,33,83,209.0,174,7,583,5,3,497,438,51,152,192,17,1,4419,0,0,0,0,0,0,0,0,0,0,0,0,0,0,0,0,0,0,0,0,0,0,0,0,0,0,0,0,0,0,0.0,0,0,0,0,0,0,0,0,0,0,0,0,0,0,https://data.ninjakiwi.com/btd6/users/9fb7468ed7c0aaa71914de1d5720b2249e5649eac813d06e,https://static-api.nkstatic.com/appdocs/4/assets/opendata/90c55ab36f3552975a6eb7251c17319d_ProfileAvatar55.png
No_Message,199117,5722000,7087222,,6927,5219,2703,4641,3949,2396,54,4646,3501,6200,2575,1535,1605,1433,3419,2281,3788,4290,3616,192,17355,2518,7293,5582,881,263,293,139,327,23.0,414,89,186,233,32,433,2102,80,182,171,711,79,18515,32,0,0,0,0,0,0,0,0,0,0,0,0,0,0,0,0,0,0,0,0,0,0,0,0,0,0,0,0,0,0.0,0,0,0,0,0,0,0,0,0,0,0,0,0,0,https://data.ninjakiwi.com/btd6/users/9fbd10d8d890f9ad1b4bde430a7ae771c5511ced9e438a3b,https://static-api.nkstatic.com/appdocs/4/assets/opendata/8c405921ff0379d066d6bbe3276fa8a6_ProfileAvatar02.png
TopDogRover414,200150,1366000,7087222,,8695,10656,2061,1849,2257,1365,184,3680,2428,9584,3608,1381,381,1733,2502,2783,10536,4134,3155,507,17146,1627,5200,3004,363,413,123,90,637,9.0,379,61,64,43,3,258,486,65,79,75,246,3,6007,3,0,0,0,0,0,0,0,0,0,0,0,0,0,0,0,0,0,0,0,0,0,0,0,0,0,0,0,0,0,0.0,0,0,0,0,0,0,0,0,0,0,0,0,0,0,https://data.ninjakiwi.com/btd6/users/9ced44dadc97fbac4e458d1a0d73e07fcf011bedcc448a6e,https://static-api.nkstatic.com/appdocs/4/assets/opendata/fde872ddfd1aa89d03193297e7d28762_ProfileAvatar75.png
Snaves,200450,3948000,7087222,,14590,13086,3143,3142,3208,1468,243,5587,4032,12133,5790,2127,808,1356,4917,3057,11040,5842,4820,483,21622,3315,6835,3997,912,962,375,251,1104,17.0,1975,163,166,182,38,270,685,189,168,248,98,35,11257,6,0,0,0,0,0,0,0,0,0,0,0,0,0,0,0,0,0,0,0,0,0,0,0,0,0,0,0,0,0,0.0,0,0,0,0,0,0,0,0,0,0,0,0,0,0,https://data.ninjakiwi.com/btd6/users/9ce9418c8e97aaf11141da480c73e77eca0019ee98118a38,https://static-api.nkstatic.com/appdocs/4/assets/opendata/0a6a687f63b8a314620ea0faa9d6c853_ProfileAvatar119.png
Cccyx,200750,7363000,0,,597,164,168,143,130,92,28,524,59,308,266,297,76,138,164,94,344,493,209,86,431,137,349,220,59,42,15,10,30,,43,1,1,5,0,49,192,7,3,255,1,1,1327,0,7,0,0,1,0,0,4,3,3,0,1,9,0,0,1,0,3,4,11,3,0,0,3,0,0,0,0,0,0,,3,0,0,0,0,0,1,0,0,1,2,0,21,0,https://data.ninjakiwi.com/btd6/users/9fbc448dd8c4fda21c17d94e5d71ef21c45619bb99128a3c,https://static-api.nkstatic.com/appdocs/4/assets/opendata/db32af61df5646951a18c60fe0013a31_ProfileAvatar01.png
iob_nnif,200583,10527000,0,,984,406,257,310,114,176,110,531,290,435,118,228,119,317,284,216,299,323,358,115,659,97,444,241,128,54,49,5,207,,94,0,30,0,0,70,13,22,2,11,44,0,1291,1,25,2,1,0,0,1,4,2,12,0,0,2,0,1,1,0,2,11,2,9,0,0,0,0,0,0,0,0,0,,10,0,0,0,0,0,1,0,0,1,0,0,34,0,https://data.ninjakiwi.com/btd6/users/9fbc1082dbc7f0a54d118f4e0e26b726c5064cb89c46d03c,https://static-api.nkstatic.com/appdocs/4/assets/opendata/b1ef093283db879ae51f4dc27b82a5a0_ProfileAvatar37.png
neon.,201117,9196000,1014119,,569,442,293,468,264,223,197,371,231,338,178,148,179,93,382,295,391,382,537,82,340,202,373,219,85,94,13,17,104,59.0,92,0,31,12,12,16,172,4,34,14,7,43,1307,4,2,0,0,0,0,1,1,5,1,17,8,1,0,5,2,6,5,4,1,1,1,1,4,0,0,0,0,0,0,0.0,1,0,0,0,0,0,5,0,0,0,0,0,8,0,https://data.ninjakiwi.com/btd6/users/9ce941d9d991fba11a42dc4b5672e77ec8031bef9a45da38,https://static-api.nkstatic.com/appdocs/4/assets/opendata/a1f857b4a0c0f1c1476a65f5ded7fdf9_ProfileAvatar117.png
SonTingDo,197933,10118000,5862429,,3169,2259,2643,2170,1148,977,75,993,1462,3983,1589,552,748,1004,1676,638,1413,1029,3153,964,5666,1309,2146,1001,1087,270,263,208,161,17.0,341,78,133,154,95,616,388,118,165,107,91,82,4467,0,7,0,3,1,1,1,1,0,8,23,0,2,0,14,0,0,0,2,0,7,11,2,2,0,7,0,0,0,0,0.0,6,0,0,0,0,0,0,1,0,0,0,0,7,0,https://data.ninjakiwi.com/btd6/users/9fbc1ed98a91a8f718458e435d76e677cb071fea9a438931,https://static-api.nkstatic.com/appdocs/4/assets/opendata/e02041c502508f551690933405cb548d_ProfileAvatar96.png
Cool raptor,183983,13458000,18846125,,299,150,177,202,88,64,48,104,123,94,128,53,25,51,118,84,400,110,114,87,757,51,256,37,33,25,3,7,24,,57,0,0,13,0,10,54,15,0,7,13,0,770,0,23,0,0,0,0,0,11,0,10,0,5,5,0,0,0,0,0,12,0,8,22,1,6,0,0,0,0,0,0,,11,0,0,0,0,0,0,0,0,0,0,0,14,0,https://data.ninjakiwi.com/btd6/users/9fbd438f8cc0f8a31842dd4e0971b577990d1cea96458938,https://static-api.nkstatic.com/appdocs/4/assets/opendata/5ecbf8e3e22e2575ce5eeb7230c15392_ProfileAvatar07.png
EndP_MuC,152783,30428000,314918393,,5954,1354,796,1502,1495,1048,68,5413,2526,3863,2782,1040,570,552,2484,1432,2850,3147,2669,267,7400,2163,4413,1763,636,125,127,57,128,,1113,118,126,102,14,500,718,94,227,1139,325,90,7572,538,111,0,0,0,0,0,2,0,44,0,0,0,0,0,0,0,0,141,0,79,0,0,0,0,0,0,0,0,0,,39,0,0,0,0,0,0,0,0,0,0,0,76,3,https://data.ninjakiwi.com/btd6/users/9fbb42dfd6c2f8f04e16864a0c75ee769d511eb5ca41d938,https://static-api.nkstatic.com/appdocs/4/assets/opendata/1b8654eb3f267a679b6ec28e2890effe_ProfileAvatar113.png
D,201717,4558000,3952796,,616,634,168,95,254,257,103,137,179,870,531,233,181,82,310,127,141,211,210,217,728,230,299,177,291,301,8,1,55,8.0,10,10,0,0,0,340,13,0,1,0,15,0,1127,0,0,0,0,0,0,0,0,0,0,0,0,0,0,0,0,0,0,0,0,0,0,0,0,0,0,0,0,0,0,0.0,0,0,0,0,0,0,0,0,0,0,0,0,0,0,https://data.ninjakiwi.com/btd6/users/9fb6178bd99faaa64e1486495776e525c85519bd9817d93f,https://static-api.nkstatic.com/appdocs/4/assets/opendata/5ecbf8e3e22e2575ce5eeb7230c15392_ProfileAvatar07.png
EZ4ENCE,201817,6672000,3952796,,2894,320,677,447,541,715,160,598,477,394,473,1144,259,462,646,297,547,790,202,309,1227,425,914,291,111,45,35,4,24,47.0,10,48,40,29,11,789,251,97,22,17,8,14,3502,3,0,0,0,0,0,0,0,0,0,0,0,0,0,0,0,0,0,0,0,0,0,0,0,0,0,0,0,0,0,0.0,0,0,0,0,0,0,0,0,0,0,0,0,0,0,https://data.ninjakiwi.com/btd6/users/9fbe118a8ac4fcf01d42da1a5a74e272cd061dbdcd418c69,https://static-api.nkstatic.com/appdocs/4/assets/opendata/be99bb17f8ab6d4953edcfcb2c6e7e0c_ProfileAvatar48.png
NobleSquire4234,204117,6001000,3952796,,835,250,420,262,235,180,30,430,464,1003,273,232,124,219,321,190,396,817,387,46,3172,170,797,485,174,25,117,14,44,15.0,101,41,25,5,0,39,125,7,7,22,58,0,1502,0,0,0,0,0,0,0,0,0,0,0,0,0,0,0,0,0,0,0,0,0,0,0,0,0,0,0,0,0,0,0.0,0,0,0,0,0,0,0,0,0,0,0,0,0,0,https://data.ninjakiwi.com/btd6/users/9fbb468c8ac7aff349408e4c0927e42199571cbe98128a6b,https://static-api.nkstatic.com/appdocs/4/assets/opendata/b1ef093283db879ae51f4dc27b82a5a0_ProfileAvatar37.png
PernaCruel,204350,8693000,3952796,,71,81,75,31,33,69,1,27,25,55,151,12,23,0,38,4,62,74,49,9,49,39,39,42,0,11,16,1,14,,15,0,0,0,0,15,0,0,0,0,0,0,178,0,0,0,0,0,0,0,0,0,0,0,0,0,0,0,0,0,0,0,0,0,0,0,0,0,0,0,0,0,0,,0,0,0,0,0,0,0,0,0,0,0,0,0,0,https://data.ninjakiwi.com/btd6/users/9fb8118b8d92afac1d44d94c0c22e021ca011eed97198a39,https://static-api.nkstatic.com/appdocs/4/assets/opendata/db32af61df5646951a18c60fe0013a31_ProfileAvatar01.png
SoggyDough,206117,5426000,3952796,,138,79,112,26,24,29,11,139,36,88,166,20,12,13,30,22,89,78,64,50,429,71,207,54,3,53,2,5,29,,27,0,0,0,0,4,12,0,0,0,0,0,238,0,0,0,0,0,0,0,0,0,0,0,0,0,0,0,0,0,0,0,0,0,0,0,0,0,0,0,0,0,0,,0,0,0,0,0,0,0,0,0,0,0,0,0,0,https://data.ninjakiwi.com/btd6/users/9fb6138f8b91a8f44916de425a72e072ca031bedca13de3b,https://static-api.nkstatic.com/appdocs/4/assets/opendata/db32af61df5646951a18c60fe0013a31_ProfileAvatar01.png
ectosport,207567,7876000,3952796,,9736,5115,1775,4434,3522,1304,385,3037,2590,4986,3206,1489,578,1327,2943,1385,3946,2854,3994,1333,4862,2444,3225,1961,618,411,383,265,748,238.0,353,165,166,142,199,837,1049,92,175,369,60,39,9284,17,0,0,0,0,0,0,0,0,0,0,0,0,0,0,0,0,0,0,0,0,0,0,0,0,0,0,0,0,0,0.0,0,0,0,0,0,0,0,0,0,0,0,0,0,0,https://data.ninjakiwi.com/btd6/users/9fbb44d8db96f0f01e45891d5b74e173c9021ab4ca12d03b,https://static-api.nkstatic.com/appdocs/4/assets/opendata/d56343c849e0e59dfb82713e9ff7f1e3_ProfileAvatar84.png
Dragon Diety,207583,9200000,1014119,,1121,362,974,1657,588,401,9,428,831,1468,603,170,314,295,764,332,762,524,805,55,2586,434,1303,533,60,89,170,13,47,,145,9,1,0,0,25,399,6,0,0,219,1,4342,2,44,0,0,0,0,0,1,0,26,0,0,1,0,1,0,0,0,11,0,20,0,0,0,0,0,0,0,0,0,,23,0,0,0,0,0,0,0,0,0,0,0,45,0,https://data.ninjakiwi.com/btd6/users/9fbd41898b91fbac1b44864b5621b2229d0c1cba9d15893b,https://static-api.nkstatic.com/appdocs/4/assets/opendata/c1967adc6df2da4f101ef3112206484a_ProfileAvatar16.png
Roy,207683,9363000,2938677,,15483,7059,3656,4692,4646,1941,268,3731,3339,9157,4279,2041,1629,1545,4284,2636,9633,4769,4730,744,22327,1380,6488,1893,586,389,1339,311,738,75.0,702,501,286,238,93,1518,513,194,213,223,418,41,16088,7,0,0,0,0,0,0,0,0,0,0,0,0,0,0,0,0,0,0,0,0,0,0,0,0,0,0,0,0,0,0.0,0,0,0,0,0,0,0,0,0,0,0,0,0,0,https://data.ninjakiwi.com/btd6/users/9cea118b899efda31d4489430c72e022980d48b49819dd3a,https://static-api.nkstatic.com/appdocs/4/assets/opendata/0a6a687f63b8a314620ea0faa9d6c853_ProfileAvatar119.png
sinraw,208050,4151000,2938677,,291,401,237,158,114,151,34,271,116,197,286,23,12,62,104,194,396,269,58,25,744,85,212,144,65,22,3,1,30,,2,0,0,23,0,1,110,0,0,0,0,0,415,2,0,0,0,0,0,0,0,0,0,0,0,0,0,0,0,0,0,0,0,0,0,0,0,0,0,0,0,0,0,,0,0,0,0,0,0,0,0,0,0,0,0,0,0,https://data.ninjakiwi.com/btd6/users/9fbb178dd690faa34e40da4e0b72ef77cf0c4fe99e46da6e,https://static-api.nkstatic.com/appdocs/4/assets/opendata/e0efcee62da40708a4c0a872f76bd89c_ProfileAvatar66.png
Playerlee5,208417,9939000,2938677,,3024,864,612,532,286,484,95,1280,1011,689,339,336,168,131,747,329,831,1185,794,340,786,566,887,377,234,231,63,53,192,3.0,155,28,83,96,86,251,331,124,42,94,20,6,2968,0,0,0,0,0,0,0,0,0,0,0,0,0,0,0,0,0,0,0,0,0,0,0,0,0,0,0,0,0,0,0.0,0,0,0,0,0,0,0,0,0,0,0,0,0,0,https://data.ninjakiwi.com/btd6/users/9fb844dfdac7abad1f10874f0b22e726c45048b89a41dc38,https://static-api.nkstatic.com/appdocs/4/assets/opendata/26293623868238ca9e57e6a4f8c65eef_ProfileAvatar04.png
n0 Skilz,210250,4517000,2938677,,2126,1186,623,685,398,195,119,913,1086,1072,816,306,194,263,772,248,963,681,1019,281,3230,529,962,539,252,89,78,18,164,41.0,67,21,31,22,6,88,116,49,46,40,111,9,3186,10,0,0,0,0,0,0,0,0,0,0,0,0,0,0,0,0,0,0,0,0,0,0,0,0,0,0,0,0,0,0.0,0,0,0,0,0,0,0,0,0,0,0,0,0,0,https://data.ninjakiwi.com/btd6/users/9ce914dfdac2fef41b468e490b74e2229e001eb8c845d83e,https://static-api.nkstatic.com/appdocs/4/assets/opendata/a1f857b4a0c0f1c1476a65f5ded7fdf9_ProfileAvatar117.png
Pebis,202033,10823000,1014119,,880,873,190,416,290,278,30,676,556,1731,899,265,96,268,617,244,858,673,623,124,4185,480,903,723,157,45,31,19,62,3.0,108,2,9,0,0,3,227,18,19,6,28,1,1406,0,58,0,0,0,0,0,9,0,25,0,0,8,0,9,0,0,0,16,0,26,0,0,0,0,0,0,0,0,0,0.0,5,0,0,0,0,0,0,0,0,0,0,0,35,0,https://data.ninjakiwi.com/btd6/users/9fbc448d8e92f9a14d43d94d5821b37e9e571dba9915de31,https://static-api.nkstatic.com/appdocs/4/assets/opendata/4d406ac8b5d3b1490b813296b824b7ef_ProfileAvatar41.png
The Radiance,189133,10777000,11259729,,16999,10343,6461,8764,8725,3383,740,7251,6530,11776,7562,2255,3141,2512,6662,2596,8399,10575,8343,1760,19908,4026,10030,4313,1682,835,1855,670,742,33.0,2441,868,647,570,195,593,1357,248,392,433,402,144,35171,33,12,0,0,0,0,0,6,0,19,0,3,3,0,0,0,0,0,16,0,2,0,0,0,0,0,2,0,0,0,0.0,5,0,0,0,0,0,0,0,0,0,0,0,9,0,https://data.ninjakiwi.com/btd6/users/9cec4389d8c5f9f71d148a4a5e76e421cd001fb4c816dd3c,https://static-api.nkstatic.com/appdocs/4/assets/opendata/c91b34aa57f255f02b139d56ce8d083c_ProfileAvatar49.png
ThatOneGuy,213967,7201000,0,,1040,743,316,230,501,432,128,546,600,531,259,140,142,136,228,157,510,760,322,462,982,204,567,236,134,103,58,12,85,26.0,22,34,27,14,15,111,155,52,36,42,6,3,1193,0,6,0,0,0,0,0,1,1,7,0,6,2,0,0,1,0,0,3,0,3,0,0,0,0,0,0,0,0,0,0.0,1,0,0,0,0,1,3,0,0,0,0,0,12,0,https://data.ninjakiwi.com/btd6/users/9fbd118bd6c3aca04b4587185d7be5779d0648ee9e17896c,https://static-api.nkstatic.com/appdocs/4/assets/opendata/b2795bc0400051550b15778233a07d77_ProfileAvatar72.png
W1LK1NS,216750,3307000,0,,1081,592,310,330,160,182,80,264,327,487,492,209,194,228,542,399,830,187,427,133,685,174,331,206,136,181,13,7,163,120.0,54,12,74,7,3,65,233,108,0,73,24,10,2048,3,0,0,0,0,0,0,0,0,0,0,0,0,0,0,0,0,0,0,0,0,0,0,0,0,0,0,0,0,0,0.0,0,0,0,0,0,0,0,0,0,0,0,0,0,0,https://data.ninjakiwi.com/btd6/users/9fbf41828d96aaf04946894a0d76e07ecb551de9cd16893b,https://static-api.nkstatic.com/appdocs/4/assets/opendata/9bc303571d618df5c942b015e66b0276_ProfileAvatar15.png
SlaineD,217050,7723000,0,,31705,15053,4364,5784,5149,2421,174,10513,7357,16629,8175,2725,858,1762,9802,4121,13922,11545,9247,705,22799,2879,12055,3060,560,1521,1272,252,995,18.0,5465,305,234,150,35,1667,2557,916,198,270,170,15,27457,21,0,0,0,0,0,0,0,0,0,0,0,0,0,0,0,0,0,0,0,0,0,0,0,0,0,0,0,0,0,0.0,0,0,0,0,0,0,0,0,0,0,0,0,0,0,https://data.ninjakiwi.com/btd6/users/9ce9448adec2aba51f428d190b71e27fce0c4eb4cf13da6a,https://static-api.nkstatic.com/appdocs/4/assets/opendata/0a6a687f63b8a314620ea0faa9d6c853_ProfileAvatar119.png
Heid,174017,165392000,14373455,,23139,14737,5617,11830,8204,3562,808,9815,6831,17434,8780,4940,2873,4325,9897,3182,13016,6347,6610,3436,15810,8740,10303,5610,1207,978,660,453,610,42.0,1230,324,307,311,275,285,2395,231,486,678,418,199,15237,22,291,4,29,41,6,4,44,62,59,33,54,33,1,20,1,4,30,182,3,87,142,34,57,53,12,0,0,0,0,0.0,57,0,0,1,0,0,17,0,0,3,0,0,82,1,https://data.ninjakiwi.com/btd6/users/9fba1688df9ffcf41f468e1e5e70b2219e0518be99458931,https://static-api.nkstatic.com/appdocs/4/assets/opendata/45be0eb328a702f2fd05784511ee9f18_ProfileAvatar89.png
OliveKnight897,219900,9522000,0,,5364,1609,810,1424,1024,657,695,1495,1484,2505,2389,545,184,359,1140,625,1514,1479,1556,412,4023,1469,2182,1335,456,111,51,46,202,88.0,226,22,39,35,113,239,414,56,89,124,197,13,4159,1,0,0,0,0,0,0,0,0,0,0,0,0,0,0,0,0,0,0,0,0,0,0,0,0,0,0,0,0,0,0.0,0,0,0,0,0,0,0,0,0,0,0,0,0,0,https://data.ninjakiwi.com/btd6/users/9fb842d9db9fa8ad4c10d91e0971e271ce054cba9f438c30,https://static-api.nkstatic.com/appdocs/4/assets/opendata/ff853797e300ae69f8fbe20acabac75b_ProfileAvatar106.png
537Kitsune,220567,6547000,0,,404,332,208,512,170,138,151,230,161,415,136,90,90,143,269,73,236,163,257,331,222,145,116,172,53,24,14,19,30,31.0,8,11,21,1,2,90,97,15,20,65,0,6,1261,0,0,0,0,0,0,0,0,0,0,0,0,0,0,0,0,0,0,0,0,0,0,0,0,0,0,0,0,0,0,0.0,0,0,0,0,0,0,0,0,0,0,0,0,0,0,https://data.ninjakiwi.com/btd6/users/9fb7428bd6c0f9a54c168f4f0e73ee74990349b9cb468e3f,https://static-api.nkstatic.com/appdocs/4/assets/opendata/ab4e2441cc228cff13033032e2f737d8_ProfileAvatar46.png
Luiamune,220967,5153000,0,,1121,766,326,444,256,105,40,249,515,1122,347,117,122,194,380,212,752,640,497,58,2463,138,588,270,66,144,93,40,108,6.0,226,6,35,31,2,9,93,35,25,11,29,4,1541,1,0,0,0,0,0,0,0,0,0,0,0,0,0,0,0,0,0,0,0,0,0,0,0,0,0,0,0,0,0,0.0,0,0,0,0,0,0,0,0,0,0,0,0,0,0,https://data.ninjakiwi.com/btd6/users/9ced17dd8991aaf4491687490c77e426cd0748ef9b14da6a,https://static-api.nkstatic.com/appdocs/4/assets/opendata/74f14994aa1c578f556126fe6cdcfded_ProfileAvatar85.png
Jen,187817,14207000,11259729,,1532,591,412,489,541,438,290,685,490,857,322,173,176,221,915,201,642,346,1087,1008,2513,403,780,420,161,68,52,45,921,135.0,227,16,16,68,46,55,141,13,27,4,7,0,3131,1,5,0,1,1,3,0,2,0,3,1,0,1,0,1,0,1,0,6,1,2,3,0,1,0,0,0,0,0,0,2.0,3,0,0,0,0,0,0,0,0,0,0,0,5,0,https://data.ninjakiwi.com/btd6/users/9fb74482d9c4aaad49468a4f0926b077cf571eed97458a31,https://static-api.nkstatic.com/appdocs/4/assets/opendata/db32af61df5646951a18c60fe0013a31_ProfileAvatar01.png
Monkarooooo,222650,2733000,0,,1146,781,593,560,492,344,23,817,674,1336,765,424,304,392,716,629,1350,908,848,171,2237,417,926,676,242,135,41,64,103,,68,35,33,73,10,65,199,50,23,48,29,21,2268,1,0,0,0,0,0,0,0,0,0,0,0,0,0,0,0,0,0,0,0,0,0,0,0,0,0,0,0,0,0,,0,0,0,0,0,0,0,0,0,0,0,0,0,0,https://data.ninjakiwi.com/btd6/users/9fba1289d792f1a01f42da495c27b275c8071cbd9d108e6d,https://static-api.nkstatic.com/appdocs/4/assets/opendata/db32af61df5646951a18c60fe0013a31_ProfileAvatar01.png
AKRYL1K,223017,3110000,0,,2277,544,780,427,317,412,59,813,1118,205,295,243,85,209,637,431,1108,1190,549,31,825,166,667,184,32,101,35,17,135,1.0,120,48,53,10,0,394,351,86,20,54,6,9,3522,0,0,0,0,0,0,0,0,0,0,0,0,0,0,0,0,0,0,0,0,0,0,0,0,0,0,0,0,0,0,0.0,0,0,0,0,0,0,0,0,0,0,0,0,0,0,https://data.ninjakiwi.com/btd6/users/9ceb44ddd9c7abf71e4488495c71e57e9f574ebf9e16de3b,https://static-api.nkstatic.com/appdocs/4/assets/opendata/b1ef093283db879ae51f4dc27b82a5a0_ProfileAvatar37.png
zhiyuan,223700,9739000,0,,1083,569,162,277,370,367,182,1371,519,1390,466,92,37,180,760,113,661,643,620,272,2090,363,799,281,109,98,56,24,83,36.0,152,26,47,12,16,101,297,2,11,103,105,1,2121,0,0,0,0,0,0,0,0,0,0,0,0,0,0,0,0,0,0,0,0,0,0,0,0,0,0,0,0,0,0,0.0,0,0,0,0,0,0,0,0,0,0,0,0,0,0,https://data.ninjakiwi.com/btd6/users/9fb91f8bdf9ef8f04a46dc1d5f74e722ca521bed9918d86b,https://static-api.nkstatic.com/appdocs/4/assets/opendata/4859cfa481a7172af054bd1c704a2c98_ProfileAvatar25.png
joker,223750,4809000,0,,904,519,239,731,332,151,176,411,217,512,336,212,161,183,298,191,342,238,200,260,1521,428,241,321,147,72,27,20,21,36.0,245,10,23,14,18,41,101,3,11,12,5,4,1264,1,0,0,0,0,0,0,0,0,0,0,0,0,0,0,0,0,0,0,0,0,0,0,0,0,0,0,0,0,0,0.0,0,0,0,0,0,0,0,0,0,0,0,0,0,0,https://data.ninjakiwi.com/btd6/users/9fbc1282de95faa01c11da185f71ef70c90719bd9c16896a,https://static-api.nkstatic.com/appdocs/4/assets/opendata/1712b765eb61a45b3c52d198f7df7b5f_ProfileAvatar64.png
Hudson,224350,4396000,0,,726,164,391,217,257,257,25,845,508,436,244,199,158,132,477,212,387,365,463,74,731,135,489,165,140,97,16,15,79,7.0,243,20,21,7,1,213,82,24,22,67,7,2,1979,0,0,0,0,0,0,0,0,0,0,0,0,0,0,0,0,0,0,0,0,0,0,0,0,0,0,0,0,0,0,0.0,0,0,0,0,0,0,0,0,0,0,0,0,0,0,https://data.ninjakiwi.com/btd6/users/9fbd158bdc94f8a51816d9425874b5259f074bb5cb43d930,https://static-api.nkstatic.com/appdocs/4/assets/opendata/575b098c6dc37457814e871dc0a8fbcb_ProfileAvatar09.png
glassesalex,225200,9733000,0,,964,526,384,284,234,215,136,1203,247,652,210,156,91,163,454,168,565,1009,303,353,741,238,651,208,139,139,27,17,47,11.0,88,12,3,6,3,31,230,11,10,2,7,0,1969,1,0,0,0,0,0,0,0,0,0,0,0,0,0,0,0,0,0,0,0,0,0,0,0,0,0,0,0,0,0,0.0,0,0,0,0,0,0,0,0,0,0,0,0,0,0,https://data.ninjakiwi.com/btd6/users/9ce941dfdd94aca61e438d195e70e42198551ce897458c6e,https://static-api.nkstatic.com/appdocs/4/assets/opendata/be99bb17f8ab6d4953edcfcb2c6e7e0c_ProfileAvatar48.png
HappyBoi4436,225367,6755000,0,,499,191,79,93,205,131,58,261,273,301,28,105,54,29,215,28,166,223,105,343,83,96,255,46,47,20,11,9,12,42.0,6,0,4,10,0,38,170,0,8,41,19,0,638,2,0,0,0,0,0,0,0,0,0,0,0,0,0,0,0,0,0,0,0,0,0,0,0,0,0,0,0,0,0,0.0,0,0,0,0,0,0,0,0,0,0,0,0,0,0,https://data.ninjakiwi.com/btd6/users/9fb6138fd795acf41d14dd1f5e20b271980c1bb99e15d16d,https://static-api.nkstatic.com/appdocs/4/assets/opendata/5ecbf8e3e22e2575ce5eeb7230c15392_ProfileAvatar07.png
PanicSeeker36,227583,7600000,0,,275,211,225,121,71,89,34,144,195,473,158,70,54,89,75,194,97,157,57,52,466,73,236,116,84,21,31,15,15,,29,57,0,0,0,2,24,0,7,2,0,0,364,1,0,0,0,0,0,0,0,0,0,0,0,0,0,0,0,0,0,0,0,0,0,0,0,0,0,0,0,0,0,,0,0,0,0,0,0,0,0,0,0,0,0,0,0,https://data.ninjakiwi.com/btd6/users/9ce912d88992f1a11c10dd425875e57ec8071beac842da3e,https://static-api.nkstatic.com/appdocs/4/assets/opendata/c91b34aa57f255f02b139d56ce8d083c_ProfileAvatar49.png
FC Hsiao,228767,6798000,0,,8839,3596,2830,2887,2181,1043,268,2663,2979,3940,1060,942,874,1041,3055,758,2453,742,2471,890,6418,1044,2686,1824,1373,623,187,180,752,392.0,544,132,233,108,89,172,1609,188,133,347,63,97,11155,0,0,0,0,0,0,0,0,0,0,0,0,0,0,0,0,0,0,0,0,0,0,0,0,0,0,0,0,0,0,0.0,0,0,0,0,0,0,0,0,0,0,0,0,0,0,https://data.ninjakiwi.com/btd6/users/9cb946da8cc5fbac1c4a8d195c77ef23ce0319e89b45da3d,https://static-api.nkstatic.com/appdocs/4/assets/opendata/b3bfaf76e60d7b9737216a61480a2846_ProfileAvatar12.png
er_diabl0,229050,5720000,0,,967,232,223,185,258,288,35,457,255,445,286,295,105,92,415,225,501,586,432,91,1034,89,709,214,56,78,28,2,86,33.0,180,11,10,21,0,88,183,22,26,33,24,0,1487,1,0,0,0,0,0,0,0,0,0,0,0,0,0,0,0,0,0,0,0,0,0,0,0,0,0,0,0,0,0,0.0,0,0,0,0,0,0,0,0,0,0,0,0,0,0,https://data.ninjakiwi.com/btd6/users/9fbc1ed8d9c4a8a44c4787480a20b521c80c4fb8c8458d3a,https://static-api.nkstatic.com/appdocs/4/assets/opendata/95c23548e3e767c87ec1ceb087878c2b_ProfileAvatar06.png
stanley30543,231783,1586000,0,,6772,4194,4315,3668,3684,2531,665,2871,4219,4387,2015,1409,1762,1364,3881,1986,5013,4893,5547,1506,5517,3041,3932,3141,2347,665,564,301,919,51.0,1352,297,314,269,64,1177,691,335,267,562,327,62,12710,3,0,0,0,0,0,0,0,0,0,0,0,0,0,0,0,0,0,0,0,0,0,0,0,0,0,0,0,0,0,0.0,0,0,0,0,0,0,0,0,0,0,0,0,0,0,https://data.ninjakiwi.com/btd6/users/9fbe1fdd8dc0a8a61c10d9485e77e3749e524eef9e128b3b,https://static-api.nkstatic.com/appdocs/4/assets/opendata/a9fbb9bd9f1995b8abb85224b44af87f_ProfileAvatar79.png
Gaby Estrella,232633,5138000,0,,1036,395,268,545,306,443,36,600,363,1230,354,311,134,195,606,257,537,540,317,94,1651,423,521,626,177,153,74,49,143,1.0,59,33,13,3,3,253,253,39,24,30,6,2,2347,2,0,0,0,0,0,0,0,0,0,0,0,0,0,0,0,0,0,0,0,0,0,0,0,0,0,0,0,0,0,0.0,0,0,0,0,0,0,0,0,0,0,0,0,0,0,https://data.ninjakiwi.com/btd6/users/9fbd45dada95afa41d40db4f0b74ef23cc0415ef99148b3c,https://static-api.nkstatic.com/appdocs/4/assets/opendata/e02041c502508f551690933405cb548d_ProfileAvatar96.png
Icelash,233567,2485000,0,,1685,746,812,644,847,562,146,670,1701,948,431,250,295,250,827,340,649,1629,647,109,2895,428,1185,499,198,198,60,36,192,9.0,287,67,76,54,14,44,220,64,35,123,87,26,13018,1,0,0,0,0,0,0,0,0,0,0,0,0,0,0,0,0,0,0,0,0,0,0,0,0,0,0,0,0,0,0.0,0,0,0,0,0,0,0,0,0,0,0,0,0,0,https://data.ninjakiwi.com/btd6/users/9cea42d98a9ef1f71017dc1e5974e77399571ebd9618db6b,https://static-api.nkstatic.com/appdocs/4/assets/opendata/51524359fcf0d2950590fed2a24ede0e_ProfileAvatar68.png
janemba1201,233817,2004000,0,,687,149,333,251,183,169,65,485,342,267,243,159,80,81,386,74,273,639,194,108,177,117,500,408,150,125,31,59,177,5.0,23,14,5,5,8,28,282,36,16,62,34,1,1370,1,0,0,0,0,0,0,0,0,0,0,0,0,0,0,0,0,0,0,0,0,0,0,0,0,0,0,0,0,0,0.0,0,0,0,0,0,0,0,0,0,0,0,0,0,0,https://data.ninjakiwi.com/btd6/users/9cec438d8b9ffaf61947d9430e27b521cd071bbeca41d13b,https://static-api.nkstatic.com/appdocs/4/assets/opendata/db32af61df5646951a18c60fe0013a31_ProfileAvatar01.png
Breloom,234467,9546000,0,,1433,926,178,462,507,208,122,977,286,1262,643,231,102,189,346,137,804,363,441,532,1283,442,604,320,130,67,36,23,76,190.0,215,13,136,21,5,186,157,19,15,78,5,3,3040,1,0,0,0,0,0,0,0,0,0,0,0,0,0,0,0,0,0,0,0,0,0,0,0,0,0,0,0,0,0,0.0,0,0,0,0,0,0,0,0,0,0,0,0,0,0,https://data.ninjakiwi.com/btd6/users/9fb9448e8b9eada21e458f480c26b026cc0619b49d44896c,https://static-api.nkstatic.com/appdocs/4/assets/opendata/1a58e43581cdaafdfb751778c20b01ae_ProfileAvatar30.png
Hutch,234917,5055000,0,,425,115,176,86,21,20,38,100,77,105,255,29,37,39,102,36,178,104,84,53,528,63,272,47,81,20,0,0,8,,9,0,0,3,0,0,38,0,0,0,5,0,333,0,0,0,0,0,0,0,0,0,0,0,0,0,0,0,0,0,0,0,0,0,0,0,0,0,0,0,0,0,0,,0,0,0,0,0,0,0,0,0,0,0,0,0,0,https://data.ninjakiwi.com/btd6/users/9fba17dedfc4f8ad1d148c4a5d74e223cf501ebe9f168d3b,https://static-api.nkstatic.com/appdocs/4/assets/opendata/9b884714fa55b339ae9f6e796bffff99_ProfileAvatar31.png
Looooo,199583,10898000,7087222,,5614,3858,1216,2865,2579,889,148,2311,1639,6496,2391,1209,868,974,2044,2720,4074,2107,2464,765,4871,1078,2050,1090,737,403,286,152,168,11.0,440,85,169,56,18,304,1273,135,313,60,62,50,7585,2,0,0,0,0,0,0,0,0,0,0,0,0,0,0,0,0,0,0,0,0,0,0,0,0,0,0,0,0,0,0.0,0,0,0,0,0,0,0,0,0,0,0,0,0,0,https://data.ninjakiwi.com/btd6/users/9fbb458a8cc3f1a34a42db180927e57e99011aed9d14dc6c,https://static-api.nkstatic.com/appdocs/4/assets/opendata/f3752d5059750b24dcb6b5a14068f6ef_ProfileAvatar103.png
Notes,144300,105026000,227791959,,7553,1396,1177,2226,2521,371,453,488,573,1799,228,128,990,948,1357,50,229,3575,1402,2946,157,234,1196,226,54,75,504,292,2,19.0,201,60,10,96,185,26,196,0,258,31,61,0,9969,11,504,3,5,9,0,0,73,8,242,1,2,0,0,3,2,0,0,716,1,507,10,0,5,2,0,0,0,0,0,0.0,253,0,0,0,0,0,2,0,0,0,0,0,408,4,https://data.ninjakiwi.com/btd6/users/9fb843dd8d9eadf34b47dd1a0b21e77fcb551abacf168b69,https://static-api.nkstatic.com/appdocs/4/assets/opendata/db32af61df5646951a18c60fe0013a31_ProfileAvatar01.png
Sindar,178117,10897000,7972404,,6493,1667,588,553,865,445,450,4007,2587,3886,2491,879,405,561,1191,754,2479,2574,1987,695,9221,1350,3629,846,314,148,117,41,360,48.0,430,22,107,42,182,609,857,28,74,187,908,16,7815,59,4,51,2,0,3,0,2,0,1,0,0,0,0,0,0,0,0,2,0,1,40,6,3,23,7,0,0,0,0,0.0,1,0,0,0,0,0,0,0,0,0,2,0,4,0,https://data.ninjakiwi.com/btd6/users/9fba438bd792fbf31c16db4a0e7ae67ec50d1ae99d12df6a,https://static-api.nkstatic.com/appdocs/4/assets/opendata/50113dcf0d0abda55e034354668add69_ProfileAvatar97.png
sensen,180617,11613000,58619907,,1855,764,233,937,824,227,191,778,389,560,509,126,151,304,392,196,793,642,878,547,1613,789,828,336,285,86,88,29,153,26.0,69,38,33,51,46,30,156,8,62,55,80,82,1732,0,0,0,0,0,0,0,0,0,0,0,0,0,0,0,0,0,0,0,0,0,0,0,0,0,0,0,0,0,0,0.0,0,0,0,0,0,0,0,0,0,0,0,0,0,0,https://data.ninjakiwi.com/btd6/users/9fb743d8dac5abac4a478f495e7ae121c50218ba9f42da3d,https://static-api.nkstatic.com/appdocs/4/assets/opendata/9bc303571d618df5c942b015e66b0276_ProfileAvatar15.png
Xiutong,183350,21520000,1357279,,4513,871,621,1042,985,532,421,4138,1116,1523,3137,717,202,170,975,753,1078,2706,2701,995,3887,1585,5484,465,139,37,24,5,138,71.0,219,23,33,17,11,896,146,33,27,451,1880,12,6665,10,31,2,0,2,0,1,19,6,16,0,3,2,0,8,9,1,30,24,5,14,3,0,10,1,0,0,0,0,0,0.0,17,0,0,0,0,11,0,0,0,0,0,0,43,0,https://data.ninjakiwi.com/btd6/users/9fb743d8d79ef0f41842da1d0a7bb425ca0319ee9a11db3c,https://static-api.nkstatic.com/appdocs/4/assets/opendata/d6cbcbc89ed008cc221ff62a58197b47_ProfileAvatar102.png
striker,184600,12307000,8711598,,1041,393,337,603,436,290,168,575,367,579,377,319,121,152,587,255,466,454,290,472,894,298,332,283,88,42,23,5,14,32.0,139,13,70,22,58,147,90,54,6,44,68,1,1370,0,13,2,1,3,1,2,6,1,3,27,2,2,0,0,3,2,1,27,4,3,17,3,7,2,0,0,0,0,0,0.0,10,0,0,0,0,0,0,0,0,0,0,0,12,0,https://data.ninjakiwi.com/btd6/users/9fbe1eddde91faa11b40d91f5f26e576c40c48be9d178969,https://static-api.nkstatic.com/appdocs/4/assets/opendata/90c55ab36f3552975a6eb7251c17319d_ProfileAvatar55.png
SGKoishi,152450,340419000,0,,6506,3754,2549,5933,3426,1475,158,3736,1847,3503,3531,1779,1312,1170,4224,1478,1391,2118,4626,994,3216,2385,3079,1089,614,338,1049,213,666,30.0,512,134,563,239,386,729,1222,214,232,594,503,200,19790,30,210,0,0,0,0,5,16,0,106,0,0,3,0,13,3,1,0,145,1,237,5,1,3,0,5,0,0,0,0,0.0,109,0,0,0,0,0,0,0,0,0,0,0,145,1,https://data.ninjakiwi.com/btd6/users/9fbd1fd9dc94fba41014d9420b26b572c9061eb89642d939,https://static-api.nkstatic.com/appdocs/4/assets/opendata/ba07ae7b394cd4fa9fc329a100505d5b_ProfileAvatar51.png
O.o,188650,11540000,7939890,,14243,6461,1733,7403,4406,1522,338,3613,2621,8364,5178,1691,801,1165,3903,2967,4555,3722,3797,1783,6561,5243,4390,2465,1298,260,591,165,263,48.0,577,49,199,49,376,185,1402,86,243,461,79,36,8165,10,22,0,0,0,0,1,2,3,1,0,5,0,0,2,0,1,0,2,0,1,0,0,2,2,0,0,0,0,0,0.0,2,0,0,0,0,0,0,0,0,0,0,0,3,0,https://data.ninjakiwi.com/btd6/users/9fba1e8f8a96aca14945da195d71e121cd034bbccb42da6a,https://static-api.nkstatic.com/appdocs/4/assets/opendata/0a6a687f63b8a314620ea0faa9d6c853_ProfileAvatar119.png
SierraII052,160717,303824000,34966828,,42528,30251,18564,24272,30073,9085,2515,14364,15811,51005,21104,7552,8189,9325,19543,22944,26554,34118,15119,9510,63501,22363,65830,35830,8574,1095,5163,963,922,97.0,3488,1604,1395,597,452,2449,3399,946,1154,336,1108,283,51792,226,66,3,51,31,45,7,25,1,35,0,6,6,0,2,0,1,1,105,0,68,127,46,68,53,37,0,0,0,0,0.0,40,0,0,0,0,0,1,0,0,0,0,0,42,0,https://data.ninjakiwi.com/btd6/users/9cee1682d79efaa74d1489485b20ef22cb011ab49816de6b,https://static-api.nkstatic.com/appdocs/4/assets/opendata/0a6a687f63b8a314620ea0faa9d6c853_ProfileAvatar119.png
Goose,194000,10327000,0,,1554,775,696,330,410,213,64,449,242,765,333,135,71,123,532,259,635,404,555,40,1172,118,788,265,111,79,55,11,46,21.0,174,13,0,17,0,60,72,20,14,7,36,2,1635,1,9,0,0,1,1,1,2,3,3,0,0,1,1,0,1,2,0,3,3,2,0,0,2,1,0,2,0,0,0,0.0,2,0,0,0,0,0,0,0,0,0,0,0,5,0,https://data.ninjakiwi.com/btd6/users/9fbb178dd7c3fbf318428e495a7ae670c50415ef9d16da6e,https://static-api.nkstatic.com/appdocs/4/assets/opendata/4d406ac8b5d3b1490b813296b824b7ef_ProfileAvatar41.png
yt012355,196917,10667000,2356919,,939,519,289,176,174,192,41,496,296,391,444,174,69,132,217,136,705,478,182,35,1333,206,441,326,65,126,18,17,30,6.0,169,1,1,6,0,11,76,13,1,11,46,2,1640,1,15,1,1,0,2,4,5,7,3,1,1,0,1,1,2,0,3,9,1,4,0,4,11,0,0,0,0,0,0,0.0,2,0,0,0,0,1,2,0,0,1,0,0,7,0,https://data.ninjakiwi.com/btd6/users/9cb946dddec0fca34e118a195c26b477cc0d4fe89d128d30,https://static-api.nkstatic.com/appdocs/4/assets/opendata/a9fbb9bd9f1995b8abb85224b44af87f_ProfileAvatar79.png
Violet,197467,1515000,1713884,,660,349,477,370,399,179,106,310,412,445,268,146,154,105,215,99,248,367,243,165,512,258,347,160,105,19,22,6,61,70.0,49,12,3,18,21,80,182,50,26,48,3,1,1439,0,1,0,0,0,0,1,5,1,1,5,0,0,0,0,0,0,0,3,3,2,1,4,2,18,26,0,0,0,1,0.0,0,0,0,0,0,0,1,0,0,0,0,0,2,0,https://data.ninjakiwi.com/btd6/users/9fb811dddcc0fea51d4186195a22b073c40d49be9e43dc6c,https://static-api.nkstatic.com/appdocs/4/assets/opendata/7a36b416a716db9bca6068d85780c3ee_ProfileAvatar65.png
Mary Bella,197833,9601000,5862429,,6510,2456,2446,2695,889,634,253,3495,3217,3911,1768,1069,397,711,3949,1925,4483,3601,3907,780,8029,1135,2521,999,516,707,213,150,962,49.0,717,135,96,48,52,501,979,244,169,163,138,42,10775,5,0,0,0,0,0,0,0,0,0,0,0,0,0,0,0,0,0,0,0,0,0,0,0,0,0,0,0,0,0,0.0,0,0,0,0,0,0,0,0,0,0,0,0,0,0,https://data.ninjakiwi.com/btd6/users/9fbd44dddd93ada61a108e4b0d27e422cb0718bd9d42dc6e,https://static-api.nkstatic.com/appdocs/4/assets/opendata/ba07ae7b394cd4fa9fc329a100505d5b_ProfileAvatar51.png
GG Bond,198850,10386000,5862429,,9133,5271,1495,5144,2795,1414,122,16092,1683,4364,4408,2214,703,1101,4120,2036,3702,2747,3503,709,10098,3557,3642,4092,672,372,276,178,313,10.0,514,80,78,85,95,258,2078,132,134,7039,158,42,15166,8,0,0,0,0,0,0,0,0,0,0,0,0,0,0,0,0,0,0,0,0,0,0,0,0,0,0,0,0,0,0.0,0,0,0,0,0,0,0,0,0,0,0,0,0,0,https://data.ninjakiwi.com/btd6/users/9fbb1089de97aaa24e4b874b5770b3259f0419bd9811d13e,https://static-api.nkstatic.com/appdocs/4/assets/opendata/0a6a687f63b8a314620ea0faa9d6c853_ProfileAvatar119.png
TeoZinte,199150,11373000,4148545,,665,493,171,161,184,188,42,517,231,636,232,245,85,116,355,137,270,355,349,116,839,166,299,183,78,105,14,20,129,,17,0,0,0,4,2,315,0,1,0,1,0,885,1,0,0,0,0,0,0,0,0,0,0,0,0,0,0,0,0,0,0,0,0,0,0,0,0,0,0,0,0,0,,0,0,0,0,0,0,0,0,0,0,0,0,0,0,https://data.ninjakiwi.com/btd6/users/9fb74588ddc7faf34e16dd495b26e57e98564cbccd198a38,https://static-api.nkstatic.com/appdocs/4/assets/opendata/db32af61df5646951a18c60fe0013a31_ProfileAvatar01.png
RiverFlows,199183,10220000,4148545,,1356,546,175,480,611,165,69,2116,918,1339,2117,1156,118,321,814,333,517,1968,1852,198,1291,1648,2312,354,196,75,29,24,80,22.0,601,13,4,9,31,1051,399,25,5,78,12,1,3082,0,0,0,0,0,0,0,0,0,0,0,0,0,0,0,0,0,0,0,0,0,0,0,0,0,0,0,0,0,0,0.0,0,0,0,0,0,0,0,0,0,0,0,0,0,0,https://data.ninjakiwi.com/btd6/users/9fb917de8ec4f8f04a1786190b26ee22c9521ee9cf178c6b,https://static-api.nkstatic.com/appdocs/4/assets/opendata/90c55ab36f3552975a6eb7251c17319d_ProfileAvatar55.png
Jack,202133,12777000,1014119,,341,233,135,421,70,145,27,549,269,427,337,142,53,125,374,192,365,234,391,163,911,176,302,164,27,66,12,7,75,,96,0,0,12,0,0,56,0,0,0,150,8,1046,0,0,0,0,0,0,0,0,0,0,0,0,0,0,0,0,0,0,0,0,0,0,0,0,0,0,0,0,0,0,,0,0,0,0,0,0,0,0,0,0,0,0,0,0,https://data.ninjakiwi.com/btd6/users/9fbc12df8a96adac4916da4e0d70ef22cf511abfcb128a69,https://static-api.nkstatic.com/appdocs/4/assets/opendata/db32af61df5646951a18c60fe0013a31_ProfileAvatar01.png
Kielzor,202433,11900000,1014119,,1561,770,591,831,231,387,22,630,620,912,383,334,274,214,647,277,647,1113,1031,367,1302,270,1397,420,158,336,112,86,256,3.0,129,29,28,28,48,72,721,133,68,30,16,56,3425,1,0,0,0,0,0,0,0,0,0,0,0,0,0,0,0,0,0,0,0,0,0,0,0,0,0,0,0,0,0,0.0,0,0,0,0,0,0,0,0,0,0,0,0,0,0,https://data.ninjakiwi.com/btd6/users/9fbb428f8ec4f1a51a178643567be675c9054bee9611de6e,https://static-api.nkstatic.com/appdocs/4/assets/opendata/db32af61df5646951a18c60fe0013a31_ProfileAvatar01.png
ruebchen1,205600,11879000,0,,2242,1458,573,897,784,861,8,1527,785,2171,732,512,531,440,890,891,1271,1742,1089,79,4499,666,2091,696,221,165,82,73,186,,188,22,47,39,34,139,542,144,79,47,38,65,4200,4,29,0,0,0,0,0,0,0,22,0,0,6,0,1,0,0,0,10,0,6,0,0,1,2,0,0,0,0,0,,10,0,0,0,0,0,2,0,0,0,0,0,57,0,https://data.ninjakiwi.com/btd6/users/9fbc1edfd691afa311438e1d0c70b073ce031eeac8428b3f,https://static-api.nkstatic.com/appdocs/4/assets/opendata/51524359fcf0d2950590fed2a24ede0e_ProfileAvatar68.png
Ferrr!,205833,11581000,1014119,,5528,1820,1344,1606,1031,771,173,1792,795,2478,1103,716,352,408,1375,638,2091,1057,1759,835,5228,1136,1294,1081,631,225,83,76,135,61.0,252,69,134,54,17,69,209,32,3,21,338,66,3643,0,0,0,0,0,0,0,0,0,0,0,0,0,0,0,0,0,0,0,0,0,0,0,0,0,0,0,0,0,0,0.0,0,0,0,0,0,0,0,0,0,0,0,0,0,0,https://data.ninjakiwi.com/btd6/users/9fb91fddd6c5fdad1e4ad94c5c74e325ca0c4fe8cf10df6c,https://static-api.nkstatic.com/appdocs/4/assets/opendata/86d7452f3b29f1526e655fdf77095185_ProfileAvatar59.png
FuzzyFoxtail,156400,334469000,0,,11189,8358,6770,13444,7599,2038,435,4728,3050,6432,4115,2866,2311,3523,7846,4314,3681,8570,6518,4427,1262,6252,3752,2903,1070,461,971,209,1008,14.0,278,125,205,159,467,255,1667,279,814,376,66,104,19317,12,226,0,0,36,0,0,52,8,177,27,9,37,0,35,0,3,0,732,0,403,0,0,5,3,0,0,0,0,0,0.0,187,0,0,0,0,0,5,0,0,0,0,0,321,0,https://data.ninjakiwi.com/btd6/users/9fbc4182da97aca64a118c4f0b70e2749d041bbd9a148d30,https://static-api.nkstatic.com/appdocs/4/assets/opendata/58c6650f0e67a4737d16441bb0358fc0_ProfileAvatar73.png
Bruce241,208950,11163000,0,,89,76,86,61,55,71,40,111,75,44,65,24,40,60,69,31,45,16,19,177,150,8,56,15,14,199,89,5,18,,5,4,18,1,0,0,97,6,0,48,0,0,1057,0,0,0,0,0,0,0,0,0,0,0,0,0,0,0,0,0,0,0,0,0,0,0,0,0,0,0,0,0,0,,0,0,0,0,0,0,0,0,0,0,0,0,0,0,https://data.ninjakiwi.com/btd6/users/9cb941de8c9ff9a11a418d1f5925b271ca071eb59a108c3e,https://static-api.nkstatic.com/appdocs/4/assets/opendata/b1ef093283db879ae51f4dc27b82a5a0_ProfileAvatar37.png
HeroicTiger3952,209683,10198000,0,,359,283,83,467,41,72,71,242,69,129,76,103,22,22,196,41,98,114,254,51,97,42,196,92,32,127,12,22,17,,19,11,4,0,0,54,44,0,6,4,0,0,807,0,0,0,0,0,0,0,0,0,0,0,0,0,0,0,0,0,0,0,0,0,0,0,0,0,0,0,0,0,0,,0,0,0,0,0,0,0,0,0,0,0,0,0,0,https://data.ninjakiwi.com/btd6/users/9fb712df8a94f9f11c14884f5772e524ce011ce9cb188e3c,https://static-api.nkstatic.com/appdocs/4/assets/opendata/d5e716187088ec0526b6ca36dbfde36b_ProfileAvatar45.png
Luke,211533,11531000,0,,1377,287,250,241,156,219,113,949,726,264,322,216,151,94,317,105,328,1146,461,152,631,221,886,129,101,96,36,13,190,21.0,144,20,13,4,6,142,362,5,14,49,6,24,2015,1,0,0,0,0,0,0,0,0,0,0,0,0,0,0,0,0,0,0,0,0,0,0,0,0,0,0,0,0,0,0.0,0,0,0,0,0,0,0,0,0,0,0,0,0,0,https://data.ninjakiwi.com/btd6/users/9fbd428ad6c4abf1194686495926e673cc571ebd9a13de30,https://static-api.nkstatic.com/appdocs/4/assets/opendata/0e2c86d4eb30133fbbca5f695ac80f9f_ProfileAvatar08.png
Player1412690,213050,12013000,0,,13456,2006,1678,2232,1578,1435,130,11069,5068,9043,2915,4528,1074,637,2297,1015,2367,4272,3741,882,15831,1308,8143,1435,237,1238,385,204,1621,98.0,4742,189,172,59,26,887,537,177,117,263,68,1,18128,4,0,0,0,0,0,0,0,0,0,0,0,0,0,0,0,0,0,0,0,0,0,0,0,0,0,0,0,0,0,0.0,0,0,0,0,0,0,0,0,0,0,0,0,0,0,https://data.ninjakiwi.com/btd6/users/9ce91fdedb94a8a51e45864c5777e626c80115b59945d83d,https://static-api.nkstatic.com/appdocs/4/assets/opendata/51524359fcf0d2950590fed2a24ede0e_ProfileAvatar68.png
YT Jimmabon,149967,207272000,85667171,,39804,18366,32032,46447,38911,8525,79,5526,17415,20615,17514,1589,13485,1030,22693,1613,3459,58300,34874,1070,20087,1417,16594,1646,1219,1884,14225,2525,1070,15.0,6435,2198,1389,984,741,634,11656,251,835,126,3526,835,79928,153,424,0,0,0,0,0,7,0,244,0,0,20,0,0,0,0,0,532,0,538,0,0,0,0,0,0,0,0,0,0.0,269,0,0,0,0,0,0,0,0,0,0,0,316,0,https://data.ninjakiwi.com/btd6/users/9cb61f8edd97f1f44c148f1e5f7ab276cc551cbf9a16d131,https://static-api.nkstatic.com/appdocs/4/assets/opendata/95c23548e3e767c87ec1ceb087878c2b_ProfileAvatar06.png
crystal5888,164850,77494000,47608242,,6201,4311,2873,3276,2912,1444,396,2993,1939,5587,2822,2011,1512,911,3982,1206,2030,4746,3665,1245,8617,603,3469,1633,413,461,582,285,612,46.0,273,208,230,303,446,652,785,178,359,186,173,42,12540,22,21,1,2,3,4,1,8,5,14,0,0,10,1,0,0,0,1,61,0,25,34,2,6,5,0,0,0,0,0,0.0,16,0,0,5,0,0,0,0,0,1,0,0,30,0,https://data.ninjakiwi.com/btd6/users/9fbc4682d994f9ad1b47861e5971e421980c48b99f118d3f,https://static-api.nkstatic.com/appdocs/4/assets/opendata/f3752d5059750b24dcb6b5a14068f6ef_ProfileAvatar103.png
emo,185400,13764000,848214,,593,237,173,85,182,66,68,145,434,775,269,84,16,42,97,41,159,146,63,466,1076,152,407,145,18,8,0,3,5,14.0,7,0,0,0,0,17,102,2,0,0,150,0,770,0,45,3,1,7,12,2,12,0,19,2,3,16,0,6,0,2,0,16,0,66,4,8,14,0,0,0,0,0,0,2.0,2,0,0,0,0,18,0,0,0,0,2,0,32,0,https://data.ninjakiwi.com/btd6/users/9fba46dd8dc0aaa24c4b8b435c20b075c8511ded9d43db6c,https://static-api.nkstatic.com/appdocs/4/assets/opendata/90c55ab36f3552975a6eb7251c17319d_ProfileAvatar55.png
Stainless Al,187517,14063000,9524135,,14015,6651,3250,5264,5167,2280,528,8979,4373,12044,8814,2850,1237,1967,5877,3503,7113,6878,6618,1894,18092,5723,10492,6290,1411,362,358,281,418,39.0,1137,104,2004,129,381,1600,1400,108,164,827,433,178,16801,73,6,0,13,0,0,0,8,0,2,0,0,0,0,0,0,0,0,15,0,3,0,0,7,0,0,0,0,7,0,0.0,2,0,0,0,0,0,0,0,0,0,0,0,10,0,https://data.ninjakiwi.com/btd6/users/9fba4583da97fda21c168f4a0c22b7229d0c4fbacb42d839,https://static-api.nkstatic.com/appdocs/4/assets/opendata/897a07d7352cf7eba60cff2ebc6b4ff4_ProfileAvatar50.png
ikun2,169483,94027000,72004680,,3800,2148,1899,1741,1590,2325,132,7179,1954,2777,3880,836,915,1034,1882,1046,1649,2110,2397,425,3953,1401,2313,720,607,245,394,133,248,27.0,586,133,375,39,92,183,897,105,181,1705,162,96,7672,4,12,0,5,0,0,0,8,7,5,0,0,2,0,1,2,0,0,9,3,5,0,0,2,0,0,0,0,0,0,0.0,6,0,0,0,0,0,8,0,0,0,0,0,13,0,https://data.ninjakiwi.com/btd6/users/9fba17dfda93aaf049148a4d5673e624ce551ebd9b118b31,https://static-api.nkstatic.com/appdocs/4/assets/opendata/0a6a687f63b8a314620ea0faa9d6c853_ProfileAvatar119.png
Love me.,197167,14216000,4848310,,6,29,0,35,27,0,0,7,0,0,25,0,0,2,0,0,1,1,1,0,67,8,8,2,0,0,0,0,0,,5,0,0,0,0,0,0,0,0,0,0,0,7,1,0,0,0,0,0,0,0,0,0,0,0,0,0,0,0,0,0,0,0,0,0,0,0,0,0,0,0,0,0,,0,0,0,0,0,0,0,0,0,0,0,0,0,0,https://data.ninjakiwi.com/btd6/users/9fb613df8ac0adad4c46d9185f70e777c9001abb9745d930,https://static-api.nkstatic.com/appdocs/4/assets/opendata/4859cfa481a7172af054bd1c704a2c98_ProfileAvatar25.png
Oshikai,166833,307279000,11648538,,3884,3495,1056,2452,2643,919,731,1739,1623,3252,509,663,954,772,1520,371,741,2196,1741,2137,1391,396,1133,825,70,375,201,193,27,25.0,160,189,52,109,148,217,549,92,319,42,196,20,6822,2,160,32,6,1,13,2,53,4,84,7,1,19,3,3,13,4,5,126,18,120,51,23,6,5,0,0,0,0,0,0.0,100,0,0,0,0,12,0,0,0,2,0,0,166,0,https://data.ninjakiwi.com/btd6/users/9fb843de8c97aaa11d168b495b22b572cf061fbf9b44dc3e,https://static-api.nkstatic.com/appdocs/4/assets/opendata/690b025a82d05b27715dd610e466ef7f_ProfileAvatar101.png
IKUN,173450,107803000,14367217,,24924,7250,9508,6992,6788,5581,137,26954,9538,11219,10117,8080,2588,3611,8876,3418,8575,13256,8229,537,15264,6453,12056,2726,1004,992,1292,674,1784,13.0,1674,567,748,311,101,1396,3319,449,498,9223,964,139,40389,64,11,6,6,0,0,2,7,21,6,0,15,7,0,2,2,4,3,9,5,5,2,4,4,0,0,0,0,0,0,1.0,6,0,0,0,0,0,13,0,0,1,0,0,20,1,https://data.ninjakiwi.com/btd6/users/9ce9448ddd95fef04d14d94b5a22e77f98561ebb9a13de6e,https://static-api.nkstatic.com/appdocs/4/assets/opendata/0a6a687f63b8a314620ea0faa9d6c853_ProfileAvatar119.png
ikun,168350,137729000,9728637,,6590,3886,419,645,351,920,141,1988,4352,4916,4356,320,164,358,4013,242,4230,1382,1024,346,2129,2228,8758,3874,80,3217,93,21,42,34.0,80,1,778,21,22,105,221,57,97,79,16,14,6212,2,376,116,37,64,76,40,77,74,70,18,148,20,2,10,26,1,8,131,33,118,97,99,119,81,49,16,4,0,5,4.0,44,0,1,0,10,4,5,0,3,7,7,0,192,0,https://data.ninjakiwi.com/btd6/users/9fbc43888ec0f1ad1c148a1e0a77e723ca0c48b9cf17d039,https://static-api.nkstatic.com/appdocs/4/assets/opendata/6449232064814cb0ab3a695f10f67244_ProfileAvatar92.png
xing er,155567,211454000,65426556,,16668,9721,9482,13183,8614,3556,317,8136,6624,8346,5734,2161,3935,2732,8519,3412,5668,11998,10956,2240,13560,3954,9688,6331,2820,846,2833,537,1120,10.0,1436,550,304,268,102,592,1956,265,380,276,757,78,35016,1325,33,1,1,1,0,0,7,0,13,0,0,1,0,1,0,0,0,19,0,25,9,0,0,0,0,0,0,0,0,0.0,14,0,0,0,0,0,0,0,0,0,0,0,16,2,https://data.ninjakiwi.com/btd6/users/9cea118a8b90acf31c4a8649097ae77fc9074ee99743d93e,https://static-api.nkstatic.com/appdocs/4/assets/opendata/51524359fcf0d2950590fed2a24ede0e_ProfileAvatar68.png
MHGBLJ,182483,16191000,0,,277,172,177,65,147,95,153,527,101,156,350,98,34,48,105,33,94,173,95,249,257,60,290,94,30,22,6,9,3,32.0,36,0,4,2,2,22,126,0,0,39,0,0,720,1,17,1,3,34,2,3,5,9,4,1,8,0,0,3,6,11,8,15,5,13,1,0,12,8,0,0,1,0,0,0.0,7,0,0,0,1,0,3,0,0,3,0,0,27,0,https://data.ninjakiwi.com/btd6/users/9fb6178e8e91ada24914da190a72e77ecf071cb897138c3f,https://static-api.nkstatic.com/appdocs/4/assets/opendata/90c55ab36f3552975a6eb7251c17319d_ProfileAvatar55.png
PurpleDolphin4,182617,16652000,10607226,,1403,1010,317,517,405,241,198,470,306,695,425,136,169,272,417,206,547,439,351,303,1475,453,690,598,195,3,10,40,19,14.0,89,0,2,21,11,232,110,2,12,52,21,1,1087,0,33,6,4,3,7,2,3,4,4,3,4,5,1,6,5,5,3,3,7,13,43,3,11,13,7,0,0,0,0,0.0,1,0,0,0,0,2,0,0,0,0,1,0,2,0,https://data.ninjakiwi.com/btd6/users/9fb745d8dc95fead101387195f74ef7e990018b896168e3c,https://static-api.nkstatic.com/appdocs/4/assets/opendata/158a470e0cee590448f4cf8a509ee75e_ProfileAvatar108.png
time2come,183467,15772000,29285262,,2500,894,609,588,459,536,265,1068,733,1947,769,522,348,329,1082,551,1025,885,680,595,2024,733,912,872,539,172,71,72,146,59.0,239,32,22,16,48,85,399,14,36,63,10,9,2997,5,0,0,0,0,0,0,0,0,0,0,0,0,0,0,0,0,0,0,0,0,0,0,0,0,0,0,0,0,0,0.0,0,0,0,0,0,0,0,0,0,0,0,0,0,0,https://data.ninjakiwi.com/btd6/users/9fb915898d92adac4d4bdd1e5a73e773cd0c1ebf9a10db69,https://static-api.nkstatic.com/appdocs/4/assets/opendata/90c55ab36f3552975a6eb7251c17319d_ProfileAvatar55.png
yee,184467,16946000,3801318,,1329,519,477,906,605,428,134,792,678,1072,812,263,171,353,962,420,1096,599,594,266,4584,339,1013,902,376,94,148,24,78,18.0,76,16,26,21,21,73,337,58,32,71,72,15,2659,1,26,0,0,21,0,0,4,2,3,0,5,0,0,1,0,0,4,6,0,3,4,0,3,2,0,0,0,0,0,0.0,4,0,0,0,2,0,0,0,0,0,0,0,9,0,https://data.ninjakiwi.com/btd6/users/9fbb1489d8c2abf41b4adb4e5c72e777c4024eb59d43da3a,https://static-api.nkstatic.com/appdocs/4/assets/opendata/d7efbd08a6cafa2f17faaced7068317a_ProfileAvatar91.png
Bloons,184700,16809000,20592652,,1084,824,604,664,588,358,54,757,319,930,782,201,130,258,562,266,700,761,783,90,2113,190,728,431,75,37,189,1,37,,270,0,0,2,0,1,44,37,0,0,162,2,1921,1,31,0,0,2,0,0,0,0,0,1,0,0,0,0,0,0,2,0,0,0,21,2,5,2,0,0,0,0,0,,2,0,0,0,0,0,0,0,0,0,0,0,4,0,https://data.ninjakiwi.com/btd6/users/9fbc10ded892fcac1e4ada420c77b775cb011ee99e43dc38,https://static-api.nkstatic.com/appdocs/4/assets/opendata/fde872ddfd1aa89d03193297e7d28762_ProfileAvatar75.png
Avocadoman,178567,24196000,23005295,,1194,254,393,268,313,373,67,803,420,590,475,278,162,133,291,202,624,453,388,169,785,352,374,251,183,72,93,23,87,21.0,197,12,84,44,6,50,28,46,14,50,13,3,1903,2,84,0,5,2,2,1,7,0,36,10,5,12,1,1,0,0,3,46,1,31,8,0,0,0,0,1,0,0,0,0.0,35,0,1,0,0,0,0,0,0,0,0,0,77,0,https://data.ninjakiwi.com/btd6/users/9fbf11d8dcc5faa11c17de4b0c74e576980c1abdc8198e3f,https://static-api.nkstatic.com/appdocs/4/assets/opendata/ba07ae7b394cd4fa9fc329a100505d5b_ProfileAvatar51.png
Rifai3000,188267,14387000,11259729,,2794,2148,880,1723,1091,813,59,1236,896,5220,1205,537,424,862,1293,1425,1122,1023,1284,341,6684,951,1637,692,372,127,137,94,112,4.0,242,17,62,13,102,27,299,32,65,19,32,9,5239,4,0,0,0,0,0,0,0,0,0,0,0,0,0,0,0,0,0,0,0,0,0,0,0,0,0,0,0,0,0,0.0,0,0,0,0,0,0,0,0,0,0,0,0,0,0,https://data.ninjakiwi.com/btd6/users/9fbd428f8e9ffef11a10dc1d5e74e422c9021fee9842d931,https://static-api.nkstatic.com/appdocs/4/assets/opendata/58c6650f0e67a4737d16441bb0358fc0_ProfileAvatar73.png
MkidA,189483,17080000,8296293,,7971,5036,1966,2838,2424,1717,327,4207,2351,8079,4408,2444,876,1099,3548,1990,4605,3689,2903,724,8951,2277,4696,2991,1141,1072,558,369,731,65.0,466,252,363,349,177,1250,1138,335,292,352,234,194,12685,50,0,0,0,6,0,0,0,3,0,3,6,0,0,0,3,0,0,0,0,0,0,0,4,3,0,0,0,0,0,0.0,0,0,0,0,0,0,3,0,0,0,0,0,3,0,https://data.ninjakiwi.com/btd6/users/9fbb418b8c9ffdf4104adc4b577aef76c4501cefc8168a6a,https://static-api.nkstatic.com/appdocs/4/assets/opendata/c91b34aa57f255f02b139d56ce8d083c_ProfileAvatar49.png
singsou,188033,26572000,1249552,,3265,2971,533,1060,841,497,120,1172,660,2453,1269,790,259,231,938,652,2172,1052,1164,339,5868,1041,1822,673,265,243,116,61,165,55.0,178,54,82,120,92,204,792,18,57,110,32,22,3630,0,2,0,0,0,0,0,1,0,1,0,0,1,0,0,0,0,0,3,0,1,0,0,0,0,0,0,0,0,0,0.0,1,0,0,0,0,0,0,0,0,0,0,0,1,0,https://data.ninjakiwi.com/btd6/users/9fb813828e90adad1d16da4b5f71b776cf521ee9c8458c69,https://static-api.nkstatic.com/appdocs/4/assets/opendata/db32af61df5646951a18c60fe0013a31_ProfileAvatar01.png
teemotaku,186550,19198000,11556019,,683,25,222,492,23,296,40,800,206,432,205,240,55,85,377,260,350,519,291,86,589,113,680,201,44,20,26,18,40,,277,0,17,13,0,148,81,12,44,2,5,1,1375,2,30,0,0,0,0,0,8,0,10,0,0,7,0,0,0,0,0,15,0,10,0,0,0,0,0,0,0,0,0,,12,0,0,0,0,0,0,0,0,0,0,0,26,0,https://data.ninjakiwi.com/btd6/users/9fbb14d8dbc3fca418408b4f5a70b5729f0615baca148e69,https://static-api.nkstatic.com/appdocs/4/assets/opendata/c9e733296983b2065232101e2cb7fb45_ProfileAvatar21.png
Player,194583,17150000,4070803,,2271,1133,375,525,516,427,294,1546,382,1971,780,220,169,362,1183,446,1423,735,830,435,3743,689,917,547,248,125,97,42,125,12.0,191,18,32,16,4,71,204,25,5,48,7,5,1777,2,0,0,0,0,0,0,0,0,0,0,0,0,0,0,0,0,0,0,0,0,0,0,0,0,0,0,0,0,0,0.0,0,0,0,0,0,0,0,0,0,0,0,0,0,0,https://data.ninjakiwi.com/btd6/users/9fb917d98e90fef11b118f195d70b021980749ea9a14d13a,https://static-api.nkstatic.com/appdocs/4/assets/opendata/753ef14cdff5367a771eba17a9e52f7c_ProfileAvatar83.png
Scented Grap,195050,14958000,4070803,,3593,1553,1198,1649,1167,826,63,2255,1967,2464,1242,1152,1073,790,1533,1000,2031,1388,1826,135,2523,1001,1734,1125,518,222,169,83,296,3.0,270,78,340,59,30,95,465,51,118,82,242,25,8786,2,0,0,0,0,0,0,0,0,0,0,0,0,0,0,0,0,0,0,0,0,0,0,0,0,0,0,0,0,0,0.0,0,0,0,0,0,0,0,0,0,0,0,0,0,0,https://data.ninjakiwi.com/btd6/users/9fbd418b8d90f8a110458c1e0e71b0729d0748ea9814da6c,https://static-api.nkstatic.com/appdocs/4/assets/opendata/ab4e2441cc228cff13033032e2f737d8_ProfileAvatar46.png
Goshawk_61,197850,15089000,0,,912,927,201,243,310,91,67,483,308,452,447,129,72,138,242,294,776,414,326,107,1723,143,471,292,122,74,51,34,303,25.0,82,35,38,20,15,24,50,24,16,18,13,0,2156,1,3,0,0,0,0,0,1,0,1,20,0,1,0,0,0,0,0,4,0,1,0,0,0,0,0,0,0,0,1,0.0,1,0,0,0,0,0,0,0,0,0,0,0,2,0,https://data.ninjakiwi.com/btd6/users/9ced1183dbc3faa04c13894a5a74e222cf034cbc9f18dd3d,https://static-api.nkstatic.com/appdocs/4/assets/opendata/90c55ab36f3552975a6eb7251c17319d_ProfileAvatar55.png
Voudim,199300,16645000,0,,644,171,454,285,75,247,47,587,474,905,131,70,115,90,306,177,398,424,224,88,692,363,584,110,125,55,6,21,21,3.0,48,12,1,0,1,2,165,4,2,10,36,0,1042,3,0,0,0,0,0,0,0,0,0,0,0,0,0,0,0,0,0,0,0,0,0,0,0,0,0,0,0,0,0,0.0,0,0,0,0,0,0,0,0,0,0,0,0,0,0,https://data.ninjakiwi.com/btd6/users/9fbb1fd9dbc7f8f019448c435d25e27eca0518e89f438b39,https://static-api.nkstatic.com/appdocs/4/assets/opendata/74f14994aa1c578f556126fe6cdcfded_ProfileAvatar85.png
DDDBEAR,163450,18143000,298385413,,19841,9125,4378,10031,8738,2842,116,7064,4906,10060,4424,1319,2429,2033,6873,3226,4278,17823,8467,5653,6710,7576,11370,4027,1855,1444,793,536,1014,1.0,1409,171,227,101,1754,221,1692,88,576,1922,613,377,21400,57,52,0,0,0,0,0,4,0,11,0,0,0,0,2,0,0,0,42,0,54,0,0,0,0,0,0,0,0,0,0.0,26,0,0,0,0,0,0,0,0,0,0,0,35,1,https://data.ninjakiwi.com/btd6/users/9fb91f8edf90fff31d138f430d74e024cd521cea9d13da31,https://static-api.nkstatic.com/appdocs/4/assets/opendata/0a6a687f63b8a314620ea0faa9d6c853_ProfileAvatar119.png
Han Guang,167217,18770000,100245344,,11098,6171,2502,5953,3955,1461,498,3562,5081,9558,5414,892,1515,1003,5522,1312,5030,5691,3733,1712,13395,2583,9224,5400,787,1820,869,315,460,50.0,629,114,136,62,278,352,1114,32,418,123,633,65,12359,15,42,0,0,0,0,0,11,0,9,0,0,0,0,5,0,0,0,22,0,8,0,0,0,0,0,0,0,0,0,0.0,13,0,0,0,0,0,0,0,0,0,0,0,15,0,https://data.ninjakiwi.com/btd6/users/9fbb44df8c94aaf11e44d919577ae57ec8051de99d11d16a,https://static-api.nkstatic.com/appdocs/4/assets/opendata/74f14994aa1c578f556126fe6cdcfded_ProfileAvatar85.png
DIO,157967,213095000,120489857,,490,223,155,85,239,55,51,147,104,248,99,32,35,48,81,14,43,268,112,191,410,154,262,158,61,32,17,0,47,4.0,21,6,2,5,4,0,41,3,0,1,17,0,433,1,60,1,3,2,2,0,23,0,30,0,0,1,0,0,0,0,1,51,0,52,7,3,1,0,2,0,0,0,0,0.0,33,0,0,0,0,0,0,0,0,0,0,0,45,0,https://data.ninjakiwi.com/btd6/users/9fb6178fd993aba54a44dc4a0d71e07fce021aba9c12893f,https://static-api.nkstatic.com/appdocs/4/assets/opendata/be99bb17f8ab6d4953edcfcb2c6e7e0c_ProfileAvatar48.png
wdnmd,170267,185212000,46713858,,5782,1980,1292,3578,1887,996,7,5738,2621,4330,4592,1073,447,575,1359,924,2551,4042,1891,59,8555,1311,4793,3617,184,168,129,13,64,,571,63,26,15,3,1822,698,46,51,173,156,1,7279,37,285,98,42,75,21,29,18,12,40,17,79,13,0,22,0,0,15,84,2,56,251,47,90,102,38,0,0,0,0,,38,0,0,0,0,0,18,0,0,0,4,0,87,1,https://data.ninjakiwi.com/btd6/users/9fbf128fde96a8f31b45db190e20e076c40c49e99641d069,https://static-api.nkstatic.com/appdocs/4/assets/opendata/f3752d5059750b24dcb6b5a14068f6ef_ProfileAvatar103.png
realman,157900,114711000,221226157,,880,395,183,204,245,97,64,436,191,586,247,31,9,86,273,77,265,222,289,56,1477,127,356,266,4,199,62,21,77,,134,0,13,0,0,5,73,32,0,4,0,0,1007,2,72,44,0,56,2,1,22,0,49,0,0,3,0,9,0,0,0,155,0,77,150,54,26,61,0,6,0,0,0,,58,0,0,0,0,0,0,0,0,0,0,0,85,0,https://data.ninjakiwi.com/btd6/users/9fb6178f8ec0a8a71b458a4d5721e17f98044cee9a18dc3c,https://static-api.nkstatic.com/appdocs/4/assets/opendata/90c55ab36f3552975a6eb7251c17319d_ProfileAvatar55.png
EGYVH,189833,17915000,6235925,,726,190,266,195,88,129,31,297,255,437,229,107,133,160,226,130,325,171,273,58,1266,102,434,173,109,37,45,16,66,5.0,93,6,11,7,1,81,87,10,17,27,15,4,1102,1,0,0,0,0,0,0,0,0,0,0,0,0,0,0,0,0,0,0,0,0,0,0,0,0,0,0,0,0,0,0.0,0,0,0,0,0,0,0,0,0,0,0,0,0,0,https://data.ninjakiwi.com/btd6/users/9fba168bd7c7abad1d408a435871e27fce021feecb10db3a,https://static-api.nkstatic.com/appdocs/4/assets/opendata/93899ad8b3667da7dad9a785fd827383_ProfileAvatar63.png
LIN,189850,18647000,6235925,,603,542,509,159,359,300,161,495,294,900,572,519,86,154,398,125,601,210,309,237,818,316,426,336,33,44,4,0,14,,188,10,33,1,2,67,241,12,5,1,4,0,2013,0,0,0,0,0,0,0,0,0,0,0,0,0,0,0,0,0,0,0,0,0,0,0,0,0,0,0,0,0,0,,0,0,0,0,0,0,0,0,0,0,0,0,0,0,https://data.ninjakiwi.com/btd6/users/9fb617d8dc93fff04a4b8f4e5972e175cd011dbbcf17dd69,https://static-api.nkstatic.com/appdocs/4/assets/opendata/5ecbf8e3e22e2575ce5eeb7230c15392_ProfileAvatar07.png
dus1tn,163467,196150000,107510898,,16148,8494,9912,9228,13790,2868,307,5657,7453,15393,5778,1675,4808,2680,8487,2175,6497,13034,12295,578,20013,1173,10292,2600,827,433,2935,875,718,,2185,518,634,107,346,586,1567,18,500,99,889,283,46785,79,45,0,0,0,0,0,0,0,18,0,0,0,0,1,0,0,0,18,0,21,0,0,0,0,0,0,0,0,0,,17,0,0,0,0,0,0,0,0,0,0,0,17,1,https://data.ninjakiwi.com/btd6/users/9cb611da8d92aff71113d94b5676b572cc5519b49b45db3e,https://static-api.nkstatic.com/appdocs/4/assets/opendata/2fec60636ef64a22c832d60c8962332b_ProfileAvatar28.png
BxDxE,195700,17598000,2356919,,8605,3626,2583,3034,3490,1421,1270,5148,5191,5017,3139,1588,583,988,2520,3189,5098,4132,6376,4372,9038,2755,9571,2000,696,535,187,291,373,122.0,1437,97,1775,241,44,582,761,154,122,247,137,56,11304,3,0,0,0,0,0,0,0,0,0,0,0,0,0,0,0,0,0,0,0,0,0,0,0,0,0,0,0,0,0,0.0,0,0,0,0,0,0,0,0,0,0,0,0,0,0,https://data.ninjakiwi.com/btd6/users/9fbb468f8d9ea8f011438c1f5d20e174c55148b5cb12de38,https://static-api.nkstatic.com/appdocs/4/assets/opendata/a5d32db006cb5d8d535a14494320fc92_ProfileAvatar26.png
KIPSTA,155350,168551000,118534622,,2992,1929,394,1283,647,294,35,940,945,1067,1043,511,87,431,1218,320,646,2728,724,380,808,881,960,386,562,69,53,33,175,,275,16,65,17,236,124,533,20,40,123,7,1,3474,0,97,0,0,0,0,0,22,0,45,0,0,0,0,0,0,0,0,78,0,90,0,0,0,0,0,0,0,0,0,,53,0,0,0,0,0,0,0,0,0,0,0,59,0,https://data.ninjakiwi.com/btd6/users/9fb61783d697f8a01d448b4e0c7bee259a054ce99e17d969,https://static-api.nkstatic.com/appdocs/4/assets/opendata/7a36b416a716db9bca6068d85780c3ee_ProfileAvatar65.png
aWilo_,154483,43881000,161161114,,19166,12769,12409,24013,9124,2987,90,5548,8373,8290,7325,2115,5918,1062,13136,1220,3502,23792,15593,932,8315,630,12609,1963,383,1629,4986,1184,641,11.0,1941,307,396,362,242,412,3059,90,779,127,949,102,38940,68,665,1,0,0,1,0,0,0,229,0,0,1,0,23,0,0,0,313,0,219,6,2,4,0,0,0,0,0,0,0.0,288,0,0,0,0,0,0,0,0,0,1,0,348,4,https://data.ninjakiwi.com/btd6/users/9ceb41df8c9ef1f31c40de180b27e372c9044ce99645d86b,https://static-api.nkstatic.com/appdocs/4/assets/opendata/340b3b9c7393fa0bf0ecd8c42cdd3258_ProfileAvatar44.png
moonman,162567,207865000,45270501,,2900,1320,394,955,747,731,242,946,670,2078,844,229,175,257,1070,387,1256,1532,1112,554,4280,807,1466,788,364,102,82,86,90,33.0,148,20,31,13,9,34,323,24,121,75,162,2,2129,0,386,30,0,37,53,8,72,36,103,16,18,9,0,2,1,0,0,215,20,165,142,79,58,71,7,0,0,0,0,2.0,91,0,0,0,0,0,0,0,1,0,188,0,336,0,https://data.ninjakiwi.com/btd6/users/9fb91e8f8d94aba71f17da1a5a74e675cf501ab59814d169,https://static-api.nkstatic.com/appdocs/4/assets/opendata/b1ef093283db879ae51f4dc27b82a5a0_ProfileAvatar37.png
XAITU,165333,255434000,50929494,,16549,5957,1000,4483,3830,1130,375,7002,3551,6799,6087,2389,540,1182,4055,1458,3937,4767,4242,1305,8890,5250,6052,2611,1027,489,167,145,213,56.0,692,27,86,149,103,2113,1646,58,140,235,248,31,9337,38,43,7,0,0,10,5,2,14,13,0,4,1,0,3,0,0,0,39,10,9,45,19,33,5,0,3,0,0,0,0.0,8,0,0,0,0,1,4,0,0,3,1,0,22,0,https://data.ninjakiwi.com/btd6/users/9fb91f8bddc5fba61d13dd190b71e47f9d044cb99b14dd6d,https://static-api.nkstatic.com/appdocs/4/assets/opendata/f3752d5059750b24dcb6b5a14068f6ef_ProfileAvatar103.png
www,162200,27241000,232096418,,924,850,333,243,142,228,24,780,136,274,341,65,30,82,332,86,184,305,179,147,1070,340,191,153,89,109,46,6,36,,0,0,88,20,0,355,4,0,0,6,33,0,1279,2,305,68,3,7,7,3,108,0,138,0,0,0,0,6,0,0,0,81,0,124,22,23,11,34,17,0,0,0,0,,140,0,0,0,0,0,0,0,0,0,7,0,250,1,https://data.ninjakiwi.com/btd6/users/9fbc1ed8db95faf349478a435776e224c5054bb49915de31,https://static-api.nkstatic.com/appdocs/4/assets/opendata/db32af61df5646951a18c60fe0013a31_ProfileAvatar01.png
written,191683,19384000,0,,5781,3178,834,1803,1132,693,161,2629,1243,4381,1827,1449,360,420,1245,2059,1926,1853,2491,645,6978,3736,2577,1228,311,356,133,166,570,17.0,420,41,90,57,286,186,634,28,96,15,10,10,4589,3,5,1,1,4,0,0,1,1,1,4,3,2,0,0,0,0,1,5,0,1,9,3,0,0,0,0,0,0,3,0.0,1,0,0,0,0,2,0,0,0,0,0,0,4,0,https://data.ninjakiwi.com/btd6/users/9fb9458fdac4fea3194ad94a5f21e571c4054fb499178a6d,https://static-api.nkstatic.com/appdocs/4/assets/opendata/50113dcf0d0abda55e034354668add69_ProfileAvatar97.png
BananaLegend112,194950,19450000,0,,7969,6830,1029,3767,2110,1296,325,4669,2424,9249,2642,748,471,902,4499,2298,7011,2995,5138,1244,12419,2570,3881,2271,272,526,522,162,569,37.0,1342,65,174,54,86,225,1097,39,180,49,95,69,9746,3,29,0,0,0,0,0,5,0,15,0,0,8,0,0,0,0,0,16,0,14,0,0,0,0,0,0,0,0,0,0.0,16,0,0,0,0,0,0,0,0,0,0,0,17,0,https://data.ninjakiwi.com/btd6/users/9fba14da8b95fef01941871f0b74b074cd504cbf9f46d138,https://static-api.nkstatic.com/appdocs/4/assets/opendata/db32af61df5646951a18c60fe0013a31_ProfileAvatar01.png
shenxiaolaoyue,188650,21177000,3309920,,171,291,118,117,147,115,189,242,110,138,128,62,108,58,97,85,166,196,126,317,264,101,179,138,165,44,27,26,6,,9,1,0,3,0,57,532,0,9,26,0,0,980,0,2,0,0,0,0,0,2,2,1,0,0,0,0,0,0,0,0,3,0,11,0,0,0,0,0,0,0,0,0,,1,0,0,0,0,2,0,0,0,0,0,0,3,0,https://data.ninjakiwi.com/btd6/users/9fb9118c8a93aba14d448d4b567be2709f0c4ee89d12da30,https://static-api.nkstatic.com/appdocs/4/assets/opendata/38356e6cb2e0228dd5f5c9c023da5927_ProfileAvatar29.png
Karotaaa,177400,121650000,3502519,,1857,1165,286,884,359,290,84,469,489,825,692,401,126,308,648,216,426,484,706,396,1320,717,625,405,98,68,104,34,151,,69,39,18,21,0,24,224,0,37,28,35,0,2257,2,40,0,0,0,0,0,13,2,12,1,1,10,0,0,0,0,0,28,1,11,0,0,2,0,0,0,0,0,1,,12,0,0,0,0,0,0,0,0,0,0,0,24,0,https://data.ninjakiwi.com/btd6/users/9fba14dd8e90fba14a428c4b0b20e325c4521ced9b168d3c,https://static-api.nkstatic.com/appdocs/4/assets/opendata/b2795bc0400051550b15778233a07d77_ProfileAvatar72.png
hydrorange,193483,21364000,0,,1557,1310,404,479,301,301,93,686,431,1064,568,204,154,131,576,487,849,638,711,201,2773,484,841,486,204,110,59,19,61,20.0,78,23,14,2,3,92,272,23,24,35,34,5,1600,0,0,0,0,0,0,0,0,0,0,0,0,0,0,0,0,0,0,0,0,0,0,0,0,0,0,0,0,0,0,0.0,0,0,0,0,0,0,0,0,0,0,0,0,0,0,https://data.ninjakiwi.com/btd6/users/9fbb458adb93faa64b138d4c5b21e47fc5551cbfc818df31,https://static-api.nkstatic.com/appdocs/4/assets/opendata/c222d33c20b59c0a4d8d85fcb20e9ef4_ProfileAvatar33.png
ISAB,144950,159317000,67488175,,29279,12748,6016,15238,9725,3603,694,19716,11563,13444,12333,3654,2844,3418,10054,4856,6523,27987,22213,7029,22829,6214,22654,5117,1612,1434,1741,656,1699,23.0,7591,360,423,244,943,1811,3332,179,1547,350,996,268,39892,6320,268,0,2,0,0,8,14,21,118,0,198,8,1,19,0,8,25,402,6,214,1,2,29,26,11,1,0,0,0,0.0,134,0,0,0,0,0,10,0,0,0,0,0,182,67,https://data.ninjakiwi.com/btd6/users/9fbb12deda93f1f01d4a891f5e76e5719e0348e89742df69,https://static-api.nkstatic.com/appdocs/4/assets/opendata/be3456b0c9a0839fa8a4f53df885079e_ProfileAvatar118.png
3532853962,177533,23795000,8743522,,1599,669,398,286,417,300,143,1359,428,743,1260,191,120,273,808,614,942,593,442,155,1043,428,455,686,330,34,22,1,28,15.0,35,11,0,1,3,108,193,82,2,21,15,3,1327,0,70,14,18,7,103,3,25,7,17,0,5,40,82,0,4,16,123,56,8,162,168,27,29,8,0,0,0,0,0,31.0,20,0,0,0,0,1,7,1,0,0,2,0,692,0,https://data.ninjakiwi.com/btd6/users/9fba12dddfc3f9f14e4ade1d5d71e176985519b8cb198a3a,https://static-api.nkstatic.com/appdocs/4/assets/opendata/db32af61df5646951a18c60fe0013a31_ProfileAvatar01.png
innocence527,178917,22376000,5042110,,14187,7785,2255,2699,2130,1954,236,5737,4629,12191,5900,2304,607,1065,5270,3351,6624,8593,6047,452,21901,2879,8197,2890,1016,490,364,199,775,35.0,3963,81,97,90,21,355,1827,76,93,157,209,20,13998,2,2,0,0,1,0,0,1,0,1,0,0,1,0,0,0,0,1,4,0,1,1,0,1,0,0,0,0,0,0,0.0,2,0,0,0,0,0,0,0,0,0,0,0,1,0,https://data.ninjakiwi.com/btd6/users/9fbd148cdb97aca51114de4b5872e476cf521bb89e428e6d,https://static-api.nkstatic.com/appdocs/4/assets/opendata/7a36b416a716db9bca6068d85780c3ee_ProfileAvatar65.png
WhiteDay,179167,22942000,45367550,,3979,1571,551,2252,1726,585,472,1178,1209,1467,960,234,180,787,1262,430,333,1123,1460,1229,1569,1574,1436,777,489,315,75,27,130,49.0,253,168,31,54,80,147,472,4,22,121,75,7,3692,5,6,0,0,1,2,0,6,3,3,0,0,0,0,0,0,0,1,10,0,4,1,0,2,1,0,0,0,0,0,0.0,5,0,0,5,0,0,0,0,0,0,0,0,12,0,https://data.ninjakiwi.com/btd6/users/9fb71283de91fff34d4ad9490e7ab77ecf0119bc9c108a69,https://static-api.nkstatic.com/appdocs/4/assets/opendata/63c5274154eebea4740279b7ee0f16ff_ProfileAvatar80.png
puligepu,164183,207045000,35479703,,10199,6040,2794,1948,1329,945,261,7515,1377,1554,1838,727,385,1197,2210,1464,1073,3314,2377,969,3449,1729,3208,1483,286,1010,140,24,121,73.0,148,22,48,30,55,175,1136,32,37,4786,46,577,10690,2,218,25,10,62,35,45,58,33,35,33,3,2,0,1,60,3,34,106,8,98,136,32,142,46,3,0,4,0,1,3.0,32,0,0,0,3,49,17,0,0,1,6,0,207,0,https://data.ninjakiwi.com/btd6/users/9fbb428fde97abf61941dc1f0d25e477cc001cbd97178b3b,https://static-api.nkstatic.com/appdocs/4/assets/opendata/90c55ab36f3552975a6eb7251c17319d_ProfileAvatar55.png
2692588998,182200,22614000,31634113,,977,436,196,137,373,179,179,488,561,848,305,75,121,118,517,170,399,324,350,187,862,349,482,280,63,20,5,2,38,56.0,287,17,5,5,6,47,173,40,60,18,8,0,1564,0,0,0,0,0,0,0,0,0,0,0,0,0,0,0,0,0,0,0,0,0,0,0,0,0,0,0,0,0,0,0.0,0,0,0,0,0,0,0,0,0,0,0,0,0,0,https://data.ninjakiwi.com/btd6/users/9ce9418bdf94f1f04913da185f73e77ece5714b59943d86b,https://static-api.nkstatic.com/appdocs/4/assets/opendata/0e2c86d4eb30133fbbca5f695ac80f9f_ProfileAvatar08.png
A777C,174483,46344000,62712715,,2018,508,363,373,490,338,233,1432,360,650,826,679,153,159,677,194,730,974,352,891,719,226,942,236,174,330,51,5,26,37.0,344,13,21,2,56,43,177,11,8,33,3,3,2328,0,82,10,7,12,11,13,13,5,36,1,0,22,2,2,0,1,4,46,1,47,44,51,8,50,5,7,0,0,0,0.0,37,0,0,0,0,0,0,0,0,1,0,0,56,2,https://data.ninjakiwi.com/btd6/users/9fb61582d993fcf649408e4d5d27e27f9e571be898168a3c,https://static-api.nkstatic.com/appdocs/4/assets/opendata/4d406ac8b5d3b1490b813296b824b7ef_ProfileAvatar41.png
Shlomo sabo,184033,24171000,18846125,,11795,6534,4023,3855,4960,2631,116,7445,5197,9652,3491,2143,2025,1829,4429,2865,7760,7113,4626,739,16642,2380,10452,3067,1370,793,923,295,542,27.0,459,294,636,162,37,321,1160,334,293,108,266,33,13478,32,0,0,0,0,0,0,0,0,0,0,0,0,0,0,0,0,0,0,0,0,0,0,0,0,0,0,0,0,0,0.0,0,0,0,0,0,0,0,0,0,0,0,0,0,0,https://data.ninjakiwi.com/btd6/users/9cea148e8d90fea51046d9185e26e326ca5148b9cf44d93a,https://static-api.nkstatic.com/appdocs/4/assets/opendata/0a6a687f63b8a314620ea0faa9d6c853_ProfileAvatar119.png
player,185700,23720000,10771775,,4323,3438,676,1215,1123,785,154,4016,976,3078,2370,1585,337,662,1475,1470,2491,2081,2166,268,5708,1026,2944,1279,331,323,143,126,321,12.0,192,34,27,37,36,1625,423,21,38,55,23,18,6797,1,0,0,0,0,0,0,0,0,0,0,0,0,0,0,0,0,0,0,0,0,0,0,0,0,0,0,0,0,0,0.0,0,0,0,0,0,0,0,0,0,0,0,0,0,0,https://data.ninjakiwi.com/btd6/users/9fbb10d98996fba31943dc185b26e775cc5148b5cb10db3a,https://static-api.nkstatic.com/appdocs/4/assets/opendata/bd3f5ab674d61e4fdf5ecb48b19ddc9c_ProfileAvatar35.png
As7y,186417,23759000,6926049,,7446,4324,1116,4239,2549,1013,162,4198,2144,5000,4521,1224,464,1112,3427,1621,3675,2079,6350,1227,5826,2779,3044,2156,1761,235,327,87,615,40.0,779,38,117,100,147,879,1222,66,103,439,100,3,9494,7,0,0,0,0,0,4,0,7,0,0,43,0,0,0,0,6,4,0,0,0,0,0,3,1,0,0,0,0,0,0.0,0,0,0,0,0,0,4,0,0,0,0,0,3,0,https://data.ninjakiwi.com/btd6/users/9fbc468d8b92fea11b47861e5971e421980c49e9cf17dd6e,https://static-api.nkstatic.com/appdocs/4/assets/opendata/be3456b0c9a0839fa8a4f53df885079e_ProfileAvatar118.png
Demoscienter,178083,49082000,59493504,,9715,3508,1344,6408,2289,1047,343,2069,1628,2858,2738,680,337,1123,2405,1279,2124,1863,3175,1324,4608,2806,2241,2336,1185,195,131,55,187,9.0,424,27,36,9,98,37,558,3,31,44,89,0,9067,8,132,0,0,0,0,1,7,5,2,0,60,1,0,3,0,19,5,4,0,2,0,0,18,19,0,0,0,0,0,0.0,5,0,0,0,0,0,3,0,0,0,0,0,9,0,https://data.ninjakiwi.com/btd6/users/9fb91eddd7c5fdf61814dc1d0c22e07f9d041aea9f46d06b,https://static-api.nkstatic.com/appdocs/4/assets/opendata/5c45ef9ebdbd74d05635e6a8fc632698_ProfileAvatar116.png
Player,158900,328655000,0,,209,152,178,193,55,183,11,118,161,189,308,408,11,26,127,59,78,68,79,24,422,155,608,94,23,6,0,3,15,,87,0,0,0,0,0,559,0,0,0,19,0,1263,1,163,55,20,29,106,18,14,17,93,3,494,27,3,1,0,10,17,188,4,124,74,17,492,17,7,0,0,0,1,,97,0,0,0,0,0,453,0,0,0,18,0,678,0,https://data.ninjakiwi.com/btd6/users/9fb6138eddc0f1a04b41db4f5a72b375c95548e8cd44de3d,https://static-api.nkstatic.com/appdocs/4/assets/opendata/51524359fcf0d2950590fed2a24ede0e_ProfileAvatar68.png
ChillaxK,190983,23430000,1064580,,3899,1614,554,1128,1110,898,464,1821,1675,2438,1437,623,328,529,2056,496,2011,2791,1892,1439,3290,1649,3575,725,350,233,178,125,237,70.0,293,91,152,127,59,453,820,263,139,349,120,38,5542,0,0,0,0,0,0,0,0,0,0,0,0,0,0,0,0,0,0,0,0,0,0,0,0,0,0,0,0,0,0,0.0,0,0,0,0,0,0,0,0,0,0,0,0,0,0,https://data.ninjakiwi.com/btd6/users/9fb91f888d91a8a01f17d91e0974ef70980118e89d188a6e,https://static-api.nkstatic.com/appdocs/4/assets/opendata/90c55ab36f3552975a6eb7251c17319d_ProfileAvatar55.png
ScouterMac,156000,198462000,47890511,,5192,1594,4894,3779,5791,1048,120,2513,2638,6096,1385,234,693,273,3929,438,2241,3193,3153,981,4703,1569,2065,737,64,137,484,150,181,,421,141,180,15,0,87,539,9,12,55,262,1,8081,15,157,2,0,0,7,0,250,25,134,8,0,3,4,2,7,0,4,73,50,96,38,0,15,0,0,0,1,0,8,,62,1,0,0,0,0,1,5,12,7,0,0,193,1,https://data.ninjakiwi.com/btd6/users/9cea12dadec7aaf41d178e495c20e470cd024eef9f44de3a,https://static-api.nkstatic.com/appdocs/4/assets/opendata/27759e5e005688c57acaf5cad2c790ac_ProfileAvatar56.png
Notes,139883,326662000,8898852,,42431,33170,24437,43091,41044,9460,2337,8277,12197,29627,9269,3128,12405,5795,22680,4587,6476,86130,25300,48078,9984,5155,20495,6941,6572,2002,9297,3198,2768,318.0,2768,1216,1253,413,6954,518,5492,153,4821,852,3399,831,141313,2105,2596,31,7,1,8,1,45,1,1152,0,0,1,1,2,0,0,0,3468,0,2068,36,24,10,32,0,0,0,0,0,0.0,1352,0,0,0,0,0,1,0,0,0,0,0,2356,37,https://data.ninjakiwi.com/btd6/users/9fbc44d8dd97fbf64c11871e0e27e7249d5215bb9914de31,https://static-api.nkstatic.com/appdocs/4/assets/opendata/7d813d191b61f1c09463ec2567123d1e_ProfileAvatar03.png
amanne,179583,24370000,50445413,,770,141,209,281,239,169,54,229,145,315,149,91,136,185,185,61,179,168,136,168,898,292,258,179,90,68,45,25,22,5.0,66,11,49,19,16,26,84,3,12,38,7,2,1210,0,5,0,0,0,0,0,3,0,4,1,0,0,0,0,0,0,0,2,0,5,0,0,1,0,0,0,0,0,0,0.0,5,0,0,0,0,0,0,0,0,0,0,0,7,0,https://data.ninjakiwi.com/btd6/users/9fb84282d890fff01143da420b25e323c9034bbd9b148d3a,https://static-api.nkstatic.com/appdocs/4/assets/opendata/26293623868238ca9e57e6a4f8c65eef_ProfileAvatar04.png
kwongnuoy1,182267,25187000,25402249,,22187,10318,3263,4090,3740,3394,200,11828,9070,27317,9163,2485,1392,2106,5763,2919,9241,10342,9325,729,33485,5763,11053,2653,1236,688,809,245,977,11.0,6606,190,174,143,74,335,1492,70,159,208,367,45,19760,54,0,0,0,0,0,0,0,3,0,0,0,0,0,0,0,0,0,0,0,0,0,0,0,0,0,0,0,0,0,0.0,0,0,0,0,0,0,0,0,0,0,0,0,1,0,https://data.ninjakiwi.com/btd6/users/9cea45d98d97fba4194a86485971e77fcb5114be9645d06b,https://static-api.nkstatic.com/appdocs/4/assets/opendata/51524359fcf0d2950590fed2a24ede0e_ProfileAvatar68.png
Thiumphon,178867,49512000,39857520,,2912,1802,1552,2993,2144,322,422,875,363,891,611,209,258,362,1170,137,185,448,833,1438,594,873,671,448,499,65,25,376,20,12.0,51,0,27,9,79,50,128,0,6,3,28,0,4757,3,2,0,0,0,0,0,3,0,1,0,0,0,0,1,0,0,0,3,0,1,0,0,0,0,0,0,0,0,0,0.0,1,0,0,0,0,0,0,0,0,0,0,0,1,0,https://data.ninjakiwi.com/btd6/users/9fb7168a8cc3aaf04940884c5a27ee76ce0015eecf42db38,https://static-api.nkstatic.com/appdocs/4/assets/opendata/5c45ef9ebdbd74d05635e6a8fc632698_ProfileAvatar116.png
assume bound,186667,25310000,0,,1662,691,202,456,382,454,111,1325,310,1556,396,345,173,149,643,159,813,1091,601,331,1730,330,1036,462,172,113,48,8,80,94.0,77,21,14,11,2,41,972,4,89,31,10,6,3430,1,2,0,0,4,4,0,2,1,1,0,4,0,0,0,0,0,1,6,2,1,0,0,0,0,0,3,0,0,0,0.0,1,0,0,0,0,0,2,0,0,1,0,0,13,0,https://data.ninjakiwi.com/btd6/users/9fb946da8a96f0ac4e178d4c0d26e3269d061eee9a19d03c,https://static-api.nkstatic.com/appdocs/4/assets/opendata/93899ad8b3667da7dad9a785fd827383_ProfileAvatar63.png
OG,189667,24390000,0,,4344,6486,1365,2776,1865,845,258,1817,3004,4677,4089,962,891,1064,3374,1934,7956,2355,4233,1183,1777,2938,2417,2553,742,570,443,412,544,20.0,338,150,287,218,48,295,384,359,175,526,76,26,6069,50,0,0,0,0,0,0,0,0,0,0,0,0,0,0,0,0,0,0,0,0,0,0,0,0,0,0,0,0,0,0.0,0,0,0,0,0,0,0,0,0,0,0,0,0,0,https://data.ninjakiwi.com/btd6/users/9fbe4588dd97f1f71c46881e0e76e725c50319b598178c6d,https://static-api.nkstatic.com/appdocs/4/assets/opendata/0a6a687f63b8a314620ea0faa9d6c853_ProfileAvatar119.png
MageMagical,155617,268771000,0,,3006,2803,1047,918,2020,457,192,981,1124,1635,793,307,810,483,1369,537,5946,2740,972,2301,2310,566,2058,597,187,85,252,23,326,17.0,51,40,21,0,212,22,762,34,45,6,126,4,4108,3,259,38,2,10,46,5,37,62,107,1,25,21,0,6,2,0,1031,490,5,228,40,33,47,11,4,0,48,0,0,2.0,105,0,0,0,0,0,8,0,0,0,0,0,182,0,https://data.ninjakiwi.com/btd6/users/9fbe468fdec5aaf11a14dc4f5873e576995214bc9a13d03c,https://static-api.nkstatic.com/appdocs/4/assets/opendata/90c55ab36f3552975a6eb7251c17319d_ProfileAvatar55.png
NEMESIS,180867,26621000,7961481,,9184,4046,1293,1536,1951,959,63,2444,2536,5189,2357,1505,528,849,2094,1440,6542,3447,1452,354,12473,1431,5292,2797,276,350,176,131,355,21.0,479,196,300,182,33,228,334,132,143,85,95,34,5352,5,48,0,0,0,1,1,2,1,29,0,0,1,1,8,0,0,0,11,0,18,3,0,1,1,0,0,0,0,0,0.0,21,0,0,1,0,0,0,0,0,0,0,0,28,0,https://data.ninjakiwi.com/btd6/users/9cb71f898e92afad4d42d94e0d20e424cc514feaca45df6d,https://static-api.nkstatic.com/appdocs/4/assets/opendata/f3752d5059750b24dcb6b5a14068f6ef_ProfileAvatar103.png
85563369,176650,100902000,32477326,,17420,9922,4409,4937,4523,2220,313,8277,5878,14465,4378,1998,1687,1400,4572,4495,9392,10001,5249,983,19311,4942,9548,4321,800,724,497,390,894,41.0,4628,266,363,157,225,684,2181,185,296,767,399,65,23521,38,4,0,0,2,0,0,4,0,2,0,0,0,0,0,0,0,2,9,0,2,0,0,1,0,0,0,0,0,0,0.0,3,0,0,0,0,0,0,0,0,0,0,0,4,0,https://data.ninjakiwi.com/btd6/users/9fbe148cde95afa6494588185720e576cb0d1eb59b428b3f,https://static-api.nkstatic.com/appdocs/4/assets/opendata/a5d32db006cb5d8d535a14494320fc92_ProfileAvatar26.png
AwesomePopper3,164750,91732000,76768319,,8098,2934,2896,2257,3591,1275,174,1703,4078,3053,1210,1326,896,1217,4721,827,3442,2221,2088,185,6285,754,1699,541,169,249,946,232,608,3.0,732,315,423,59,0,395,542,236,111,119,22,0,13115,15,71,95,82,78,62,6,24,33,25,5,8,11,0,1,37,3,17,50,0,25,136,82,17,92,20,0,0,0,0,1.0,16,0,0,1,0,7,3,0,0,0,0,0,47,0,https://data.ninjakiwi.com/btd6/users/9cea178bdf94fcac1c14d94f5b77e4759a0c4ce89e12d96c,https://static-api.nkstatic.com/appdocs/4/assets/opendata/93899ad8b3667da7dad9a785fd827383_ProfileAvatar63.png
tyltto,187183,25413000,3584761,,648,283,171,214,131,113,50,472,137,386,161,111,59,150,258,164,252,318,258,85,490,145,382,219,64,68,43,28,88,22.0,105,17,17,28,0,104,30,26,1,30,12,3,1394,0,0,0,0,0,0,0,0,0,0,0,0,0,0,0,0,0,0,0,0,0,0,0,0,0,0,0,0,0,0,0.0,0,0,0,0,0,0,0,0,0,0,0,0,0,0,https://data.ninjakiwi.com/btd6/users/9ce9418ad692fca2184a8c1a0b75e77ecc0c19bfcb17d86d,https://static-api.nkstatic.com/appdocs/4/assets/opendata/90c55ab36f3552975a6eb7251c17319d_ProfileAvatar55.png
ga021595,187967,26909000,1249552,,1322,778,295,1059,438,337,185,791,322,875,619,150,175,150,570,195,408,710,588,542,1705,306,546,223,186,67,16,7,128,20.0,142,4,15,135,0,56,193,0,25,15,14,9,1629,0,0,0,0,0,0,0,0,0,0,0,0,0,0,0,0,0,0,0,0,0,0,0,0,0,0,0,0,0,0,0.0,0,0,0,0,0,0,0,0,0,0,0,0,0,0,https://data.ninjakiwi.com/btd6/users/9fb74283d793fea5494bda435725ef70cd551bef9642de31,https://static-api.nkstatic.com/appdocs/4/assets/opendata/03752d93a19efa269bef3cdf43922a89_ProfileAvatar67.png
DZK,184767,27564000,11046807,,294,80,68,45,99,48,83,129,58,103,179,29,39,20,122,32,216,124,143,97,115,147,219,53,27,33,14,14,32,10.0,21,12,8,8,9,58,28,3,1,35,8,1,451,1,0,0,0,0,0,0,0,0,0,0,0,0,0,0,0,0,0,0,0,0,0,0,0,0,0,0,0,0,0,0.0,0,0,0,0,0,0,0,0,0,0,0,0,0,0,https://data.ninjakiwi.com/btd6/users/9fb6168a8b91aca31a4288430a7be021cb0d4ce8cb468b6e,https://static-api.nkstatic.com/appdocs/4/assets/opendata/74f14994aa1c578f556126fe6cdcfded_ProfileAvatar85.png
gurese,180900,29125000,21549238,,13181,6838,6123,8756,7717,3055,480,4945,4837,10764,5546,2753,2620,2605,7515,4007,4675,4776,5244,1862,7661,4281,4792,2643,908,614,590,447,980,44.0,798,259,481,326,276,1000,1535,483,408,335,199,180,19740,13,8,0,0,0,0,0,3,0,4,0,0,1,0,1,0,0,0,9,0,4,0,0,0,0,0,0,0,0,0,0.0,4,0,0,0,0,0,0,0,0,0,0,0,4,0,https://data.ninjakiwi.com/btd6/users/9ceb12d8df90f1a54a43894d5d77e7269e0514ed9844d931,https://static-api.nkstatic.com/appdocs/4/assets/opendata/f3752d5059750b24dcb6b5a14068f6ef_ProfileAvatar103.png
skywalker,181700,29981000,21516705,,4058,929,812,1825,812,619,26,1359,945,2828,897,290,240,249,1171,504,1248,1217,1344,278,3202,672,1971,1053,102,70,170,41,62,18.0,203,23,19,63,31,161,269,34,94,69,296,43,3654,12,18,0,0,0,0,0,0,0,8,0,0,1,0,0,0,0,0,25,0,14,0,0,0,0,0,0,0,0,0,0.0,11,0,0,0,0,0,0,0,0,0,0,0,23,0,https://data.ninjakiwi.com/btd6/users/9fbb10898b91aca11b11884b5a7ae7759a0d4bbbca438b38,https://static-api.nkstatic.com/appdocs/4/assets/opendata/8cb4e7c4459122e4bbe75e99358997e5_ProfileAvatar74.png
893850491,181717,29034000,18091887,,2419,287,316,117,147,117,73,2020,1696,320,217,85,69,63,1036,90,353,1037,336,199,318,289,1813,138,68,43,8,9,48,,63,18,1,0,2,738,141,107,4,898,6,0,2559,0,16,8,0,2,0,0,9,49,7,0,0,0,0,0,1,0,1,11,2,7,9,3,1,1,0,0,0,0,0,,12,0,0,0,0,0,2,0,0,19,1,0,35,0,https://data.ninjakiwi.com/btd6/users/9fb6178f8e97fbad4d148b435927b423c90119bc9844df3a,https://static-api.nkstatic.com/appdocs/4/assets/opendata/db32af61df5646951a18c60fe0013a31_ProfileAvatar01.png
qiqiqinimane,171900,160611000,27959970,,10606,3312,1010,1457,1414,3212,192,5961,2813,3082,1006,1218,754,594,3037,815,2430,6845,3232,677,3683,2871,5421,1337,161,582,457,69,200,88.0,396,214,384,16,42,156,1308,10,230,465,38,36,6459,2,144,15,7,33,29,24,15,17,96,32,0,1,4,10,3,8,8,338,29,150,7,33,49,12,0,2,4,0,1,6.0,74,0,0,0,0,5,1,0,4,3,0,0,142,0,https://data.ninjakiwi.com/btd6/users/9fb910d8dd97f0f711448b425e25b571cf511cbe9a10d831,https://static-api.nkstatic.com/appdocs/4/assets/opendata/e02041c502508f551690933405cb548d_ProfileAvatar96.png
Yun,182850,30038000,1504924,,699,160,199,82,242,153,74,434,306,195,209,35,25,38,120,24,152,425,187,173,106,191,471,86,0,92,12,21,66,7.0,38,0,4,0,6,71,47,0,7,35,9,0,793,0,33,6,3,4,9,5,11,16,21,10,0,1,2,2,2,2,2,30,5,19,6,4,20,2,0,0,0,0,1,0.0,8,0,0,0,0,2,6,0,2,3,0,0,41,0,https://data.ninjakiwi.com/btd6/users/9fbf15d9dd93adf1194b88435e72e771ca501ab5cd11db6e,https://static-api.nkstatic.com/appdocs/4/assets/opendata/c9e733296983b2065232101e2cb7fb45_ProfileAvatar21.png
Player,183083,29240000,17813900,,683,218,142,262,262,214,75,541,229,357,140,68,122,143,306,79,254,286,267,162,702,177,535,251,129,92,30,26,59,26.0,38,18,43,6,20,112,193,1,17,17,11,0,1705,0,0,0,0,0,0,0,0,0,0,0,0,0,0,0,0,0,0,0,0,0,0,0,0,0,0,0,0,0,0,0.0,0,0,0,0,0,0,0,0,0,0,0,0,0,0,https://data.ninjakiwi.com/btd6/users/9fb845d8de97fea54a478e4b5d74e471c5024befcd138d69,https://static-api.nkstatic.com/appdocs/4/assets/opendata/f3752d5059750b24dcb6b5a14068f6ef_ProfileAvatar103.png
DiabolicWolf,183133,41670000,5677484,,8318,5736,3367,5458,2989,1191,200,4939,3192,9250,3976,2229,1801,1521,4945,2367,4571,3701,4155,1246,8666,1731,6115,2330,739,456,1277,187,379,29.0,894,78,496,37,185,230,1203,315,279,312,474,40,14654,4,2,0,0,0,0,0,1,0,1,0,0,1,0,0,0,0,0,3,0,2,0,0,0,0,0,0,0,0,0,0.0,1,0,0,0,0,0,0,0,0,0,0,0,1,0,https://data.ninjakiwi.com/btd6/users/9fbc46d8d8c7fbf01042db4f5a25e470c85018ea9f438c6e,https://static-api.nkstatic.com/appdocs/4/assets/opendata/a5d32db006cb5d8d535a14494320fc92_ProfileAvatar26.png
isanidiot,185883,30365000,3124981,,608,52,65,103,86,69,37,146,202,183,58,23,51,85,106,72,232,155,45,31,369,102,187,143,19,24,70,3,15,,6,0,0,0,0,0,17,0,6,0,89,25,561,0,0,0,0,0,0,0,0,0,0,0,0,0,0,0,0,0,0,0,0,0,0,0,0,0,0,0,0,0,0,,0,0,0,0,0,0,0,0,0,0,0,0,0,0,https://data.ninjakiwi.com/btd6/users/9fbe458ddc90aca74a14de1d0e75e3709e551ae89610db69,https://static-api.nkstatic.com/appdocs/4/assets/opendata/db32af61df5646951a18c60fe0013a31_ProfileAvatar01.png
SensitiveStone,185967,29867000,1280920,,1993,1536,662,1005,608,418,460,1022,857,2039,635,1104,567,701,1721,320,1046,379,672,655,1708,606,1164,506,359,201,152,49,54,3.0,78,8,97,10,16,713,259,5,54,17,5,29,3606,1,0,0,0,0,0,0,0,0,0,0,0,0,0,0,0,0,0,0,0,0,0,0,0,0,0,0,0,0,0,0.0,0,0,0,0,0,0,0,0,0,0,0,0,0,0,https://data.ninjakiwi.com/btd6/users/9fbf158f89c4fda04e47de195771e7719d5615bc9f14da3b,https://static-api.nkstatic.com/appdocs/4/assets/opendata/be99bb17f8ab6d4953edcfcb2c6e7e0c_ProfileAvatar48.png
Dark Lima,186383,30033000,0,,2258,611,475,550,387,182,45,697,981,2046,389,200,134,322,567,304,1295,716,877,136,2789,419,652,585,81,122,15,3,91,27.0,445,11,4,0,0,39,113,10,14,15,34,1,2410,0,1,1,0,0,0,0,0,1,1,0,1,0,0,1,1,0,1,1,0,0,0,1,0,0,0,0,0,0,0,0.0,1,0,0,0,0,0,0,0,0,0,0,0,1,0,https://data.ninjakiwi.com/btd6/users/9cea1fdadbc3fcf71a4bda420d26e77fcc5014b59b19896e,https://static-api.nkstatic.com/appdocs/4/assets/opendata/dde591f892378966311bee7369cf6d05_ProfileAvatar38.png
wellordering,154733,191006000,41132633,,14636,8735,3097,9500,6239,2156,154,6500,4647,10596,4789,1958,1839,1170,5126,3191,4455,17749,7483,4231,12180,3666,8632,3090,1587,449,1494,436,649,7.0,1527,173,197,92,845,850,1479,75,588,386,318,188,16665,118,91,2,0,19,5,4,20,26,51,3,0,14,0,0,1,0,2,295,10,117,3,5,9,0,0,0,4,0,0,0.0,51,0,0,0,0,1,2,0,0,0,4,0,84,0,https://data.ninjakiwi.com/btd6/users/9fb917dede95fcac114a8f430b7bb023c5001db4c843d069,https://static-api.nkstatic.com/appdocs/4/assets/opendata/93d81a4add1d811365787291c8246ad9_ProfileAvatar36.png
iSlester,154733,297751000,59462076,,7391,3607,1191,3880,1948,841,265,1658,1703,3916,1706,548,295,657,1271,616,1292,3482,1886,1254,4114,2980,2779,2337,840,222,116,111,130,6.0,236,13,37,38,166,72,368,12,51,40,226,36,4770,16,0,0,0,0,0,0,0,0,0,0,0,0,0,0,0,0,0,0,0,0,0,0,0,0,0,0,0,0,0,0.0,0,0,0,0,0,0,0,0,0,0,0,0,-1,0,https://data.ninjakiwi.com/btd6/users/9fbc1f88db91fba51e178d4a0b21ef75c8561db5cf46d039,https://static-api.nkstatic.com/appdocs/4/assets/opendata/0a6a687f63b8a314620ea0faa9d6c853_ProfileAvatar119.png
deksp2,174683,31356000,1450996,,893,461,458,198,226,301,148,244,475,704,303,164,203,180,314,281,379,339,113,115,991,224,373,314,86,50,34,19,25,,205,0,0,0,0,0,13,0,0,0,0,0,900,0,14,0,0,0,0,0,2,0,7,0,0,2,0,3,0,0,0,17,0,8,0,0,0,0,0,0,0,0,0,,6,0,0,0,0,0,0,0,0,0,0,0,10,1,https://data.ninjakiwi.com/btd6/users/9ce942dfd793fdf610138b485621e77eca5049ba9d418e3e,https://static-api.nkstatic.com/appdocs/4/assets/opendata/93899ad8b3667da7dad9a785fd827383_ProfileAvatar63.png
Nart,178267,31563000,1672109,,2792,996,446,387,1068,384,533,1300,793,1211,1494,309,291,403,410,230,642,1519,1204,607,3585,403,1637,573,243,75,53,75,173,319.0,209,12,205,50,22,180,251,12,17,44,58,4,2732,3,11,0,0,0,7,5,1,7,5,33,6,1,0,2,0,0,0,8,1,2,11,0,4,0,0,0,0,0,0,2.0,6,0,0,0,0,0,0,0,0,0,0,0,12,0,https://data.ninjakiwi.com/btd6/users/9fb71488de95fca44916894d0b70b271c80448bd9e118b6e,https://static-api.nkstatic.com/appdocs/4/assets/opendata/a5d32db006cb5d8d535a14494320fc92_ProfileAvatar26.png
Adexitik,179833,31615000,46046143,,4259,2054,1256,1965,930,599,122,2638,1355,2683,1092,624,507,544,1274,517,2192,1559,1358,374,6388,1263,1884,1247,404,115,68,62,96,8.0,579,40,40,20,13,106,359,51,25,75,74,4,4453,2,0,0,0,0,0,0,0,0,0,0,0,0,0,0,0,0,0,0,0,0,0,0,0,0,0,0,0,0,0,0.0,0,0,0,0,0,0,0,0,0,0,0,0,0,0,https://data.ninjakiwi.com/btd6/users/9fbe4482d797ada111468d4a5725e7709f521fbdcf16d86d,https://static-api.nkstatic.com/appdocs/4/assets/opendata/4d406ac8b5d3b1490b813296b824b7ef_ProfileAvatar41.png
ShanZhu,181200,31358000,21567179,,13768,3554,1720,1971,4616,1825,21,7759,3538,7880,5134,1299,1936,704,3116,1668,3562,5476,5083,1717,6485,3386,10029,2269,403,260,153,541,300,10.0,2106,139,20,145,53,267,1085,100,200,656,1263,313,12788,49,15,0,0,0,0,0,0,16,15,0,8,1,0,4,0,1,0,20,8,13,0,3,16,0,0,0,0,0,0,0.0,13,0,0,0,0,0,0,0,0,8,0,0,22,0,https://data.ninjakiwi.com/btd6/users/9fbe448cdcc0f1a31b17da1d5827e725985215bb9942dd3d,https://static-api.nkstatic.com/appdocs/4/assets/opendata/277d4c265ed71fcb8aff04bbeadfa971_ProfileAvatar39.png
gazza_white,183033,31240000,9102302,,6760,3534,2431,2478,2279,1866,539,3088,3186,5224,2441,2252,1207,1379,2585,2417,3772,2589,3144,891,7292,2619,3327,1660,1479,610,429,412,456,127.0,534,400,381,334,187,667,1635,294,516,605,387,238,13237,79,5,0,0,0,0,0,4,2,4,1,2,1,0,0,0,0,1,3,0,1,1,0,0,0,0,1,0,0,0,0.0,1,0,0,0,0,0,0,0,4,0,0,0,7,0,https://data.ninjakiwi.com/btd6/users/9fbc46898c95faa04942de4f5674e42499074fb99a168939,https://static-api.nkstatic.com/appdocs/4/assets/opendata/5c45ef9ebdbd74d05635e6a8fc632698_ProfileAvatar116.png
KingOfSkill,170317,222750000,32867451,,5728,2672,1345,2329,1186,1011,892,3216,1185,3030,1023,1008,446,832,1668,614,1351,2428,2019,1692,4856,1555,2869,1323,353,379,190,65,297,74.0,176,76,43,48,149,152,875,44,189,50,220,1,8678,12,60,35,1,12,19,4,15,8,45,26,0,7,0,1,8,0,5,61,6,56,27,9,15,5,8,0,0,0,0,0.0,30,0,1,1,0,2,0,0,1,0,3,0,66,0,https://data.ninjakiwi.com/btd6/users/9fb8438d8ac7f8a24d478d1a5f22e4759a0614b997108d3a,https://static-api.nkstatic.com/appdocs/4/assets/opendata/0a6a687f63b8a314620ea0faa9d6c853_ProfileAvatar119.png
Gork,183533,32677000,11208064,,9062,3499,609,4525,1745,870,42,3512,2339,8141,2960,1903,1195,1282,2530,1354,4944,3114,2901,1139,13227,3552,4540,1602,255,406,225,128,189,15.0,161,45,147,53,49,1000,932,83,126,385,87,77,6295,0,16,0,0,0,0,0,0,0,15,0,0,9,0,6,0,0,0,21,0,22,0,0,0,0,0,0,0,0,0,0.0,16,0,0,0,0,0,0,0,0,0,0,0,17,0,https://data.ninjakiwi.com/btd6/users/9cea418ad89ffaa14d1489435770e3729e574cbdcd13dc3a,https://static-api.nkstatic.com/appdocs/4/assets/opendata/51524359fcf0d2950590fed2a24ede0e_ProfileAvatar68.png
Silent,165883,189922000,54993779,,6855,2374,831,973,1399,967,377,17654,1843,2726,3106,909,404,847,2829,1063,1756,4953,3457,817,2420,3058,5927,1337,489,1222,111,174,198,106.0,1416,97,55,178,33,1166,2369,56,124,2644,121,54,12791,4,109,31,4,25,45,1,19,303,26,59,330,19,0,51,47,26,26,400,254,52,47,278,329,19,0,0,0,0,11,7.0,110,0,1,0,0,162,0,0,0,0,1,0,302,0,https://data.ninjakiwi.com/btd6/users/9fb7468dd8c0faac1c16861e5c7ab723cb511eb59e448e6b,https://static-api.nkstatic.com/appdocs/4/assets/opendata/be99bb17f8ab6d4953edcfcb2c6e7e0c_ProfileAvatar48.png
IResPeclI,158083,294318000,20956881,,19940,10216,6116,7171,7186,4848,1041,14943,7653,15518,7993,4601,3966,2845,8966,3667,6427,8040,10653,4823,16682,4302,5983,4025,1227,901,821,697,922,111.0,1565,562,336,322,222,2101,1508,324,429,492,431,186,24118,19,263,12,10,6,9,5,24,21,204,8,24,29,2,3,7,7,6,882,12,445,110,13,15,6,24,0,0,0,0,1.0,202,0,0,0,0,7,2,0,0,0,0,0,264,0,https://data.ninjakiwi.com/btd6/users/9fbf4683de96fda14d108d4b5a73e576ca561db89b12da6e,https://static-api.nkstatic.com/appdocs/4/assets/opendata/0a6a687f63b8a314620ea0faa9d6c853_ProfileAvatar119.png
Pulupulu,143733,147259000,24959206,,337,520,19,27,25,20,0,1252,7,17,114,4,4,0,498,6,5,186,4,3,6,1,71,13,20,14,292,0,102,,354,0,276,0,0,0,0,0,0,0,0,0,536,0,112,112,0,23,7,5,3,1540,5,6,3,6,0,5,2,0,6,9,0,3,22,45,5,50,0,5,0,0,0,,3,0,517,0,0,0,0,0,0,0,1,0,609,0,https://data.ninjakiwi.com/btd6/users/9fb613ddd693a8a51c13db425d75b0709e0349eacc14d131,https://static-api.nkstatic.com/appdocs/4/assets/opendata/03752d93a19efa269bef3cdf43922a89_ProfileAvatar67.png
1rsghd,179183,32362000,49706312,,1366,553,692,393,690,272,120,631,320,586,630,305,213,172,588,92,808,558,459,162,1199,338,578,289,218,79,97,101,112,17.0,82,60,23,112,20,72,108,11,28,59,24,14,1659,1,0,0,0,0,0,0,0,0,0,0,0,0,0,0,0,0,0,0,0,0,0,0,0,0,0,0,0,0,0,0.0,0,0,0,0,0,0,0,0,0,0,0,0,0,0,https://data.ninjakiwi.com/btd6/users/9fbb468ed8c7abf449428a1e5a73b021c90d19bfc8458931,https://static-api.nkstatic.com/appdocs/4/assets/opendata/bead54d560eefd53a00bcb487a12ff96_ProfileAvatar81.png
NobleSquire2272,175217,116354000,0,,1294,460,238,656,277,180,291,670,381,581,546,313,67,395,889,553,503,199,676,158,580,306,551,379,83,73,61,4,142,10.0,384,13,10,4,15,14,41,27,17,23,11,9,1470,2,56,0,0,0,2,4,23,5,27,1,1,19,1,14,4,1,2,54,0,30,46,0,4,4,0,2,0,0,0,0.0,26,0,0,0,0,0,0,1,1,1,0,0,35,0,https://data.ninjakiwi.com/btd6/users/9fb7168f8d9efaa14a41dd185b25e6769f5514bdcc458a3c,https://static-api.nkstatic.com/appdocs/4/assets/opendata/e0efcee62da40708a4c0a872f76bd89c_ProfileAvatar66.png
Rexxted,183433,32791000,4425263,,66,19,40,29,14,18,21,71,21,23,164,9,0,1,63,23,32,92,40,63,84,29,134,23,0,17,3,0,8,,12,0,0,0,0,0,31,0,0,0,0,0,127,0,10,0,0,0,0,0,4,2,4,3,0,7,0,0,0,4,3,12,0,4,7,0,4,2,55,0,0,0,0,,4,0,0,0,0,0,7,0,0,0,0,0,17,0,https://data.ninjakiwi.com/btd6/users/9cec118cdf9ffff619108b1d5c74b775cd044eb99745dc3f,https://static-api.nkstatic.com/appdocs/4/assets/opendata/7d813d191b61f1c09463ec2567123d1e_ProfileAvatar03.png
NIK,184917,33051000,1785299,,12969,9547,5315,6554,6074,4526,328,10012,5717,17146,6825,3727,1377,1941,5585,3739,10070,11897,8210,1245,43444,3498,12553,9316,1365,1010,935,405,1809,14.0,942,300,304,417,111,847,1011,165,342,457,615,77,16119,97,0,0,0,0,0,0,0,0,0,0,0,0,0,0,0,0,0,0,0,0,0,0,0,0,0,0,0,0,0,0.0,0,0,0,0,0,0,0,0,0,0,0,0,0,0,https://data.ninjakiwi.com/btd6/users/9fbd4683db9ff8f41c458f195872e475cb051ab9cd15dd6c,https://static-api.nkstatic.com/appdocs/4/assets/opendata/915b9da1e2680be3b720bb25544f08e1_ProfileAvatar77.png
Irrlicht,185650,32416000,1785299,,41364,21440,13942,24314,16924,5092,151,11776,13506,19321,13022,4672,6961,4983,15518,7925,15647,30617,13760,2678,30081,10059,17302,7943,1886,1456,4490,894,1906,2.0,2813,670,748,400,284,1530,3923,264,487,405,660,154,47406,752,0,0,0,0,0,0,0,0,0,0,0,0,0,0,0,0,0,0,0,0,0,0,0,0,0,0,0,0,0,0.0,0,0,0,0,0,0,0,0,0,0,0,0,0,0,https://data.ninjakiwi.com/btd6/users/9ce9418e8dc2adf118138d4a5b20e77f9f064cbe9619d938,https://static-api.nkstatic.com/appdocs/4/assets/opendata/db32af61df5646951a18c60fe0013a31_ProfileAvatar01.png
Player,184650,34185000,4649532,,32063,5759,2699,3944,3051,2814,471,26070,16765,14485,9893,3371,1129,1481,5045,3839,5827,12737,22937,1678,27529,11786,23786,5996,1331,340,310,174,444,27.0,5254,136,223,298,104,559,1454,177,160,874,463,74,29801,17,0,0,0,0,0,0,0,0,0,0,0,0,0,0,0,0,0,0,0,0,0,0,0,0,0,0,0,0,0,0.0,0,0,0,0,0,0,0,0,0,0,0,0,0,0,https://data.ninjakiwi.com/btd6/users/9fba178fd7c7abf34c458d495d26ef26c5524bb8c8448e3e,https://static-api.nkstatic.com/appdocs/4/assets/opendata/38356e6cb2e0228dd5f5c9c023da5927_ProfileAvatar29.png
steafish,183200,35488000,5677484,,1579,231,245,361,328,586,165,906,462,351,228,99,82,229,211,25,285,948,433,400,160,651,1319,459,195,182,89,7,34,51.0,71,0,131,0,11,54,70,5,33,167,1,0,1414,0,30,0,4,0,2,2,6,1,4,2,7,0,4,3,1,1,0,7,0,4,11,2,11,7,0,0,0,4,0,0.0,3,0,0,0,0,0,0,0,0,0,0,0,12,0,https://data.ninjakiwi.com/btd6/users/9fb616dadf96fba44c4bda4d5871e470cd5049b5cc428b30,https://static-api.nkstatic.com/appdocs/4/assets/opendata/d5e716187088ec0526b6ca36dbfde36b_ProfileAvatar45.png
Nata,183850,35436000,3424818,,3377,1105,532,737,421,458,85,2218,753,2668,1302,568,172,263,1311,426,2059,1826,1548,261,4752,872,2271,890,206,155,36,17,76,16.0,1078,24,9,20,1,213,368,18,43,88,51,24,3759,2,6,0,0,0,0,0,0,0,2,0,0,0,0,0,0,0,1,4,0,2,0,0,1,0,0,0,0,0,0,0.0,4,0,0,0,0,1,0,0,0,0,0,0,9,0,https://data.ninjakiwi.com/btd6/users/9fba1388de93acf44c168f1e0d74e476ce551ab89b148c6e,https://static-api.nkstatic.com/appdocs/4/assets/opendata/90c55ab36f3552975a6eb7251c17319d_ProfileAvatar55.png
tenf,172433,37131000,13043877,,19818,8240,2934,6254,6320,2472,446,10728,4973,8946,9158,2305,2039,2100,7161,2654,6354,9443,6919,3779,16956,4370,8961,5731,1158,1042,857,174,568,43.0,1106,153,152,543,379,1072,2052,154,214,632,1068,125,18856,202,21,3,0,0,8,0,6,1,9,0,4,0,0,0,0,3,1,16,1,10,7,4,4,3,0,0,0,0,0,0.0,7,0,0,0,0,0,2,0,0,0,0,0,12,0,https://data.ninjakiwi.com/btd6/users/9fbb438c8d96acf41d4086425726e523cd021db59b148c6e,https://static-api.nkstatic.com/appdocs/4/assets/opendata/5c45ef9ebdbd74d05635e6a8fc632698_ProfileAvatar116.png
Cold moon,161067,263439000,71629104,,9756,4119,3741,5783,4144,1260,162,22257,2905,8105,4134,1218,1862,1303,5261,1576,3232,6291,6292,392,16643,1719,7426,3677,573,776,648,195,383,20.0,1345,159,263,184,55,542,1588,798,137,9157,616,40,23652,85,32,5,2,3,6,3,20,10,15,0,0,1,2,0,1,1,5,61,0,29,45,5,14,5,0,0,0,0,0,0.0,17,0,1,0,0,0,5,0,0,0,0,0,30,0,https://data.ninjakiwi.com/btd6/users/9fbc458c8994faa31e168a4f0a26b077990d4bbd9b11da38,https://static-api.nkstatic.com/appdocs/4/assets/opendata/f3752d5059750b24dcb6b5a14068f6ef_ProfileAvatar103.png
Player,160433,283814000,61428061,,7889,3648,2133,2858,3598,1156,244,2714,1344,5427,4281,1028,1175,1519,3665,785,3262,2623,2336,968,7247,1763,4612,2857,551,325,658,159,151,83.0,559,90,96,233,99,195,1012,83,153,95,471,153,9294,3,71,0,1,80,0,7,3,2,14,0,7,0,0,8,7,5,4,35,0,13,1,0,16,8,0,1,0,0,0,0.0,15,0,0,0,0,0,8,0,0,0,0,0,32,0,https://data.ninjakiwi.com/btd6/users/9fbb1482d9c0f8f14d40d91d0d25e775c8001eeacc418a3a,https://static-api.nkstatic.com/appdocs/4/assets/opendata/90c55ab36f3552975a6eb7251c17319d_ProfileAvatar55.png
Sideclick,177150,36224000,11750496,,1892,1267,594,1443,1880,377,315,619,842,1480,458,379,537,463,1093,218,521,1783,1308,1099,788,171,1451,443,227,80,243,106,90,68.0,79,131,35,24,102,62,167,50,117,24,90,3,2472,4,18,0,0,0,0,0,4,0,8,0,0,5,0,0,0,0,0,24,0,8,0,0,0,0,0,0,0,0,0,0.0,8,0,0,0,0,0,0,0,0,0,0,0,8,0,https://data.ninjakiwi.com/btd6/users/9fb9438a8a9faca411418e4f0e7ae371990018e9c813de6c,https://static-api.nkstatic.com/appdocs/4/assets/opendata/1c551dcc5add49e2ef01aefb401d8110_ProfileAvatar114.png
Player1968381,173933,196968000,2216284,,1416,532,515,531,425,238,120,714,882,951,448,344,290,216,695,299,671,773,485,265,1795,273,830,400,48,52,51,42,120,13.0,129,16,12,19,5,117,202,4,30,45,45,2,3021,2,44,59,5,14,6,8,9,28,15,0,2,0,1,0,3,18,27,24,5,15,41,84,21,69,17,0,0,0,2,0.0,13,0,1,0,0,2,10,0,0,0,2,0,47,0,https://data.ninjakiwi.com/btd6/users/9fbf128e8ec0fbad4c448b4a5a7ae27e9e574fbc9d44d96e,https://static-api.nkstatic.com/appdocs/4/assets/opendata/90c55ab36f3552975a6eb7251c17319d_ProfileAvatar55.png
Kitten,182600,36407000,10607226,,13422,10012,6014,5828,4429,3411,355,7258,5472,13454,5637,3758,1549,1996,8524,4775,10655,8026,8682,990,18901,7548,7537,6536,1198,791,686,337,990,54.0,3408,241,224,209,66,375,1573,182,236,372,229,33,16447,30,0,0,0,0,0,0,0,0,0,0,0,0,0,0,0,0,0,0,0,0,0,0,0,0,0,0,0,0,0,0.0,0,0,0,0,0,0,0,0,0,0,0,0,0,0,https://data.ninjakiwi.com/btd6/users/9fbe17dedb94acf11e47dd420e77e625c95048b89b46de39,https://static-api.nkstatic.com/appdocs/4/assets/opendata/38356e6cb2e0228dd5f5c9c023da5927_ProfileAvatar29.png
Nora,178433,39924000,58444416,,7995,5614,3218,2616,3270,950,264,2517,1857,6086,2122,795,616,1261,2177,1154,4816,4426,3208,724,9592,951,3360,1406,131,309,600,126,153,15.0,894,292,144,55,136,140,523,64,133,50,117,3,8338,10,0,0,0,0,0,0,0,0,0,0,0,0,0,0,0,0,0,0,0,0,0,0,0,0,0,0,0,0,0,0.0,0,0,0,0,0,0,0,0,0,0,0,0,0,0,https://data.ninjakiwi.com/btd6/users/9fbe15d98a91fdf64c4bdd4a5873e575cd0c4fba9946dc6c,https://static-api.nkstatic.com/appdocs/4/assets/opendata/1b8654eb3f267a679b6ec28e2890effe_ProfileAvatar113.png
spbANDREW,169100,230147000,43236600,,6651,6340,1481,3439,3125,837,344,4119,2086,8864,3265,1060,740,1073,4051,1536,5301,3424,4425,2800,15341,2219,4722,1458,509,181,144,88,886,27.0,573,38,86,49,155,455,622,35,91,96,67,37,6673,4,114,75,7,13,39,3,5,20,34,6,10,8,0,1,6,3,1,32,12,27,172,67,57,75,18,7,0,0,4,3.0,18,0,1,0,0,0,0,0,0,0,0,0,48,0,https://data.ninjakiwi.com/btd6/users/9fb917dfda90aaf04c4a8e4e5b73e577ca0c49eac843db6c,https://static-api.nkstatic.com/appdocs/4/assets/opendata/0a6a687f63b8a314620ea0faa9d6c853_ProfileAvatar119.png
Satellite,180067,41185000,28802377,,689,361,415,374,187,182,209,414,214,822,237,122,112,87,468,114,310,180,273,130,725,103,177,286,74,129,20,53,37,,38,0,39,44,0,97,84,2,0,47,0,0,1045,2,31,0,1,0,1,1,12,0,14,0,0,7,0,0,1,0,0,23,0,14,0,0,0,0,0,0,0,0,0,,13,0,0,0,0,0,1,0,0,0,0,0,18,0,https://data.ninjakiwi.com/btd6/users/9fb61783da92f9a74d438b420b26e774c9521fbbcd458e3a,https://static-api.nkstatic.com/appdocs/4/assets/opendata/4d4121dc6cc8f11366b9a29d8caccae9_ProfileAvatar60.png
luyejiu,166583,288417000,32738372,,1703,748,349,164,250,236,16,1488,590,1104,436,402,158,205,829,432,1011,676,576,62,2948,204,1166,289,211,34,26,26,111,19.0,133,5,7,6,1,9,419,6,48,488,90,38,2044,1,35,78,3,65,48,8,6,419,12,0,0,3,1,2,3,0,0,30,0,33,141,79,23,99,25,0,0,0,1,1.0,11,0,0,0,0,0,0,0,0,216,0,0,241,0,https://data.ninjakiwi.com/btd6/users/9fbc1eded69ff8f34e41db4e5c7be0219d0019bf9e11df3f,https://static-api.nkstatic.com/appdocs/4/assets/opendata/45be0eb328a702f2fd05784511ee9f18_ProfileAvatar89.png
JustHaveFun97,164233,82538000,27319396,,4730,3552,2879,4445,3815,1066,52,2791,2363,4683,1972,859,1562,448,3625,504,936,3493,4557,877,6654,556,2226,740,364,386,1059,374,234,,1093,238,258,134,127,130,1016,38,169,103,186,57,12416,22,56,4,4,3,5,9,4,23,39,1,0,11,0,0,0,0,15,87,6,61,91,3,10,0,4,0,0,0,3,,44,0,0,0,0,0,16,0,0,0,0,0,98,0,https://data.ninjakiwi.com/btd6/users/9cba43d889c5adf31f448b1d5d74b071ce571dbb9910896a,https://static-api.nkstatic.com/appdocs/4/assets/opendata/277d4c265ed71fcb8aff04bbeadfa971_ProfileAvatar39.png
Lanqiu 12,148850,308151000,34966828,,3295,2737,2349,6252,4928,1081,2066,383,580,2912,191,177,688,542,2423,146,218,11704,1737,2956,531,298,2621,2274,287,481,852,141,15,87.0,752,210,20,4,16,147,183,0,433,4,643,0,10160,60,115,23,36,4,4,4,17,1,46,0,0,0,0,0,0,0,0,116,0,105,27,9,14,67,10,0,0,0,0,0.0,57,1,0,0,0,0,0,0,0,0,2,0,106,0,https://data.ninjakiwi.com/btd6/users/9fb715dfd796fcf74c46864d5e76e526cb504fb59718da39,https://static-api.nkstatic.com/appdocs/4/assets/opendata/f3752d5059750b24dcb6b5a14068f6ef_ProfileAvatar103.png
Phatbeet2002,161117,266952000,45270501,,1377,557,345,358,523,216,122,804,434,514,368,218,88,287,691,122,725,976,645,240,1163,292,966,639,130,46,54,20,65,10.0,323,10,11,9,79,32,272,7,15,3,56,6,1449,11,275,24,18,20,17,19,32,65,46,14,35,15,12,2,16,17,29,138,30,87,261,28,98,133,18,0,0,0,0,0.0,86,0,0,0,0,0,3,0,0,0,3,0,400,0,https://data.ninjakiwi.com/btd6/users/9fb6178889c0aaa34d108f4a0d70e322cd051eef96118c3f,https://static-api.nkstatic.com/appdocs/4/assets/opendata/f3752d5059750b24dcb6b5a14068f6ef_ProfileAvatar103.png
Nofsog,180967,43439000,19370550,,11039,9027,2578,2483,2904,1313,45,3310,2223,8629,4209,1129,666,970,2703,2229,9228,4612,5408,263,17217,1349,5082,2747,450,300,404,177,464,8.0,689,116,104,73,43,101,358,170,95,100,268,30,8759,16,0,0,0,0,0,0,0,0,0,0,0,0,0,0,0,0,0,0,0,0,0,0,0,0,0,0,0,0,0,0.0,0,0,0,0,0,0,0,0,0,0,0,0,0,0,https://data.ninjakiwi.com/btd6/users/9fbf17d8db97f8a51d4088425b7ae474995519ea9716d03a,https://static-api.nkstatic.com/appdocs/4/assets/opendata/ba07ae7b394cd4fa9fc329a100505d5b_ProfileAvatar51.png
ZJJSIMON,181950,43417000,8672537,,9658,4445,748,2042,1830,1162,459,3715,1586,7967,3470,1274,760,1067,3517,1937,3654,2978,2668,1099,20518,3205,3897,2010,878,486,108,89,460,51.0,504,42,20,23,29,318,2144,31,70,214,21,1,7255,3,7,0,0,1,0,0,5,12,5,3,1,0,0,0,0,0,4,7,4,6,12,2,4,0,0,0,0,0,0,0.0,2,0,0,0,0,0,4,0,0,0,0,0,6,0,https://data.ninjakiwi.com/btd6/users/9fba1f82d89fafac1c478c4d5d20ee26ca074eb89a11d06d,https://static-api.nkstatic.com/appdocs/4/assets/opendata/690b025a82d05b27715dd610e466ef7f_ProfileAvatar101.png
15316034488,182433,44485000,1504924,,1257,304,491,374,229,261,40,763,414,516,232,107,137,221,386,190,816,711,407,56,1376,383,676,320,104,31,15,18,30,8.0,141,8,1,10,1,28,242,11,11,56,86,5,1541,0,6,1,0,1,3,3,3,0,2,0,0,0,0,0,0,0,0,7,0,2,0,1,1,0,0,0,0,0,0,0.0,2,0,0,0,0,0,5,0,0,0,0,0,7,0,https://data.ninjakiwi.com/btd6/users/9fbd438c8992f0f64c468f4b5a20b073c90d4cbcc843dc69,https://static-api.nkstatic.com/appdocs/4/assets/opendata/db32af61df5646951a18c60fe0013a31_ProfileAvatar01.png
YT Colt BTD6,141767,290742000,40193136,,36818,22748,26131,22999,37586,5884,37,12524,13605,13833,10622,1407,7637,818,25200,1087,5740,66351,20437,185,13904,1177,12403,2832,125,429,12757,3229,1082,,3860,1514,1786,178,0,1410,5338,201,1444,81,666,0,54816,3314,1137,0,0,0,0,0,10,0,527,0,0,0,0,1,0,0,0,1265,0,769,0,0,0,0,0,0,0,0,0,,423,0,0,0,0,0,0,0,0,0,0,0,437,28,https://data.ninjakiwi.com/btd6/users/9cea138cdec4fca11d11de4b5a7be575cc501fba9c438b69,https://static-api.nkstatic.com/appdocs/4/assets/opendata/db32af61df5646951a18c60fe0013a31_ProfileAvatar01.png
Borby,179133,46559000,10216516,,451,123,119,169,69,127,30,520,189,431,94,118,52,161,295,99,503,138,319,105,460,78,153,138,156,111,0,3,25,,118,0,0,0,0,5,23,0,0,0,72,0,1016,0,20,0,0,0,0,0,2,0,10,0,0,2,0,2,0,0,0,14,0,10,0,0,0,0,0,0,0,0,0,,10,0,0,0,0,0,0,0,0,0,0,0,13,0,https://data.ninjakiwi.com/btd6/users/9fbe1489dbc4fba61e168a425672e773c9001eb59a41d93e,https://static-api.nkstatic.com/appdocs/4/assets/opendata/2fc9f28c7010660bbafdf586af3cefcb_ProfileAvatar05.png
rime_light,176150,47382000,38782930,,1864,1154,859,663,693,284,237,402,281,500,280,143,385,343,550,161,499,1175,632,1111,2473,392,840,608,258,87,141,29,59,40.0,95,37,68,78,109,70,98,50,89,76,67,15,2647,5,5,5,1,1,1,5,3,2,2,0,0,2,4,0,0,3,3,6,0,13,30,3,5,12,0,0,0,0,0,0.0,3,2,0,2,0,0,0,0,0,0,1,0,8,0,https://data.ninjakiwi.com/btd6/users/9fb746828c9ef8a61e45881f5b26ef23cd5019b49710d86d,https://static-api.nkstatic.com/appdocs/4/assets/opendata/f3752d5059750b24dcb6b5a14068f6ef_ProfileAvatar103.png
gugugu,179667,48688000,26293003,,877,237,50,85,207,181,286,258,159,371,70,59,76,51,238,16,151,137,204,481,271,112,242,138,34,40,21,19,15,34.0,60,0,20,12,0,33,203,0,1,5,0,11,1527,2,21,0,0,5,4,2,2,5,7,0,3,0,0,1,2,0,0,5,0,7,0,1,0,1,0,0,0,0,0,1.0,7,0,0,0,0,0,3,0,0,0,0,0,17,0,https://data.ninjakiwi.com/btd6/users/9fb843dad8c3fca14947da1e0927b024cf041bba9c428d38,https://static-api.nkstatic.com/appdocs/4/assets/opendata/7d926ef477ef0efe41ff13d3c81ae1aa_ProfileAvatar13.png
ShinyPopper2989,174767,61465000,126394280,,969,403,315,386,310,124,97,537,442,438,297,135,104,165,328,236,576,370,227,169,1044,209,464,347,145,41,1,1,13,21.0,90,8,11,27,28,22,206,15,23,15,15,4,1367,1,60,0,0,0,0,0,6,0,26,0,0,8,0,0,0,0,0,29,0,22,0,0,0,0,0,0,0,0,0,0.0,27,0,0,0,0,0,0,0,0,0,0,0,51,0,https://data.ninjakiwi.com/btd6/users/9fb817dad693f1ad1b108d4d5f77e577c9551bbf9d46dd30,https://static-api.nkstatic.com/appdocs/4/assets/opendata/db32af61df5646951a18c60fe0013a31_ProfileAvatar01.png
Player,159433,87244000,0,,11001,3599,2623,3003,3916,1402,367,5167,3255,7737,3845,1069,1113,1652,3398,2959,3614,8965,3622,2045,22095,1470,11268,6374,1844,183,311,220,215,36.0,2674,82,84,65,276,71,603,17,244,101,1721,466,10866,24,29,3,3,0,4,0,2,2,14,0,1,3,0,4,0,1,3,45,10,39,63,9,6,7,0,0,0,0,0,0.0,22,0,0,0,0,0,0,0,0,0,0,0,28,0,https://data.ninjakiwi.com/btd6/users/9fba1683dd97fda64c438e4d5c72e0219d0d1cb49812d169,https://static-api.nkstatic.com/appdocs/4/assets/opendata/74f14994aa1c578f556126fe6cdcfded_ProfileAvatar85.png
Storyteller,160650,106326000,32905209,,12370,5699,2400,7780,4905,1502,341,6803,4603,12000,6830,1200,367,1913,6161,4405,7008,5113,5133,227,23302,5737,10931,12388,218,76,81,42,63,2.0,1722,16,25,139,2,1198,275,111,1225,161,517,380,8286,1797,258,4,0,7,15,9,11,7,86,0,197,0,0,0,0,42,18,49,0,188,104,82,97,120,0,1,0,0,0,0.0,129,0,0,3,0,0,0,0,0,0,2,0,154,8,https://data.ninjakiwi.com/btd6/users/9fbd14ded696aba54c478a1e0b72e223980115bc99148d31,https://static-api.nkstatic.com/appdocs/4/assets/opendata/51524359fcf0d2950590fed2a24ede0e_ProfileAvatar68.png
sharloka,177067,50174000,5126270,,3247,1382,418,240,392,351,116,2256,1461,1659,1686,209,152,293,902,403,1088,1952,1069,209,5111,925,2038,1321,236,72,62,0,483,7.0,324,12,0,13,2,134,633,21,47,53,119,0,4267,0,67,4,3,3,2,2,3,0,20,0,0,5,0,9,2,9,76,18,6,30,64,5,9,10,4,0,0,0,0,0.0,37,0,0,0,0,0,0,0,0,0,1,0,359,0,https://data.ninjakiwi.com/btd6/users/9fbf1288da9fabac1e42861d5874e177ca5614e8ca13d83f,https://static-api.nkstatic.com/appdocs/4/assets/opendata/4859cfa481a7172af054bd1c704a2c98_ProfileAvatar25.png
Dart Monkey,153750,307899000,32905209,,13365,4320,1666,5236,5099,1235,875,3610,1827,4481,2877,1247,1178,1316,2779,1215,1679,7104,2883,2341,4551,2661,3875,1917,780,335,588,211,547,104.0,495,87,225,162,176,193,960,44,447,145,307,35,8959,24,306,85,30,8,9,1,23,1,263,19,0,7,0,0,1,1,1,833,3,553,62,40,19,40,14,0,0,0,1,0.0,271,0,0,0,0,0,0,0,0,0,1,0,334,0,https://data.ninjakiwi.com/btd6/users/9fb846898d92aba71a4b8b180b71ee7e9a0d15ee9d158a3d,https://static-api.nkstatic.com/appdocs/4/assets/opendata/f3752d5059750b24dcb6b5a14068f6ef_ProfileAvatar103.png
Player,178417,51936000,38085433,,9720,7340,3480,3478,4083,2103,600,5340,6128,9889,5432,2389,2259,2586,6316,4391,8665,6697,6317,1998,42324,5573,10005,2955,1145,623,605,459,1714,96.0,747,334,529,356,136,604,675,1288,484,765,243,62,16613,1,39,0,0,0,0,0,4,0,15,0,0,3,0,0,0,0,0,12,0,15,0,0,0,0,0,0,0,0,0,0.0,23,0,0,0,0,0,0,0,0,0,0,0,24,0,https://data.ninjakiwi.com/btd6/users/9ced43828a97ffa4194bdc1f0925b521cd004cbb9e11dd39,https://static-api.nkstatic.com/appdocs/4/assets/opendata/bead54d560eefd53a00bcb487a12ff96_ProfileAvatar81.png
Gear5,179133,51265000,31708207,,3571,3233,1116,930,785,538,260,1829,1509,3563,1318,1117,488,465,1703,1363,2421,2177,1724,347,8261,957,2399,1048,356,409,147,75,412,26.0,155,43,30,23,10,34,983,45,44,263,24,5,4799,3,14,0,0,0,2,0,4,0,5,0,0,2,0,0,0,0,0,9,0,6,6,0,2,0,0,0,0,0,0,0.0,5,0,0,0,0,0,1,0,0,0,0,0,6,0,https://data.ninjakiwi.com/btd6/users/9fba118a8bc0afa14c44dc195e72e421c85648b5c8448a30,https://static-api.nkstatic.com/appdocs/4/assets/opendata/e0efcee62da40708a4c0a872f76bd89c_ProfileAvatar66.png
MobileGamer,182233,52640000,1249839,,2330,1197,815,593,529,444,108,1238,1350,1640,1192,443,182,250,555,630,946,1064,745,169,4750,237,1607,356,99,154,52,7,153,29.0,168,103,16,29,33,134,545,68,95,207,178,155,4457,2,0,0,0,0,0,0,0,0,0,0,0,0,0,0,0,0,0,0,0,0,0,0,0,0,0,0,0,0,0,0.0,0,0,0,0,0,0,0,0,0,0,0,0,0,0,https://data.ninjakiwi.com/btd6/users/9fbd1182db9ffbf71d168f195672ee7fc80049e9cd108d3f,https://static-api.nkstatic.com/appdocs/4/assets/opendata/ba07ae7b394cd4fa9fc329a100505d5b_ProfileAvatar51.png
Dawg Daddy,182300,51552000,0,,7630,2346,2127,2494,2028,1242,797,3387,2944,4996,5665,1262,514,677,2107,2113,3103,2548,1539,1267,2960,2711,3789,769,306,213,86,134,108,5.0,1598,69,166,10,74,80,726,37,83,27,6,7,5449,2,0,0,0,0,0,0,0,0,0,0,0,0,0,0,0,0,0,0,0,0,0,0,0,0,0,0,0,0,0,0.0,0,0,0,0,0,0,0,0,0,0,0,0,0,0,https://data.ninjakiwi.com/btd6/users/9fb9418bd992f0ac1b40dc4e5821e4749f0314e89b42d13f,https://static-api.nkstatic.com/appdocs/4/assets/opendata/690b025a82d05b27715dd610e466ef7f_ProfileAvatar101.png
monkey,171133,223151000,5000350,,2221,1332,980,1225,902,521,73,1212,893,1361,475,246,291,218,776,413,939,1242,1263,215,2007,265,1109,600,217,75,144,114,107,9.0,170,1,23,13,43,51,152,30,8,39,37,10,3299,4,66,110,11,6,30,13,9,57,39,13,14,9,8,8,29,10,12,54,18,20,13,11,20,14,13,2,0,0,9,0.0,13,0,2,0,2,12,14,0,1,1,0,1,81,0,https://data.ninjakiwi.com/btd6/users/9fbe108fde90aff61e40dc1a5f20e576c4561bb4ca18dc3c,https://static-api.nkstatic.com/appdocs/4/assets/opendata/1a58e43581cdaafdfb751778c20b01ae_ProfileAvatar30.png
T.hzh,176633,137316000,1017118,,5088,2978,864,1480,1809,1000,591,3417,2015,4944,2443,1455,428,479,2684,1351,3219,3237,4419,1427,6877,2170,4706,1179,547,674,142,109,665,126.0,380,31,63,37,52,548,1190,173,288,262,30,90,8680,3,33,69,5,15,41,0,15,2,18,0,0,2,0,5,0,3,0,65,0,28,112,61,41,31,10,0,2,0,0,2.0,22,0,0,0,0,0,0,0,0,0,2,0,38,0,https://data.ninjakiwi.com/btd6/users/9fb91f89dec3fff64d108d435e76e5219e0214b99a16dc6b,https://static-api.nkstatic.com/appdocs/4/assets/opendata/c222d33c20b59c0a4d8d85fcb20e9ef4_ProfileAvatar33.png
Andrew_10,175233,59327000,0,,2964,1307,1164,947,1153,643,46,1147,1166,1514,569,336,296,393,850,423,1392,1516,1355,102,2935,392,1170,416,129,61,95,54,186,18.0,159,106,51,12,21,75,136,14,19,7,24,3,5613,3,138,45,4,18,10,10,10,38,12,14,2,12,14,13,46,0,34,65,18,18,3,17,36,7,5,17,1,0,15,0.0,8,0,1,0,0,13,20,2,0,3,0,0,166,0,https://data.ninjakiwi.com/btd6/users/9ce91f8a89c3fba31a10891a5d76e22298571eb99f148a6b,https://static-api.nkstatic.com/appdocs/4/assets/opendata/e0efcee62da40708a4c0a872f76bd89c_ProfileAvatar66.png
RR21,178850,55614000,19389018,,1701,127,800,831,278,273,159,1531,1036,1007,191,139,68,192,210,204,336,329,171,104,1244,361,832,494,60,12,9,0,44,,116,0,39,21,1,296,87,41,2,40,47,5,1114,0,33,0,0,0,4,10,6,11,20,0,0,16,4,2,0,0,16,23,0,15,17,0,11,2,0,0,0,0,0,,12,0,0,0,0,0,9,0,0,0,0,0,28,0,https://data.ninjakiwi.com/btd6/users/9fbe10d9de96faac4d40864a0921e724cb5018ee9c438c6e,https://static-api.nkstatic.com/appdocs/4/assets/opendata/db32af61df5646951a18c60fe0013a31_ProfileAvatar01.png
Yoso,179500,55554000,23185800,,9752,6984,6247,6008,5232,2416,78,4489,6079,9232,2721,1629,2317,1263,4922,982,4652,4459,4746,582,8437,1377,3850,608,348,678,2336,509,681,83.0,1241,614,457,263,140,354,1292,279,412,270,145,43,21374,25,0,0,0,0,0,0,0,0,0,0,0,0,0,0,0,0,0,0,0,0,0,0,0,0,0,0,0,0,0,0.0,0,0,0,0,0,0,0,0,0,0,0,0,0,0,https://data.ninjakiwi.com/btd6/users/9cb910888bc3fda01913db4f0e73ee72ce511fb89b15db69,https://static-api.nkstatic.com/appdocs/4/assets/opendata/e02041c502508f551690933405cb548d_ProfileAvatar96.png
Pop,168550,57983000,68253456,,1331,481,306,366,795,420,290,381,614,973,285,213,154,277,394,155,471,842,548,1863,612,370,702,219,106,46,57,34,54,139.0,85,54,60,12,43,68,136,8,124,50,51,2,2083,1,68,5,6,3,5,3,26,6,24,5,3,1,0,2,3,0,31,23,9,31,10,2,9,2,0,0,0,0,0,0.0,25,0,0,0,0,0,0,0,4,2,4,0,53,0,https://data.ninjakiwi.com/btd6/users/9fbe10de899ef1a24e17da1e0c72e5769e5518ba9f128c3e,https://static-api.nkstatic.com/appdocs/4/assets/opendata/6449232064814cb0ab3a695f10f67244_ProfileAvatar92.png
DartElite03104,160067,164911000,80131921,,9912,9010,3738,7091,5925,2237,1048,4517,3603,11095,3335,1160,1912,3381,4781,3029,7378,7099,5404,5400,28187,2608,7480,4543,1009,116,529,121,302,116.0,974,228,30,184,268,153,1083,70,276,38,566,21,12449,13,116,0,0,0,0,0,34,0,60,0,0,23,0,20,0,0,0,82,0,83,0,0,0,0,0,0,0,0,0,0.0,56,0,0,0,0,0,0,0,0,0,0,0,71,0,https://data.ninjakiwi.com/btd6/users/9fbd15dd8a92abad4d428d4e5d7ae425ca5615b49a148a3f,https://static-api.nkstatic.com/appdocs/4/assets/opendata/ab4e2441cc228cff13033032e2f737d8_ProfileAvatar46.png
Benedict,174050,58810000,122473605,,2970,1478,753,661,791,666,55,1405,1285,911,378,474,406,469,1102,595,2033,1395,1060,204,4756,783,1551,759,146,152,39,40,189,9.0,321,70,35,48,41,75,220,47,77,44,35,4,6554,0,14,0,0,0,0,0,3,0,5,0,0,3,0,3,0,0,0,9,0,5,0,0,0,0,0,0,0,0,0,0.0,6,0,0,0,0,0,0,0,0,0,0,0,8,0,https://data.ninjakiwi.com/btd6/users/9fb7148bd7c2ada34916894d0b70b271c80449ed9d158c3e,https://static-api.nkstatic.com/appdocs/4/assets/opendata/c9e733296983b2065232101e2cb7fb45_ProfileAvatar21.png
rayan,124733,60727000,0,,1072,276,336,314,261,288,0,457,340,305,278,146,122,301,331,292,346,372,356,124,504,293,306,112,241,77,50,19,50,,55,48,25,7,2,83,28,14,29,12,34,9,1058,0,0,0,0,0,0,0,0,0,0,0,0,0,0,0,0,0,0,0,0,0,0,0,0,0,0,0,0,0,0,,0,0,0,0,0,0,0,0,0,0,0,0,0,0,https://data.ninjakiwi.com/btd6/users/9fbc43838a9fffa61c46d91d0970b277c9001ebe9917db31,https://static-api.nkstatic.com/appdocs/4/assets/opendata/277d4c265ed71fcb8aff04bbeadfa971_ProfileAvatar39.png
TrippyWitch6087,178367,62034000,5827758,,11337,5714,3164,3443,3211,4163,1068,9647,6164,10258,1838,2548,1510,1428,4898,2572,6645,10465,6508,1770,13023,3531,11122,3707,880,902,296,391,1117,204.0,947,242,242,357,76,2437,2765,107,125,1459,187,5,17269,4,14,0,0,4,7,5,8,22,8,2,1,2,0,0,0,1,0,19,1,9,1,1,11,0,0,1,0,0,1,0.0,4,0,0,0,0,1,5,0,0,3,0,0,15,0,https://data.ninjakiwi.com/btd6/users/9ced15d98c94fdf4104b8b1d0d7bef70cd571bb9cf13d13b,https://static-api.nkstatic.com/appdocs/4/assets/opendata/0a6a687f63b8a314620ea0faa9d6c853_ProfileAvatar119.png
ikvn,143683,251833000,8898852,,53064,26112,38671,48983,46749,9863,816,6715,20799,28565,20535,2120,13580,5217,25933,3796,8399,87122,40334,13501,22366,3891,21162,10253,14022,2476,8993,3980,2224,84.0,10125,3778,1925,674,3896,1886,9464,199,3139,532,4485,793,110880,9129,589,5,0,5,0,10,19,0,298,0,0,0,0,5,0,0,0,826,0,618,51,0,37,7,0,0,0,0,0,0.0,327,0,0,0,0,0,0,0,0,0,11,0,454,3,https://data.ninjakiwi.com/btd6/users/9fbf43d9d796aaac1c41de4e5e7be672cc511aeacc138a39,https://static-api.nkstatic.com/appdocs/4/assets/opendata/db32af61df5646951a18c60fe0013a31_ProfileAvatar01.png
Asikkend,176517,114822000,1902256,,3166,3912,2587,4642,2489,1098,649,4259,1862,5838,1768,1508,1828,1543,3254,1464,1739,2160,2506,2186,2822,1169,2455,1127,272,411,406,183,289,33.0,430,147,58,23,152,107,585,30,193,77,216,62,7630,4,129,0,0,0,0,0,5,0,34,0,0,4,0,36,0,0,0,1,0,39,0,0,0,0,0,0,0,0,0,0.0,32,0,0,0,0,0,0,0,0,0,0,0,37,0,https://data.ninjakiwi.com/btd6/users/9cb91589da94fff61b40da1d0b7bb07fcc0d14efc816d93f,https://static-api.nkstatic.com/appdocs/4/assets/opendata/e02041c502508f551690933405cb548d_ProfileAvatar96.png
gingermonster,135767,66299000,31082842,,598,88,127,89,75,103,79,231,232,274,223,233,54,204,301,149,162,131,130,185,674,110,144,58,16,24,24,10,28,,9,0,51,0,0,48,96,0,0,0,6,13,1290,0,25,2,0,16,3,6,14,3,0,0,1,15,0,6,1,0,0,1,2,0,33,24,11,4,0,0,0,0,0,,2,0,0,0,0,0,2,0,0,0,0,0,37,27,https://data.ninjakiwi.com/btd6/users/9ce944d9dbc0f9f34e428e190d70e77f98504bbd9b42896d,https://static-api.nkstatic.com/appdocs/4/assets/opendata/7f2320145829e7f8a2682811cd110ae4_ProfileAvatar93.png
Chicken4499,173150,64966000,154813653,,2047,1371,850,1091,1229,431,22,969,1322,1363,483,390,341,181,922,223,834,1293,1089,84,2100,326,944,259,24,97,387,86,60,,378,86,18,7,0,55,123,39,55,70,64,14,6027,0,23,0,0,0,0,0,20,0,4,0,0,1,0,0,0,0,0,2,0,5,0,0,0,0,0,0,0,0,0,,6,0,0,0,0,0,0,0,0,0,0,0,11,0,https://data.ninjakiwi.com/btd6/users/9cea1689ddc5fca34c16de425825e77fcd054fbc9619d130,https://static-api.nkstatic.com/appdocs/4/assets/opendata/ba07ae7b394cd4fa9fc329a100505d5b_ProfileAvatar51.png
Drop Ender,156617,221760000,27319396,,4980,4102,1705,4167,1752,689,70,2324,1415,3471,1412,310,1095,402,1985,741,3016,5483,2557,2203,4896,504,2888,1126,216,436,292,234,571,8.0,655,10,78,22,89,123,605,99,93,7,84,84,5288,10,345,11,22,42,5,5,76,29,192,11,12,50,0,0,17,0,79,526,22,414,9,12,9,30,7,17,0,0,1,0.0,204,0,0,0,0,0,4,0,2,0,0,0,241,0,https://data.ninjakiwi.com/btd6/users/9cb81f8a8997f9ac1f17d9435972b725cc0d4bb9cf468a6b,https://static-api.nkstatic.com/appdocs/4/assets/opendata/90c55ab36f3552975a6eb7251c17319d_ProfileAvatar55.png
vug,175233,130000000,48365858,,4490,3362,1549,1344,1361,1084,232,3662,2117,2461,1047,878,618,580,1897,721,2766,2910,1815,797,6317,1532,2552,775,202,590,77,87,271,40.0,266,28,113,6,39,743,963,64,79,159,184,2,6916,3,33,0,0,3,29,0,8,0,12,0,0,6,0,0,0,0,0,21,0,15,30,30,3,27,0,0,0,0,0,0.0,13,0,0,0,0,0,0,0,0,0,0,0,23,0,https://data.ninjakiwi.com/btd6/users/9fbb44df8e9fffad4c448e1a5c27b222c9564ced9610da6c,https://static-api.nkstatic.com/appdocs/4/assets/opendata/51524359fcf0d2950590fed2a24ede0e_ProfileAvatar68.png
NoSamurai7,179983,69178000,5475230,,363,145,231,160,109,204,48,161,320,303,122,170,37,36,294,60,177,180,166,104,467,212,194,182,82,26,9,0,39,,29,1,0,1,1,4,248,64,4,29,6,1,655,1,0,0,0,0,0,0,0,0,0,0,0,0,0,0,0,0,0,0,0,0,0,0,0,0,0,0,0,0,0,,0,0,0,0,0,0,0,0,0,0,0,0,0,0,https://data.ninjakiwi.com/btd6/users/9fba138f89c0fcf31f46de495b77e270c90c4befcc168c39,https://static-api.nkstatic.com/appdocs/4/assets/opendata/58c6650f0e67a4737d16441bb0358fc0_ProfileAvatar73.png
trabant,160767,324751000,23318290,,5121,3666,2198,2640,2396,1207,361,2709,2230,3198,3007,1189,1240,1066,2896,1508,2080,1456,2444,1457,4263,1242,2756,1159,568,297,274,204,272,68.0,403,107,883,159,112,818,265,119,262,282,96,33,9731,2,88,0,0,0,2,2,10,15,61,20,4,8,0,6,2,0,5,41,8,52,13,0,5,0,2,0,0,0,0,0.0,41,0,0,4,0,10,0,0,0,0,0,0,76,0,https://data.ninjakiwi.com/btd6/users/9fba43898995abf7194486490c25b5769a501fbe9619d06c,https://static-api.nkstatic.com/appdocs/4/assets/opendata/db32af61df5646951a18c60fe0013a31_ProfileAvatar01.png
Samsonitos,178767,72244000,20764279,,16285,7080,4984,5828,8730,3313,949,6517,5559,9700,3337,1766,1319,1754,3883,2119,5129,6822,6891,1502,18004,4203,8190,3337,520,427,600,216,352,79.0,1484,228,458,297,66,335,1367,184,530,215,716,17,20552,23,0,0,0,0,0,0,0,0,0,0,0,0,0,0,0,0,0,0,0,0,0,0,0,0,0,0,0,0,0,0.0,0,0,0,0,0,0,0,0,0,0,0,0,0,0,https://data.ninjakiwi.com/btd6/users/9fbe4588dbc5abf04b4288490c22e37ecc021db4c819d86a,https://static-api.nkstatic.com/appdocs/4/assets/opendata/845b9c31facac365f6d1a03247495b7b_ProfileAvatar82.png
BIG_M_K,168100,74534000,225191362,,2232,2190,1062,3749,2025,664,577,457,964,1383,370,382,558,683,949,199,368,2399,1284,1861,753,259,1196,688,51,212,282,436,192,49.0,225,93,90,46,149,45,318,30,54,35,92,0,4152,8,0,0,0,0,0,0,0,0,0,0,0,0,0,0,0,0,0,0,0,0,0,0,0,0,0,0,0,0,0,0.0,0,0,0,0,0,0,0,0,0,0,0,0,0,0,https://data.ninjakiwi.com/btd6/users/9fb81ed88c91fca11b47dc43567be57398024cbb9713dd3e,https://static-api.nkstatic.com/appdocs/4/assets/opendata/575b098c6dc37457814e871dc0a8fbcb_ProfileAvatar09.png
TaguoCintam,164350,74186000,34966828,,6200,3325,2026,4147,2234,1048,488,1899,1586,2988,1021,529,1346,1050,3402,534,1793,1370,2599,2964,4210,698,1754,1144,310,202,328,148,174,14.0,466,58,83,147,244,121,416,55,113,20,95,1,11097,6,19,0,0,0,0,0,3,0,9,0,0,0,0,1,0,0,0,3,0,10,0,0,0,0,0,0,0,0,0,0.0,8,0,0,0,0,0,0,0,0,0,0,0,11,0,https://data.ninjakiwi.com/btd6/users/9cea468bd994fff61c11dd480926e575c8014fbdcb418e3c,https://static-api.nkstatic.com/appdocs/4/assets/opendata/d7efbd08a6cafa2f17faaced7068317a_ProfileAvatar91.png
Glo,170183,76002000,27906129,,2,0,1,1,0,1,0,1,0,0,1,1,1,0,0,0,0,0,0,0,0,0,0,0,0,0,0,0,0,,0,0,0,0,0,0,0,0,0,0,0,0,2,0,16,0,4,4,3,12,0,3,5,1,3,32,5,0,3,3,1,11,2,0,4,1,2,1,0,0,0,0,0,,0,0,0,0,0,0,0,0,0,0,0,0,12,0,https://data.ninjakiwi.com/btd6/users/9fb61283db95aba41b14d9180a25b07f9d031eb4cf13df39,https://static-api.nkstatic.com/appdocs/4/assets/opendata/0e2c86d4eb30133fbbca5f695ac80f9f_ProfileAvatar08.png
Simon,168633,84905000,129463350,,1504,1093,548,643,1345,588,33,1330,970,1283,883,269,560,146,1088,248,690,1410,650,62,1062,313,1336,276,272,144,150,126,59,10.0,374,18,14,14,3,46,562,39,115,27,37,167,2976,2,39,0,0,0,0,0,3,0,24,0,2,4,1,1,0,0,0,21,0,19,0,1,3,1,0,0,1,1,0,0.0,18,0,0,0,0,0,0,1,1,0,0,0,29,0,https://data.ninjakiwi.com/btd6/users/9fba458f8b91aaa61b108f1e0d7ab321cd561fbe98188c3e,https://static-api.nkstatic.com/appdocs/4/assets/opendata/b1ef093283db879ae51f4dc27b82a5a0_ProfileAvatar37.png
micklepickle,167467,240207000,44534538,,1449,430,382,391,237,206,299,227,544,407,397,104,43,210,197,93,352,227,393,233,1036,283,413,433,61,20,30,7,23,,89,0,9,2,0,0,63,154,8,0,30,0,958,1,139,9,65,0,12,3,0,1,73,0,4,14,0,30,1,1,1,243,0,144,159,39,35,77,6,0,0,0,0,,85,0,0,0,0,0,2,0,0,0,1,0,142,0,https://data.ninjakiwi.com/btd6/users/9fb741dfdf95aaf74911874b0b70b42198504feaca15896e,https://static-api.nkstatic.com/appdocs/4/assets/opendata/340b3b9c7393fa0bf0ecd8c42cdd3258_ProfileAvatar44.png
S.Moon,173567,84270000,10780696,,3002,1907,653,1177,1879,423,562,1366,705,1377,697,269,541,550,781,410,620,907,1297,1014,3408,546,1296,345,170,19,99,54,50,88.0,227,34,108,58,44,76,147,7,15,16,9,0,2619,4,80,144,1,68,38,9,10,27,10,1,84,3,0,0,3,19,26,17,12,15,148,79,51,82,47,0,0,0,0,0.0,17,0,0,0,0,0,11,0,0,0,1,0,37,0,https://data.ninjakiwi.com/btd6/users/9fb74583de97faa14e11db1f5e70e67e9f001eb999128c3a,https://static-api.nkstatic.com/appdocs/4/assets/opendata/e0efcee62da40708a4c0a872f76bd89c_ProfileAvatar66.png
Durpy,163250,346658000,20956881,,702,343,275,815,162,59,51,515,233,837,228,32,236,139,612,162,210,175,166,626,1208,149,227,180,120,53,10,0,23,12.0,43,6,1,2,0,25,21,52,0,21,30,8,1199,1,79,6,3,62,6,7,9,28,65,0,0,22,3,29,0,0,3,90,0,121,139,42,26,39,5,0,0,0,0,0.0,66,0,0,0,0,0,5,0,0,0,0,0,163,0,https://data.ninjakiwi.com/btd6/users/9fba128bdac3fcf01c13db1d5c20e125ca071fbf9d18df31,https://static-api.nkstatic.com/appdocs/4/assets/opendata/b3bfaf76e60d7b9737216a61480a2846_ProfileAvatar12.png
Lei,168217,90632000,58553567,,621,391,150,252,206,132,126,387,244,555,174,162,123,198,281,137,355,297,566,210,1491,261,313,257,209,34,38,10,37,,82,11,0,0,0,40,218,0,1,0,57,1,1293,0,20,12,1,5,22,3,6,0,18,0,0,7,0,0,0,2,7,37,0,34,64,5,13,18,7,0,0,0,0,,19,0,0,0,0,0,1,0,0,0,0,0,30,0,https://data.ninjakiwi.com/btd6/users/9fbd1f8bdfc3ffa44d468d425e70b5769a5249bbcd13df6a,https://static-api.nkstatic.com/appdocs/4/assets/opendata/b1ef093283db879ae51f4dc27b82a5a0_ProfileAvatar37.png
Runtmister,175083,90245000,3078788,,884,678,264,219,66,130,38,238,257,296,226,164,124,381,188,156,543,301,241,203,545,170,183,260,189,42,9,9,1,,279,22,0,4,2,50,16,41,3,4,27,1,1222,2,31,5,3,13,5,5,10,0,2,0,0,3,0,1,0,0,0,5,0,2,12,0,8,6,27,0,0,0,0,,2,0,0,0,0,0,0,5,0,0,0,0,11,0,https://data.ninjakiwi.com/btd6/users/9cec1382dfc5f8f64e13db190e75e277cd004bbb9614de3e,https://static-api.nkstatic.com/appdocs/4/assets/opendata/5ecbf8e3e22e2575ce5eeb7230c15392_ProfileAvatar07.png
xqxyy,177633,88466000,27750678,,9588,5983,3763,4476,3237,1176,252,6177,2538,10071,5447,1869,1097,1282,4008,2233,6735,4702,21932,385,15531,1506,9535,1931,657,376,1058,157,4679,46.0,493,82,1089,126,77,622,1616,160,202,797,217,43,18617,8,0,0,0,0,0,0,0,0,0,0,0,0,0,0,0,0,0,0,0,0,0,0,0,0,0,0,0,0,0,0.0,0,0,0,0,0,0,0,0,0,0,0,0,0,0,https://data.ninjakiwi.com/btd6/users/9fbb12de8cc7adf11e47884b5b71e724cf514eba9b12dc6a,https://static-api.nkstatic.com/appdocs/4/assets/opendata/0a6a687f63b8a314620ea0faa9d6c853_ProfileAvatar119.png
Kiwi Knight,178033,92281000,20469976,,3140,1192,736,640,319,204,7,1011,628,2008,388,391,117,300,632,370,1114,654,961,72,3453,332,945,469,275,276,55,72,210,1.0,239,30,40,17,4,1,139,8,3,1,102,1,3701,6,26,0,0,0,0,0,1,0,10,0,0,1,0,1,0,0,0,28,0,16,0,0,0,0,0,0,0,0,0,0.0,14,0,0,0,0,0,0,0,0,0,0,0,26,0,https://data.ninjakiwi.com/btd6/users/9cb9428a8e94adac11108d1f5621b471cc0d1ee8c816d830,https://static-api.nkstatic.com/appdocs/4/assets/opendata/93899ad8b3667da7dad9a785fd827383_ProfileAvatar63.png
Heelix,178150,88641000,1161699,,1226,534,516,204,433,179,112,265,147,123,88,75,66,23,511,184,263,610,59,232,609,62,390,133,10,21,136,4,1,,51,0,0,0,7,0,0,78,0,0,0,0,426,1,30,1,3,10,1,1,8,0,11,0,0,7,0,0,0,0,0,20,0,11,6,1,1,3,1,0,2,0,0,,11,0,0,0,0,0,0,0,0,0,0,0,18,0,https://data.ninjakiwi.com/btd6/users/9fb6158ed996faa710148c4d5772e77fcf524bbe9c12db3a,https://static-api.nkstatic.com/appdocs/4/assets/opendata/5ecbf8e3e22e2575ce5eeb7230c15392_ProfileAvatar07.png
AgingSensation,178500,93362000,4496017,,11389,3773,2396,3112,3541,1109,410,3863,4912,9780,3684,1533,998,1013,3143,874,2810,5311,3232,2264,15666,1712,5353,1090,253,263,695,129,172,148.0,2884,238,263,101,123,315,701,163,488,546,213,47,12483,5,0,0,0,0,0,0,0,0,0,0,0,0,0,0,0,0,0,0,0,0,0,0,0,0,0,0,0,0,0,0.0,0,0,0,0,0,0,0,0,0,0,0,0,0,0,https://data.ninjakiwi.com/btd6/users/9fbe44dddec5aff44e40da4d0d27e176ce0c48b89d178b69,https://static-api.nkstatic.com/appdocs/4/assets/opendata/7f2320145829e7f8a2682811cd110ae4_ProfileAvatar93.png
wendigo,178517,92859000,0,,1682,763,800,424,205,225,28,781,815,698,411,270,161,263,539,296,846,499,496,155,1212,289,605,374,152,117,76,66,98,2.0,244,23,60,42,3,159,108,37,34,29,51,4,2573,11,30,0,0,0,0,0,18,0,21,0,0,10,0,0,0,0,0,121,0,53,0,0,0,0,0,0,0,0,0,0.0,27,0,0,0,0,0,0,0,0,0,0,0,39,0,https://data.ninjakiwi.com/btd6/users/9ceb41ded996feac4c41874b5b74e77f98514fbf9945dd3a,https://static-api.nkstatic.com/appdocs/4/assets/opendata/e02041c502508f551690933405cb548d_ProfileAvatar96.png
datwul,167600,94905000,136393716,,1981,687,489,877,492,606,36,682,1366,1615,333,377,419,139,508,159,611,1298,296,182,1536,302,879,251,63,331,224,25,90,24.0,192,101,37,30,28,34,54,17,61,8,9,0,3509,4,20,0,0,0,0,0,1,0,21,0,0,1,0,0,0,0,0,82,0,42,0,0,0,0,0,0,0,0,0,0.0,20,0,0,0,0,0,0,0,0,0,0,0,37,0,https://data.ninjakiwi.com/btd6/users/9ceb17898d90aba64d10db4d0d74ee22c9054ce8ca10d13e,https://static-api.nkstatic.com/appdocs/4/assets/opendata/c9e733296983b2065232101e2cb7fb45_ProfileAvatar21.png
DazSantos,173333,95682000,31384244,,1115,661,378,974,687,162,187,264,595,1015,287,87,292,353,507,84,144,251,346,657,867,150,412,194,89,54,88,5,5,,100,0,18,0,74,0,83,0,49,0,77,0,1268,0,41,22,30,21,9,1,3,0,9,10,2,2,0,0,0,0,0,9,0,19,192,54,32,30,1,0,0,0,0,,11,0,0,0,0,0,0,0,3,0,3,0,25,0,https://data.ninjakiwi.com/btd6/users/9fb6178cdfc3aff14e148f1a0b73e6709d5614ef9f118d3c,https://static-api.nkstatic.com/appdocs/4/assets/opendata/10e2c7f88d99b096d2de5aee71867aef_ProfileAvatar32.png
Lilith,155400,98849000,0,,245,177,83,92,133,44,48,52,19,71,61,41,52,58,58,17,158,180,143,161,208,80,167,37,5,21,3,1,1,11.0,17,2,0,11,3,15,71,11,4,0,5,0,882,1,75,48,5,4,15,5,6,7,43,2,0,3,0,7,20,1,0,4,1,6,18,4,12,1,9,1,0,0,0,1.0,1,0,0,0,0,3,2,6,0,0,1,0,35,0,https://data.ninjakiwi.com/btd6/users/9fb616da8c92f0ac4c4bda4d5871e470cd5049ef9911d969,https://static-api.nkstatic.com/appdocs/4/assets/opendata/beb18f7f16f02156d752b3d2de233924_ProfileAvatar107.png
TimmyTree,173100,100101000,1624997,,1535,368,293,498,249,353,128,865,787,601,477,363,198,189,525,252,1147,1198,806,222,1605,315,935,156,233,277,69,16,149,12.0,177,59,51,20,4,68,569,274,54,121,21,6,2866,4,53,32,7,12,33,8,9,3,15,6,2,17,9,5,15,6,8,50,10,20,119,16,26,11,11,0,0,1,0,0.0,7,0,0,0,0,0,20,1,0,0,0,0,378,0,https://data.ninjakiwi.com/btd6/users/9ceb128fd7c4f1a04d44881a5826e7719f5719b49b43de69,https://static-api.nkstatic.com/appdocs/4/assets/opendata/be99bb17f8ab6d4953edcfcb2c6e7e0c_ProfileAvatar48.png
jarhay,167100,103632000,40488717,,4772,4164,4467,8382,6074,2559,145,3172,3928,4623,4833,2265,5096,1475,4505,2055,1077,5492,4584,863,2017,626,3804,1512,248,451,988,616,364,8.0,638,296,736,343,211,364,1026,200,343,347,494,248,15512,4,27,0,0,1,0,26,5,42,18,0,27,6,0,9,0,20,53,32,0,34,0,0,12,11,9,0,0,0,0,0.0,16,0,0,0,0,0,12,0,0,0,0,0,35,1,https://data.ninjakiwi.com/btd6/users/9fbc1789dec3fea01e448f4e5e76b076cd0248e8cf45da3f,https://static-api.nkstatic.com/appdocs/4/assets/opendata/e0efcee62da40708a4c0a872f76bd89c_ProfileAvatar66.png
Koishi,176117,103066000,56850785,,9738,9795,3080,3171,3003,1293,127,4345,2722,11313,4332,1546,727,893,4127,2529,5900,6115,5050,450,17551,1438,6696,2895,517,721,921,323,926,11.0,842,147,105,54,106,217,701,54,220,42,81,39,9522,30,7,28,0,30,4,2,2,0,6,0,0,1,0,0,0,0,0,29,0,13,79,30,15,37,8,0,0,0,0,0.0,7,0,0,0,0,0,0,0,0,0,0,0,6,0,https://data.ninjakiwi.com/btd6/users/9fbe178fde94a8f319168f435b77e7219a061bba97128939,https://static-api.nkstatic.com/appdocs/4/assets/opendata/be99bb17f8ab6d4953edcfcb2c6e7e0c_ProfileAvatar48.png
Rister,177067,101501000,33099910,,3106,1165,1031,1092,680,445,95,1294,863,2360,1775,374,363,330,949,743,2644,1096,1073,106,6233,255,1411,1836,261,96,65,24,95,1.0,117,31,31,48,20,33,261,99,24,352,197,2,4429,12,0,0,0,0,0,0,0,0,0,0,0,0,0,0,0,0,0,0,0,0,0,0,0,0,0,0,0,0,0,0.0,0,0,0,0,0,0,0,0,0,0,0,0,0,0,https://data.ninjakiwi.com/btd6/users/9fbd44dadf9ff0a24b4388420927e725c5011ae89a10d86a,https://static-api.nkstatic.com/appdocs/4/assets/opendata/6cf23cc7397b6d72c8742fddf4df8852_ProfileAvatar69.png
mmmmmmmsy,174583,108179000,0,,1507,563,217,488,360,253,147,1576,476,766,674,377,91,230,456,408,374,876,792,303,883,440,1683,182,122,79,69,3,48,31.0,78,13,56,30,17,169,441,18,34,357,194,13,3113,1,93,15,6,8,4,2,32,5,61,6,3,4,1,5,4,2,0,35,5,46,55,11,17,9,8,0,0,0,0,0.0,44,0,0,0,2,4,0,11,0,10,3,0,116,0,https://data.ninjakiwi.com/btd6/users/9fba4488dbc3f8f319448b435821e02298574ebe9814d16b,https://static-api.nkstatic.com/appdocs/4/assets/opendata/d5e716187088ec0526b6ca36dbfde36b_ProfileAvatar45.png
Spl1x6,176783,109854000,37160983,,454,352,191,177,140,94,53,252,231,199,155,55,56,75,126,127,155,381,142,191,430,138,252,208,101,21,23,3,28,,186,15,13,1,0,26,28,50,2,2,1,0,816,1,0,0,0,0,0,0,0,0,0,0,0,0,0,0,0,0,0,0,0,0,0,0,0,0,0,0,0,0,0,,0,0,0,0,0,0,0,0,0,0,0,0,0,0,https://data.ninjakiwi.com/btd6/users/9ced14888ac5aca049168d4f5677b571ce561ab99b108e3d,https://static-api.nkstatic.com/appdocs/4/assets/opendata/9b884714fa55b339ae9f6e796bffff99_ProfileAvatar31.png
TealZebra3027,174867,113280000,25220549,,3295,2012,1297,3169,1398,750,165,1584,1850,4199,1459,1099,407,990,1882,844,1812,1595,1823,1285,3466,1595,2033,1083,759,176,179,65,57,13.0,883,23,63,169,85,48,618,54,58,28,38,14,4997,5,15,0,0,11,0,0,5,0,13,0,4,4,0,3,0,0,0,13,0,25,0,0,3,0,0,0,0,0,0,0.0,14,0,0,0,0,0,0,0,0,0,0,0,21,0,https://data.ninjakiwi.com/btd6/users/9fb911d989c5fda610438e4c5e74b077ca501eed9d14d83e,https://static-api.nkstatic.com/appdocs/4/assets/opendata/1644838b21ce3f4a2377c1fb11437f77_ProfileAvatar47.png
Player,176183,114452000,41484507,,1727,1146,672,593,845,442,628,1197,631,731,561,721,245,300,942,236,306,1210,804,810,149,272,762,340,210,22,68,89,268,168.0,75,124,83,0,30,87,284,0,38,0,0,0,2329,0,90,1,0,1,0,1,2,2,41,0,0,17,0,1,0,0,0,40,0,37,1,0,0,0,0,0,0,0,0,0.0,40,0,0,0,0,0,0,0,0,0,0,0,45,0,https://data.ninjakiwi.com/btd6/users/9fbb468edf97fcf74b10d9185b73e47e980718b4cd45893f,https://static-api.nkstatic.com/appdocs/4/assets/opendata/db32af61df5646951a18c60fe0013a31_ProfileAvatar01.png
Nick,170633,117707000,43172327,,1766,1355,544,1222,678,231,101,681,990,1131,407,348,184,185,647,426,1409,1272,540,421,2078,448,1001,298,35,211,21,9,172,37.0,243,10,25,4,2,111,66,33,14,30,61,6,2548,2,30,93,10,77,15,6,8,7,10,6,108,4,0,5,0,3,2,54,2,20,145,42,35,44,18,0,0,0,1,0.0,17,0,0,0,2,2,0,1,0,1,0,0,35,0,https://data.ninjakiwi.com/btd6/users/9fbe15888c95fea64b418e430926e572cf0115bfca458e3e,https://static-api.nkstatic.com/appdocs/4/assets/opendata/f3752d5059750b24dcb6b5a14068f6ef_ProfileAvatar103.png
Feryna,167250,247288000,60348305,,7810,4455,4731,9291,7079,2204,358,4300,3661,5453,3631,1402,3270,1621,4668,1085,3109,9084,7253,1576,3077,1923,4461,1521,723,559,1956,495,438,9.0,776,269,445,290,154,230,1280,243,401,272,166,62,18840,32,25,0,0,0,0,0,1,0,22,0,0,3,0,1,0,0,0,81,0,51,0,0,0,0,0,0,0,0,0,0.0,20,0,0,0,0,0,0,0,0,0,0,0,26,1,https://data.ninjakiwi.com/btd6/users/9cba1e898ac0ada54e42db4e5976e470c95149bc9619d86c,https://static-api.nkstatic.com/appdocs/4/assets/opendata/753ef14cdff5367a771eba17a9e52f7c_ProfileAvatar83.png
ArtPoly,159617,119891000,80131921,,6202,4447,2231,3149,3511,1148,682,2543,1649,6661,1787,615,1273,1008,2160,1354,3501,2872,2132,1966,10716,1687,3909,1922,486,122,163,105,141,84.0,727,134,137,45,140,165,328,25,24,40,282,6,6277,14,154,9,7,33,36,8,27,2,43,4,2,3,4,0,2,0,0,203,1,94,274,101,74,175,0,0,0,0,0,0.0,43,0,0,0,1,1,1,0,0,1,3,0,56,0,https://data.ninjakiwi.com/btd6/users/9fbd1f8bdc97feac1c4bd91e0e75b47f9f071ceaca468b6d,https://static-api.nkstatic.com/appdocs/4/assets/opendata/90c55ab36f3552975a6eb7251c17319d_ProfileAvatar55.png
izy,148783,294993000,45270501,,22865,14447,7935,19490,19232,5983,1335,6888,5749,12027,4981,1960,4102,2143,9049,2560,3925,27756,9892,12412,7074,3982,12474,2468,2565,1040,4326,910,1185,149.0,882,512,321,278,1691,693,2629,210,1015,253,1454,342,33325,148,53,0,0,8,0,0,14,0,32,1,0,1,0,0,1,0,0,84,0,66,0,0,2,0,0,0,0,0,0,0.0,31,0,0,0,0,0,0,0,0,0,0,0,52,1,https://data.ninjakiwi.com/btd6/users/9fba138b8a94ffa51b4a88190e22b273ca0c4eef9742d831,https://static-api.nkstatic.com/appdocs/4/assets/opendata/845b9c31facac365f6d1a03247495b7b_ProfileAvatar82.png
0Python,152733,200527000,8898852,,8282,3780,2958,3160,2908,1336,464,3692,1830,2560,1320,977,842,929,2401,1036,2644,5340,2494,2643,2989,1450,3865,2379,579,229,421,138,291,101.0,296,199,412,63,100,1043,646,73,358,183,872,29,8090,72,249,0,0,0,0,0,83,6,145,0,2,5,0,0,0,2,0,954,0,375,1,0,2,0,0,0,0,0,1,0.0,140,0,0,0,0,0,3,0,0,0,3,0,204,1,https://data.ninjakiwi.com/btd6/users/9fba12ddd8c7f8a61b1187420921e17ec55015b99e16dd31,https://static-api.nkstatic.com/appdocs/4/assets/opendata/beb18f7f16f02156d752b3d2de233924_ProfileAvatar107.png
New AE,151767,343978000,0,,223,104,120,188,103,53,12,324,103,180,319,32,22,28,65,109,197,258,126,66,392,137,494,163,25,2,6,0,12,44.0,73,0,0,9,0,44,40,0,1,1,2,0,309,0,125,3,0,9,11,13,24,17,69,12,62,6,0,5,8,30,12,158,32,125,57,48,116,38,0,0,0,0,0,0.0,67,0,0,4,0,11,2,0,0,0,8,0,116,0,https://data.ninjakiwi.com/btd6/users/9fbb46d88995f8a14d4a8e185f73ee7fc4061bbf9917da69,https://static-api.nkstatic.com/appdocs/4/assets/opendata/90c55ab36f3552975a6eb7251c17319d_ProfileAvatar55.png
johhnyboy,174833,145824000,33503949,,5296,2444,1579,1117,852,629,316,2504,1859,3629,1956,850,486,721,1918,1192,3133,2023,1615,845,7636,1010,2466,2013,291,383,138,60,264,94.0,408,70,79,46,34,475,362,68,73,94,163,107,7289,1,35,1,1,0,4,0,14,0,12,0,0,7,0,0,0,0,0,10,0,13,20,1,5,1,0,0,0,0,0,1.0,13,0,0,0,0,0,0,0,0,0,2,0,29,0,https://data.ninjakiwi.com/btd6/users/9fbc1ed8d69ff1f04d13dd1e5870b572cb0c18eecd19d93f,https://static-api.nkstatic.com/appdocs/4/assets/opendata/74f14994aa1c578f556126fe6cdcfded_ProfileAvatar85.png
SUMPLY,163800,140275000,129255390,,4704,1967,901,2596,2056,822,128,4739,3095,7621,4805,1580,402,771,2166,1436,3160,3955,3912,1779,9707,2107,4760,2242,470,263,866,61,270,27.0,563,71,437,66,26,1370,504,434,110,147,495,44,9276,11,33,8,3,3,8,3,6,3,21,0,0,9,0,6,0,0,2,121,0,52,110,10,15,11,0,0,0,0,0,1.0,18,0,0,0,0,0,5,0,0,0,1,0,41,0,https://data.ninjakiwi.com/btd6/users/9fbc11888a95f8ad1d4bdb185c71e7249f511dbdcf15de6d,https://static-api.nkstatic.com/appdocs/4/assets/opendata/e02ea1ca5d8bf94a54f7dc30a2258c4b_ProfileAvatar110.png
brislink,165900,143318000,130984723,,9016,4890,1797,3476,3164,2170,580,4235,3060,6166,2852,1407,808,758,2716,1497,4632,5514,3914,1472,9755,2743,8109,3107,1190,518,385,245,314,39.0,872,28,122,145,937,330,889,50,225,86,207,36,8422,23,32,22,22,38,9,1,3,0,6,0,0,3,0,0,0,0,0,31,0,16,83,79,15,77,0,0,0,0,0,0.0,6,0,0,0,0,0,0,0,0,0,1,0,9,0,https://data.ninjakiwi.com/btd6/users/9fb917dfd897f1a11f178f4a5a72ee709d521cbb98178969,https://static-api.nkstatic.com/appdocs/4/assets/opendata/50113dcf0d0abda55e034354668add69_ProfileAvatar97.png
cosminxd.,172183,146467000,21819177,,3257,2414,1166,1922,1652,807,80,1653,1239,2316,1166,598,752,536,1901,1094,1667,1799,2233,613,4549,360,1899,930,89,436,567,144,143,7.0,299,2,114,119,176,15,575,106,79,2,118,16,6313,6,16,0,0,0,0,0,3,0,14,0,0,4,0,0,0,0,0,12,0,22,0,0,0,0,0,0,0,0,0,0.0,15,0,0,0,0,0,0,0,0,0,0,0,25,0,https://data.ninjakiwi.com/btd6/users/9fbb1383dd9ffaad4940da1e597ab773cd521eef99468c69,https://static-api.nkstatic.com/appdocs/4/assets/opendata/03752d93a19efa269bef3cdf43922a89_ProfileAvatar67.png
Player,176300,149089000,9107269,,6267,3704,5117,4251,4851,1201,94,1452,3463,9370,2858,391,1972,1714,4106,258,1535,6334,2579,467,5655,226,3383,330,156,88,1476,276,87,10.0,1221,352,366,134,188,149,536,46,88,31,142,13,8271,0,0,0,0,0,0,0,0,0,0,0,0,0,0,0,0,0,0,0,0,0,0,0,0,0,0,0,0,0,0,0.0,0,0,0,0,0,0,0,0,0,0,0,0,0,0,https://data.ninjakiwi.com/btd6/users/9cec1e8fd896abf31b448a190970e576ca571ab49f11896b,https://static-api.nkstatic.com/appdocs/4/assets/opendata/58c6650f0e67a4737d16441bb0358fc0_ProfileAvatar73.png
Player7306823,157117,331803000,0,,475,467,333,328,540,146,83,155,272,308,235,59,135,136,257,72,195,355,257,324,481,171,257,281,104,44,23,32,18,63.0,52,21,25,11,20,23,47,2,13,10,3,0,776,0,20,3,3,2,7,1,7,0,16,0,0,3,1,0,1,0,0,81,0,35,3,0,0,0,3,0,0,0,0,0.0,18,0,0,0,0,0,0,0,0,0,0,0,18,0,https://data.ninjakiwi.com/btd6/users/9ce91489df90aba14a408e435a7ae7709a0648b997428a3a,https://static-api.nkstatic.com/appdocs/4/assets/opendata/1b8654eb3f267a679b6ec28e2890effe_ProfileAvatar113.png
Jerry,171433,151626000,10693083,,12993,10806,5445,7038,5776,1523,207,7692,6980,13443,8401,2858,1715,2940,8217,4092,10792,7623,13715,1107,22833,2233,9715,6116,2547,1192,1674,611,1573,11.0,1297,492,805,352,170,946,997,341,430,397,309,72,25336,78,2,0,0,0,0,0,1,0,2,0,0,1,0,0,0,0,0,9,0,5,0,0,0,0,0,0,0,0,0,0.0,2,0,0,0,0,0,0,0,0,0,0,0,1,1,https://data.ninjakiwi.com/btd6/users/9cb841d98a96aca41f10d94b0a76b421ce5614b49611d83f,https://static-api.nkstatic.com/appdocs/4/assets/opendata/93899ad8b3667da7dad9a785fd827383_ProfileAvatar63.png
Player7056647,176250,151916000,7171612,,10536,4410,6079,8088,6438,2145,433,3578,5539,10994,3957,1049,2298,1699,7471,3780,3102,3559,5446,1244,10419,1124,3495,933,149,389,1304,562,356,,1804,327,477,34,68,429,0,50,265,72,0,1,21316,4,0,0,0,0,0,0,0,0,0,0,0,0,0,0,0,0,0,0,0,0,0,0,0,0,0,0,0,0,0,,0,0,0,0,0,0,0,0,0,0,0,0,0,0,https://data.ninjakiwi.com/btd6/users/9ce9178cd797fca3114b8a490c70e426c55249bfcc438e38,https://static-api.nkstatic.com/appdocs/4/assets/opendata/db32af61df5646951a18c60fe0013a31_ProfileAvatar01.png
adjective_noun,168783,159479000,1965985,,4409,1840,1299,1112,2247,751,1293,2082,2216,1772,1254,1012,458,443,1321,521,2174,1879,1864,3054,3287,658,2275,817,198,99,121,116,192,384.0,383,72,46,29,92,479,853,71,160,82,52,76,6141,8,11,58,1,64,44,4,0,26,5,0,9,7,0,0,6,8,30,9,5,137,64,35,35,34,21,0,0,0,0,5.0,15,0,0,0,0,1,5,1,0,0,1,0,41,0,https://data.ninjakiwi.com/btd6/users/9fb71fdfda91f8f04e468b1f5e7ab071cf0714ea9a198a69,https://static-api.nkstatic.com/appdocs/4/assets/opendata/74f14994aa1c578f556126fe6cdcfded_ProfileAvatar85.png
ClericDelWoods,175583,162555000,11335302,,11736,6834,2241,2834,2748,1436,231,5621,7096,8146,4948,1333,801,981,4671,1649,6990,7562,7377,641,16995,1993,7852,2092,674,1360,416,200,693,45.0,1657,146,165,51,53,584,1710,399,223,206,265,32,13000,6,0,0,0,0,0,0,0,0,0,0,0,0,0,0,0,0,0,0,0,0,0,0,0,0,0,0,0,0,0,0.0,0,0,0,0,0,0,0,0,0,0,0,0,0,0,https://data.ninjakiwi.com/btd6/users/9fbd43dedf94f9a2181386425e76e423ca0d1abdc8158d3b,https://static-api.nkstatic.com/appdocs/4/assets/opendata/dde591f892378966311bee7369cf6d05_ProfileAvatar38.png
tsp,145067,167653000,70214150,,97045,43479,44523,76061,73180,12185,1361,44050,59804,43672,42817,14191,14649,6935,54357,12523,18440,117269,39404,8154,43637,12715,41966,33645,10686,2842,20362,4158,6349,57.0,24252,4162,3572,3515,2970,7094,10460,1184,4066,795,2677,880,215192,10292,263,6,88,43,9,48,13,32,70,0,51,0,0,8,0,29,81,163,0,91,134,104,99,242,8,0,0,0,0,0.0,51,0,0,0,0,0,7,1,0,0,2,0,110,5,https://data.ninjakiwi.com/btd6/users/9ced108c8e93faa54b46da4d5626b723cd004eeacd10de3d,https://static-api.nkstatic.com/appdocs/4/assets/opendata/0a6a687f63b8a314620ea0faa9d6c853_ProfileAvatar119.png
Gumball,150567,167686000,181664217,,89281,31006,61578,55141,74771,17806,3068,27384,41012,43989,31459,5063,21420,8694,47041,8477,22260,107276,40314,12454,50177,15600,40429,24302,23904,2091,13892,3877,2617,51.0,14235,5043,4979,1597,3132,2686,12009,760,3088,726,3348,1536,160542,17597,0,0,0,0,0,0,0,0,0,0,0,0,0,0,0,0,0,0,0,0,0,0,0,0,0,0,0,0,0,0.0,0,0,0,0,0,0,0,0,0,0,0,0,0,5,https://data.ninjakiwi.com/btd6/users/9cbb1ed88a90aba61e47db4c0c73b571ce0d1fb89b17dc3f,https://static-api.nkstatic.com/appdocs/4/assets/opendata/0a6a687f63b8a314620ea0faa9d6c853_ProfileAvatar119.png
iShooter242,156883,294429000,16110154,,431,381,443,352,249,84,100,271,89,333,204,98,52,118,747,179,529,96,95,22,325,194,114,194,29,21,17,7,28,,12,0,18,3,0,107,16,1,0,0,0,2,323,1,34,0,3,1,7,6,37,2,36,19,1,62,0,5,50,11,27,10,10,22,10,1,0,16,26,1,0,0,0,,19,0,3,0,0,3,6,0,0,0,0,0,41,0,https://data.ninjakiwi.com/btd6/users/9fbb44d98a92adf34a10da4e0b70ee21c85249efca15893a,https://static-api.nkstatic.com/appdocs/4/assets/opendata/db32af61df5646951a18c60fe0013a31_ProfileAvatar01.png
Joker,175267,170747000,3078788,,1550,1141,207,411,357,183,270,828,271,738,517,177,94,198,891,240,603,783,848,278,1332,297,929,531,72,112,33,44,74,30.0,189,8,53,17,10,181,256,3,9,7,3,0,2166,0,0,0,0,0,0,0,0,0,0,0,0,0,0,0,0,0,0,0,0,0,0,0,0,0,0,0,0,0,0,0.0,0,0,0,0,0,0,0,0,0,0,0,0,0,0,https://data.ninjakiwi.com/btd6/users/9fbb44d88bc7afa318448f1f0a7bb77fc90015b49c188b6d,https://static-api.nkstatic.com/appdocs/4/assets/opendata/0a6a687f63b8a314620ea0faa9d6c853_ProfileAvatar119.png
ZaWizard,154133,335948000,8898852,,666,128,140,73,81,201,58,292,73,351,96,68,59,156,219,177,326,147,137,161,111,66,134,111,40,36,1,7,3,,3,0,0,0,0,59,19,75,0,0,0,0,385,3,14,1,4,0,0,5,8,4,0,0,2,10,0,6,2,0,2,0,0,3,1,0,1,2,0,0,0,0,0,,0,0,0,0,0,4,0,0,0,0,0,0,14,0,https://data.ninjakiwi.com/btd6/users/9ced15ded896f0a61117d91f5d74e371cc5519bec8108a30,https://static-api.nkstatic.com/appdocs/4/assets/opendata/5c45ef9ebdbd74d05635e6a8fc632698_ProfileAvatar116.png
..zzzZZ,164967,186387000,47608242,,11497,4185,1620,4401,2347,1907,274,6726,3454,7039,3983,1254,497,898,3066,1996,3311,4251,3435,904,9105,4631,5059,3891,1193,650,211,230,727,27.0,490,68,140,142,122,432,1351,52,234,1568,212,111,11253,18,0,15,4,1,3,0,0,0,2,9,0,1,0,0,2,0,0,3,0,0,1,2,1,0,6,0,0,0,0,0.0,2,0,0,0,0,0,0,0,0,0,0,0,6,1,https://data.ninjakiwi.com/btd6/users/9fbf13dddac2faf011478a1f0972e323cc0218bdc842df39,https://static-api.nkstatic.com/appdocs/4/assets/opendata/d7efbd08a6cafa2f17faaced7068317a_ProfileAvatar91.png
Oozora Tsubasa,173933,186017000,2216284,,17197,5773,5620,5239,4655,3679,493,11298,7715,11791,6663,5579,1205,1392,5732,2697,6776,14899,9669,476,19113,5573,11784,3183,708,666,726,417,646,58.0,4956,273,754,258,66,475,1726,230,336,826,1341,35,22868,142,3,0,2,0,1,2,2,0,1,0,0,2,0,0,1,0,0,5,1,1,4,2,4,0,7,0,0,0,0,0.0,1,0,0,0,0,0,0,0,0,0,0,0,3,0,https://data.ninjakiwi.com/btd6/users/9fbe14828bc4f0a7114487485a71e576c4001ce8cc41de30,https://static-api.nkstatic.com/appdocs/4/assets/opendata/0a6a687f63b8a314620ea0faa9d6c853_ProfileAvatar119.png
MonkeyTower157,174583,185362000,1450996,,4783,2374,1893,2450,1775,713,213,2396,2745,5786,1700,875,530,1865,1204,1060,4251,2755,1774,553,11372,994,3570,1508,243,352,329,141,138,48.0,577,80,125,61,5,119,576,37,140,113,174,20,6705,0,32,0,0,1,0,0,6,0,21,0,0,0,0,5,0,0,0,10,0,16,14,0,4,1,0,0,0,0,0,0.0,10,0,0,0,0,0,0,0,0,0,0,0,26,0,https://data.ninjakiwi.com/btd6/users/9fbe138c8c9ef0a24e4b8e19587ae5769d064ced96148a38,https://static-api.nkstatic.com/appdocs/4/assets/opendata/e02041c502508f551690933405cb548d_ProfileAvatar96.png
BFG 29,173883,193022000,8162869,,15948,8675,6056,6821,8423,4380,2527,5837,9563,13071,5317,1667,2585,2208,7698,3396,7340,15636,11694,4808,14993,4895,12383,2785,756,843,1779,481,1338,117.0,3954,503,380,219,311,236,2725,111,620,152,632,6,25828,13,1,0,0,0,0,0,0,0,1,0,0,0,0,0,0,0,0,4,0,3,0,0,0,0,0,0,0,0,0,0.0,1,0,0,0,0,0,0,0,0,0,0,0,1,0,https://data.ninjakiwi.com/btd6/users/9cb9118bdd93a8f64b4bdd1f0e20e470c8021fba9b138d31,https://static-api.nkstatic.com/appdocs/4/assets/opendata/dde591f892378966311bee7369cf6d05_ProfileAvatar38.png
Melody,147967,264720000,47890511,,11928,7758,4424,7947,8784,2017,1063,3725,2504,7026,2867,1022,2939,1844,4392,2126,5051,7997,5346,7210,11205,2808,5685,3395,545,147,733,225,68,191.0,624,307,161,40,464,241,725,25,106,19,938,3,16546,24,408,0,0,0,0,0,42,0,344,0,0,9,0,19,0,0,0,1104,0,575,0,0,0,0,0,0,0,0,0,0.0,269,0,0,0,0,0,0,0,0,0,0,0,361,0,https://data.ninjakiwi.com/btd6/users/9fbd17d8d89ffca61f1787485a26b37e9a0d48bb96148e3d,https://static-api.nkstatic.com/appdocs/4/assets/opendata/5c45ef9ebdbd74d05635e6a8fc632698_ProfileAvatar116.png
YtseJam,149083,201353000,63423890,,116616,42068,81910,81187,100206,20735,833,27618,40699,68837,43015,6044,25475,7263,58325,18156,23765,123953,59086,4793,104177,38340,55652,46134,2257,2114,21290,6037,1209,180.0,13170,5869,4339,506,1028,2367,16861,826,1811,429,5053,415,187209,27986,39,0,0,0,0,0,3,0,17,0,0,0,0,0,0,0,0,37,0,43,0,0,0,0,0,0,0,0,0,0.0,19,0,0,0,0,0,0,0,0,0,0,0,23,0,https://data.ninjakiwi.com/btd6/users/9ce941d9ddc2afa3494a8f495d70e77f98071ebacc118b6a,https://static-api.nkstatic.com/appdocs/4/assets/opendata/0a6a687f63b8a314620ea0faa9d6c853_ProfileAvatar119.png
FlamingOven,162933,275836000,61362271,,9795,6318,5991,3433,4082,501,218,3360,7518,4157,2176,946,1732,659,4323,512,1298,5634,2760,525,2880,562,3230,680,158,4396,1988,426,952,30.0,1774,451,421,221,85,290,565,132,406,158,132,35,22720,60,34,0,0,0,2,2,3,4,29,0,0,5,1,0,0,0,2,42,0,47,4,0,4,0,0,0,0,0,0,0.0,28,0,0,0,0,0,4,0,0,0,0,0,41,1,https://data.ninjakiwi.com/btd6/users/9ced148a8991afa64946d94f0d20b270cc574ebec843893b,https://static-api.nkstatic.com/appdocs/4/assets/opendata/845b9c31facac365f6d1a03247495b7b_ProfileAvatar82.png
chocbox,153517,277879000,66477362,,36597,15198,17611,26816,34668,5672,371,27711,18750,18614,12253,2543,8250,3308,25378,5252,7101,53141,15721,3508,20245,6155,30636,5168,6425,1271,10534,1700,2293,85.0,7730,2541,9588,1407,818,1065,4632,434,1492,435,1428,388,112444,776,32,0,0,0,0,0,5,0,28,0,0,4,0,3,0,0,0,147,0,64,0,0,0,0,0,0,0,0,0,0.0,27,0,0,0,0,0,0,0,0,0,0,0,33,0,https://data.ninjakiwi.com/btd6/users/9ced1583db93a8f74e11db4b097bb27ecb0018e998438e6d,https://static-api.nkstatic.com/appdocs/4/assets/opendata/dde591f892378966311bee7369cf6d05_ProfileAvatar38.png
1410319265,168983,207424000,0,,2248,906,392,299,148,78,62,3158,1229,843,1301,842,174,114,989,572,889,1168,615,231,1065,355,643,263,77,24,13,11,84,2.0,174,23,42,3,8,1695,286,12,0,179,19,1,3617,0,77,3,0,0,0,0,18,13,33,4,7,2,0,0,0,0,0,71,4,57,0,2,6,0,0,0,0,0,0,0.0,29,0,0,0,0,7,0,0,0,1,0,0,46,0,https://data.ninjakiwi.com/btd6/users/9fb910ded893ffac4d17dc485e27e5759d0614ba96108c30,https://static-api.nkstatic.com/appdocs/4/assets/opendata/b1ef093283db879ae51f4dc27b82a5a0_ProfileAvatar37.png
Titanon555,169883,206865000,48052937,,2719,1256,1734,789,1236,521,222,1304,1479,2461,555,356,676,232,678,543,1861,2103,939,354,3123,365,1545,400,101,86,73,82,75,9.0,244,47,17,3,14,143,594,12,183,51,52,2,4639,0,61,0,0,0,0,0,4,0,57,0,0,5,0,0,0,0,0,116,0,116,0,0,0,0,0,0,0,0,0,0.0,59,0,0,0,0,0,0,0,0,0,0,0,118,0,https://data.ninjakiwi.com/btd6/users/9ce941dfdec4fbf01a42da1d5b71e77ec85615b4cd11de69,https://static-api.nkstatic.com/appdocs/4/assets/opendata/db32af61df5646951a18c60fe0013a31_ProfileAvatar01.png
Winnerarmor,166483,221817000,90621947,,6524,2781,1662,2852,1299,807,40,2018,2394,3235,781,540,865,1421,1576,1241,3922,1976,2169,107,7107,2283,1985,1184,318,288,212,77,177,1.0,921,143,111,181,6,143,892,195,104,70,171,8,11013,16,38,0,0,0,0,0,6,0,26,0,0,10,0,3,0,0,0,41,0,54,0,0,0,0,0,0,0,0,0,0.0,31,0,0,0,0,0,0,0,0,0,0,0,55,0,https://data.ninjakiwi.com/btd6/users/9ceb1282dd90fcf11f1486485a20e07fc40648e89941d16d,https://static-api.nkstatic.com/appdocs/4/assets/opendata/e02041c502508f551690933405cb548d_ProfileAvatar96.png
ElainA,160350,269713000,33279077,,2391,895,381,1715,550,608,202,1629,952,1935,581,310,421,201,1154,403,644,2109,1074,712,1173,595,1236,524,247,185,49,60,121,10.0,198,38,72,31,183,167,281,12,359,61,90,6,3333,26,4,0,0,1,2,1,4,1,19,2,0,3,0,0,0,0,1,27,1,12,0,1,3,0,0,0,1,0,0,0.0,3,0,0,1,0,0,0,0,0,0,0,0,7,0,https://data.ninjakiwi.com/btd6/users/9fb9158cd696f0ad4a10db1d5976b423cd5548be9d118a30,https://static-api.nkstatic.com/appdocs/4/assets/opendata/5c45ef9ebdbd74d05635e6a8fc632698_ProfileAvatar116.png
master79417,166367,212614000,114774152,,8595,6985,4959,11480,7113,3394,741,4290,2202,4703,3914,752,2189,1913,6361,1528,3579,7111,6111,4639,4521,991,2694,2613,3642,455,1850,349,320,23.0,667,102,85,51,209,341,1066,0,19,1,407,3,12871,44,0,0,0,0,0,0,0,0,0,0,0,0,0,0,0,0,0,0,0,0,0,0,0,0,0,0,0,0,0,0.0,0,0,0,0,0,0,0,0,0,0,0,0,0,0,https://data.ninjakiwi.com/btd6/users/9fbb1683d9c2ada31b4588435826b27fc45015e99e17db39,https://static-api.nkstatic.com/appdocs/4/assets/opendata/d84627d3e016cfff12b6977db9cb9e0a_ProfileAvatar70.png
toumingXD132,152583,219400000,37541322,,2193,872,255,1046,598,240,496,1952,534,605,745,316,199,148,986,145,321,724,887,1720,521,329,485,325,138,255,37,47,175,53.0,107,8,20,27,42,190,610,14,16,202,56,21,3753,0,131,29,1,62,13,2,25,3,64,0,11,1,0,0,2,0,0,190,1,157,60,32,9,28,9,0,0,0,1,3.0,66,0,0,0,0,7,0,0,0,0,0,0,96,0,https://data.ninjakiwi.com/btd6/users/9fba1383dc97feac18438e430976b724995714bfcf15893c,https://static-api.nkstatic.com/appdocs/4/assets/opendata/2fc9f28c7010660bbafdf586af3cefcb_ProfileAvatar05.png
Player7760277,163683,216208000,36868534,,965,617,446,403,278,298,252,477,467,404,464,416,256,267,273,524,757,295,314,355,866,260,1093,307,153,90,18,10,53,,44,17,52,16,1,117,403,30,1,2,20,2,1930,1,67,0,5,0,6,2,11,9,26,13,5,0,0,0,0,7,23,26,0,59,3,0,17,0,0,0,0,0,1,,33,0,0,0,0,0,9,0,0,0,0,0,62,0,https://data.ninjakiwi.com/btd6/users/9fb9428ed79fa8ad10428f4d0a77ef749d0348b49a19d06e,https://static-api.nkstatic.com/appdocs/4/assets/opendata/db32af61df5646951a18c60fe0013a31_ProfileAvatar01.png
VitalKnight,163667,307571000,38930153,,2294,1546,1319,827,569,574,97,1032,886,2297,533,365,237,514,810,582,1550,1438,1096,251,4926,484,1430,705,145,135,189,46,117,8.0,251,50,28,16,63,68,251,28,28,24,87,11,4854,3,110,6,1,10,8,4,62,2,58,0,2,0,1,0,1,0,1,348,0,149,127,17,23,6,18,0,0,0,0,0.0,59,0,0,0,0,0,0,0,0,0,0,0,95,0,https://data.ninjakiwi.com/btd6/users/9fbd138edbc5fcf04b438c4b5e25e577cf041fb9ca148e3a,https://static-api.nkstatic.com/appdocs/4/assets/opendata/340b3b9c7393fa0bf0ecd8c42cdd3258_ProfileAvatar44.png
Golf5R32,161250,228575000,12494396,,83275,20907,14581,22424,21306,8624,1095,44402,50983,28767,11243,5672,4944,4046,19256,9478,14560,47756,16539,4377,53405,11650,27477,6708,2193,1907,6263,1300,1908,105.0,19722,1515,3924,734,708,1053,2651,305,895,415,835,97,63617,152,57,6,0,1,13,7,29,15,64,8,5,8,0,0,6,5,0,211,6,105,38,3,16,0,0,0,0,0,0,1.0,50,0,0,0,0,0,0,0,0,0,0,0,53,0,https://data.ninjakiwi.com/btd6/users/9ced46dd8ec7f0a711408a1d5f71b374ce074eba9d41dc31,https://static-api.nkstatic.com/appdocs/4/assets/opendata/b3bfaf76e60d7b9737216a61480a2846_ProfileAvatar12.png
1v1nolTTV,166450,226129000,100821361,,31565,20004,20404,26139,35540,6100,884,11453,11386,19110,12464,3166,8132,3724,18862,3291,7122,40185,24934,7244,13151,3661,16696,4555,4838,1389,5523,1410,1008,441.0,2624,1811,975,416,1434,1024,5150,227,1569,706,1448,594,54574,131,0,0,0,0,0,0,0,0,0,0,0,0,0,0,0,0,0,0,0,0,0,0,0,0,0,0,0,0,0,0.0,0,0,0,0,0,0,0,0,0,0,0,0,0,0,https://data.ninjakiwi.com/btd6/users/9ce942888dc3fead4b1189485d75e77eca014eb89f15896e,https://static-api.nkstatic.com/appdocs/4/assets/opendata/0a6a687f63b8a314620ea0faa9d6c853_ProfileAvatar119.png
TaxEvader,170317,233106000,27536460,,494,687,150,247,112,54,112,245,215,209,215,24,29,72,140,64,193,296,257,133,899,133,313,155,71,32,0,17,54,,61,26,3,3,0,16,112,1,30,6,5,0,771,0,0,0,0,0,0,0,0,0,0,0,0,0,0,0,0,0,0,0,0,0,0,0,0,0,0,0,0,0,0,,0,0,0,0,0,0,0,0,0,0,0,0,0,0,https://data.ninjakiwi.com/btd6/users/9fb61789d994f8a34d118b195a25b4749d514be9cd14d96d,https://static-api.nkstatic.com/appdocs/4/assets/opendata/ba07ae7b394cd4fa9fc329a100505d5b_ProfileAvatar51.png
ATesterPlaya,161200,245920000,0,,8981,5889,3336,3770,3583,1221,115,3006,3122,8706,2737,1307,1079,1320,3380,2086,6438,5485,3485,542,14900,1670,4691,2189,345,872,787,316,825,10.0,877,232,366,81,88,239,637,132,148,116,387,37,14714,29,9,0,0,0,0,0,1,0,9,0,0,1,0,0,0,0,0,44,0,18,0,0,0,0,0,0,0,0,0,0.0,9,0,0,0,0,0,0,0,0,0,0,0,9,1,https://data.ninjakiwi.com/btd6/users/9ced15dfdf92fbf31117d91f5d74e371cc5519bcc8138939,https://static-api.nkstatic.com/appdocs/4/assets/opendata/0a6a687f63b8a314620ea0faa9d6c853_ProfileAvatar119.png
kaltzera,158350,317934000,0,,2179,1117,553,729,759,356,200,869,578,655,716,120,190,194,702,300,1311,1033,806,613,2254,516,1281,465,271,230,49,18,244,,158,17,21,11,62,83,261,4,11,45,8,0,2342,2,78,1,0,0,0,0,32,19,47,0,2,11,0,4,17,1,5,185,9,149,0,0,7,0,0,11,0,0,3,,41,0,0,0,0,1,0,0,0,0,0,0,61,0,https://data.ninjakiwi.com/btd6/users/9fb7178fd796fff31113dc4e0971b27ece0718b9c816d03b,https://static-api.nkstatic.com/appdocs/4/assets/opendata/db32af61df5646951a18c60fe0013a31_ProfileAvatar01.png
MatterOverMind,158433,250531000,95315133,,4581,3202,2349,1967,2568,1334,622,2244,1370,3215,804,704,1339,1163,2590,822,1234,5178,2372,2508,1977,887,2269,699,460,201,443,503,582,101.0,268,230,111,35,213,277,949,19,282,206,211,22,8654,3,0,0,0,0,0,0,0,0,0,0,0,0,0,0,0,0,0,0,0,0,0,0,0,0,0,0,0,0,0,0.0,0,0,0,0,0,0,0,0,0,0,0,0,0,0,https://data.ninjakiwi.com/btd6/users/9fbb438d8c95faad1147de490d27ef749d0218e8cc42d86e,https://static-api.nkstatic.com/appdocs/4/assets/opendata/a5d32db006cb5d8d535a14494320fc92_ProfileAvatar26.png
ez micro,154233,302599000,0,,9522,3195,3154,5289,3794,1987,1458,3248,2868,7548,2693,914,1560,811,3741,820,2393,6726,3282,2571,14402,2909,7629,3345,1528,245,61,557,251,135.0,499,39,46,254,38,209,623,56,439,441,861,3,10284,97,198,0,0,0,0,0,99,0,161,0,0,45,0,1,0,0,0,773,0,389,0,0,0,0,0,0,0,0,0,0.0,159,0,0,0,0,0,0,0,0,0,0,0,210,0,https://data.ninjakiwi.com/btd6/users/9fb8128bd7c2fdf049148f1d5926b774cb001ebdcf178c6a,https://static-api.nkstatic.com/appdocs/4/assets/opendata/0a6a687f63b8a314620ea0faa9d6c853_ProfileAvatar119.png
Cheese Rat,147133,262594000,0,,226,65,52,90,80,108,13,183,79,136,45,294,94,167,246,127,341,147,112,30,90,148,186,61,81,23,22,9,277,11.0,15,1,8,2,0,5,6,2,5,0,5,1,604,3,23,15,56,3,41,20,3,0,49,0,109,0,0,0,0,0,0,0,0,0,0,13,18,57,0,0,0,0,0,0.0,0,0,0,0,0,0,0,3,0,0,0,0,19,2,https://data.ninjakiwi.com/btd6/users/9ced158fdec4ada4114bd9425920e172cd5619edca42da69,https://static-api.nkstatic.com/appdocs/4/assets/opendata/58c6650f0e67a4737d16441bb0358fc0_ProfileAvatar73.png
DoOS.13,163250,266552000,80131921,,7634,4478,1543,6212,5075,1560,341,1718,1719,2832,2989,951,1101,763,2113,1290,1890,1830,2234,1936,993,3205,1926,907,851,106,757,148,160,65.0,403,123,126,90,263,194,907,65,68,75,51,64,8616,11,0,0,0,0,0,0,0,0,0,0,0,0,0,0,0,0,0,0,0,0,0,0,0,0,0,0,0,0,0,0.0,0,0,0,0,0,0,0,0,0,0,0,0,0,0,https://data.ninjakiwi.com/btd6/users/9cea15df8b95faf4184b864d5675e77098504cefcd138c3e,https://static-api.nkstatic.com/appdocs/4/assets/opendata/7d926ef477ef0efe41ff13d3c81ae1aa_ProfileAvatar13.png
Player,147917,275279000,68152531,,595,173,283,162,108,293,56,385,366,967,204,243,113,133,317,328,356,199,267,88,1371,223,189,221,371,26,24,27,69,4.0,85,3,9,0,5,5,97,42,16,12,51,4,916,0,0,0,0,0,0,0,0,0,0,0,0,0,0,0,0,0,0,0,0,0,0,0,0,0,0,0,0,0,0,0.0,0,0,0,0,0,0,0,0,0,0,0,0,0,0,https://data.ninjakiwi.com/btd6/users/9fba1f888e96f1a74d4188430c26b721ca521fe99e43dd6d,https://static-api.nkstatic.com/appdocs/4/assets/opendata/3e64627d5149f478416ad299581ea3b6_ProfileAvatar76.png
GGS,167517,276541000,2620010,,22,21,15,42,29,17,12,17,19,15,16,6,16,6,26,13,19,23,17,25,14,29,18,13,17,8,1,0,0,,0,0,0,0,0,0,3,0,0,0,0,0,18,0,25,18,3,22,13,5,16,3,12,3,4,16,3,3,3,3,3,18,0,3,0,17,2,3,4,0,0,0,0,,28,0,0,0,0,0,13,0,0,0,0,0,14,0,https://data.ninjakiwi.com/btd6/users/9fb6128d8991a8f31c47de1f5e71e023c9504cbe9813d83d,https://static-api.nkstatic.com/appdocs/4/assets/opendata/db32af61df5646951a18c60fe0013a31_ProfileAvatar01.png
Buster,124200,279617000,0,,1028,648,344,677,177,462,118,538,834,424,469,222,112,490,704,436,539,585,599,105,2464,510,802,418,223,342,48,17,151,,146,35,1,8,0,4,46,16,0,25,0,0,1829,3,0,0,0,0,0,0,0,0,0,0,0,0,0,0,0,0,0,0,0,0,0,0,0,0,0,0,0,0,0,,0,0,0,0,0,0,0,0,0,0,0,0,0,0,https://data.ninjakiwi.com/btd6/users/9cea15d88c90f8a210468c185774e77fc40218be9a46d93d,https://static-api.nkstatic.com/appdocs/4/assets/opendata/277d4c265ed71fcb8aff04bbeadfa971_ProfileAvatar39.png
skcusillort,141683,290488000,20956881,,43517,38690,31712,56015,61848,7406,1280,6420,14116,27003,15481,2180,18444,4353,30859,2136,5853,102781,26141,24865,12668,2293,22598,3710,10942,1688,18931,5169,2394,154.0,4383,822,1549,452,4804,1139,10452,44,3650,1202,5206,1130,127004,6989,579,0,0,0,0,0,2,0,214,0,0,0,0,1,0,0,0,398,0,352,0,0,0,0,0,0,0,0,0,0.0,255,0,0,0,0,0,0,0,0,0,0,0,392,5,https://data.ninjakiwi.com/btd6/users/9ced11d9df93faa44e40864e0d7bb776ce054fea9914d16e,https://static-api.nkstatic.com/appdocs/4/assets/opendata/bd2da127997d19ba730df06955fa0212_ProfileAvatar57.png
Cecil_G_alt,164733,291634000,22183990,,448,113,100,71,234,66,119,812,305,350,602,146,38,160,327,69,160,800,737,237,415,485,1152,173,104,29,7,5,45,11.0,367,0,10,2,17,313,118,9,0,62,2,0,1252,2,6,0,0,0,0,0,3,0,4,0,0,2,0,4,0,0,0,26,0,12,0,0,0,0,0,0,0,0,0,0.0,4,0,0,0,0,0,0,0,0,0,0,0,7,0,https://data.ninjakiwi.com/btd6/users/9fb74289da92abac1914de180b74e5749d031deecd19df6e,https://static-api.nkstatic.com/appdocs/4/assets/opendata/c91b34aa57f255f02b139d56ce8d083c_ProfileAvatar49.png
Gls,118333,295494000,41132633,,1691,2092,637,1949,658,433,56,1057,483,1264,1688,510,282,889,2600,686,1573,450,1073,126,431,1010,678,1011,316,165,23,11,24,34.0,13,11,5,30,31,113,593,216,8,12,61,16,2166,0,3,3,0,0,0,0,10,0,0,0,0,3,0,7,0,0,0,1,0,4,0,3,0,0,0,0,0,0,0,0.0,24,0,0,0,0,0,1,0,0,0,0,0,8,8,https://data.ninjakiwi.com/btd6/users/9fb613828d93acf41c138f4e5e73b7239e554fedc8178d39,https://static-api.nkstatic.com/appdocs/4/assets/opendata/e0efcee62da40708a4c0a872f76bd89c_ProfileAvatar66.png
MAKKOV,148717,301600000,42254755,,14038,5941,7791,14867,10687,2286,347,3321,4484,3739,5097,1933,4451,1832,7016,1415,3382,8531,8915,3727,13532,1203,3860,1607,986,188,2331,212,235,6.0,1854,726,80,153,489,444,940,68,89,62,142,5,28083,339,137,0,0,0,0,0,1,0,65,0,0,0,0,5,0,0,0,56,0,105,0,0,0,0,0,0,0,0,0,0.0,45,0,0,0,0,0,0,0,0,0,0,0,78,0,https://data.ninjakiwi.com/btd6/users/9ced15d9de9ffff01e45894e5b73e076ce014cb59b43d06c,https://static-api.nkstatic.com/appdocs/4/assets/opendata/c8bf00671de2364f03e72ec73bf26419_ProfileAvatar14.png
MathsBoy64,147900,308625000,37541322,,29093,19664,10132,18053,15978,5566,714,14864,10895,23093,12964,3518,6475,3155,10598,4276,11084,35452,17456,6127,38937,6926,25691,9943,3304,1248,3065,1369,1688,118.0,3054,465,606,140,1611,712,4505,100,1092,343,929,321,38147,197,136,0,0,0,0,0,15,0,85,0,0,9,0,1,0,0,0,303,0,180,0,0,0,0,0,0,0,0,0,0.0,69,0,0,0,0,0,0,0,0,0,0,0,129,1,https://data.ninjakiwi.com/btd6/users/9fbd428c89c0faa34e10da4c0972ef26cc5018bb9e118c3c,https://static-api.nkstatic.com/appdocs/4/assets/opendata/bead54d560eefd53a00bcb487a12ff96_ProfileAvatar81.png
MABO YT :D,160883,323070000,19668496,,5983,1400,594,1112,1665,1024,849,942,1043,3705,1017,365,396,646,968,781,1119,1131,346,446,5218,2426,4032,3083,665,64,8,8,19,19.0,195,0,72,140,0,0,13,0,19,10,260,0,2277,55,131,3,0,0,5,2,5,2,78,0,0,12,0,5,0,0,2,290,0,155,3,1,7,1,2,0,0,0,0,0.0,76,0,1,0,0,0,0,0,0,0,2,0,154,0,https://data.ninjakiwi.com/btd6/users/9fba10d8d79ffea31847da435774e722990118ba9c438b31,https://static-api.nkstatic.com/appdocs/4/assets/opendata/38356e6cb2e0228dd5f5c9c023da5927_ProfileAvatar29.png
Player,164133,314333000,31082842,,770,286,158,559,262,103,227,219,149,203,154,47,170,153,260,46,454,212,221,416,420,318,211,136,11,110,14,14,38,,80,0,0,0,0,47,45,46,0,0,0,0,842,0,38,0,0,0,0,0,23,0,24,0,0,0,0,0,0,0,0,45,0,39,0,0,0,0,0,0,0,0,0,,20,0,0,0,0,0,0,0,0,0,0,0,33,0,https://data.ninjakiwi.com/btd6/users/9fb743d98dc3f0a64946db4f0c76e17ec50015e99817da3b,https://static-api.nkstatic.com/appdocs/4/assets/opendata/db32af61df5646951a18c60fe0013a31_ProfileAvatar01.png
Xulieta,164817,317631000,20482163,,6985,1566,934,1836,1015,903,118,2774,2032,1922,2517,855,579,416,1869,906,3152,3487,1564,244,5764,1176,3911,1658,337,335,216,53,132,13.0,517,54,59,41,30,312,783,93,46,166,323,26,8497,8,0,0,0,0,0,0,0,0,0,0,0,0,0,0,0,0,0,0,0,0,0,0,0,0,0,0,0,0,0,0.0,0,0,0,0,0,0,0,0,0,0,0,0,0,0,https://data.ninjakiwi.com/btd6/users/9fbc128c8993fdf74e40db1e5d76b476cf501fb49f118d6b,https://static-api.nkstatic.com/appdocs/4/assets/opendata/e02041c502508f551690933405cb548d_ProfileAvatar96.png
XieNB,156783,328577000,16110154,,1750,593,252,367,742,268,209,1099,293,851,363,195,214,277,554,142,640,736,617,502,1082,420,863,293,123,47,28,10,14,80.0,361,15,14,7,69,228,205,12,16,29,22,6,2163,1,139,0,0,0,0,0,21,0,76,0,0,4,0,0,0,0,0,148,0,144,0,0,0,0,0,0,0,0,0,0.0,77,0,0,0,0,0,0,0,0,0,0,0,106,0,https://data.ninjakiwi.com/btd6/users/9fb6178dd991f8f4181189425e25b072c5561abb9810dd6b,https://static-api.nkstatic.com/appdocs/4/assets/opendata/38356e6cb2e0228dd5f5c9c023da5927_ProfileAvatar29.png
Hyper,155100,324004000,20956881,,15895,8857,7819,24472,8356,2449,726,3074,3298,3389,3064,393,6551,2704,7779,1010,2956,27802,5551,7209,2608,416,5535,1885,757,633,448,2307,1057,,1205,627,1078,176,1715,337,1878,56,324,250,90,498,39971,36,0,0,0,0,0,0,0,0,0,0,0,0,0,0,0,0,0,0,0,0,0,0,0,0,0,0,0,0,0,,0,0,0,0,0,0,0,0,0,0,0,0,0,0,https://data.ninjakiwi.com/btd6/users/9cb813d88d9ffaa44d45da435f76b576cc0d1dbb9816d139,https://static-api.nkstatic.com/appdocs/4/assets/opendata/c222d33c20b59c0a4d8d85fcb20e9ef4_ProfileAvatar33.png
Rixia,154683,344849000,16110154,,20643,13083,7525,22994,12009,3674,1270,12287,10431,21320,11060,5036,3730,3171,8512,4178,7233,31113,15732,9702,8905,5990,12057,4634,1587,808,2963,686,1092,120.0,1892,159,2814,305,2585,5766,2128,228,1018,751,798,227,43838,40,43,0,0,0,0,0,6,0,43,0,0,4,0,0,0,0,0,206,0,101,0,0,0,0,0,0,0,0,0,0.0,43,0,0,0,0,0,0,0,0,0,0,0,57,0,https://data.ninjakiwi.com/btd6/users/9fb916828e9ef0f71a168e1f5b76b2759a061de9cd428b69,https://static-api.nkstatic.com/appdocs/4/assets/opendata/1b8654eb3f267a679b6ec28e2890effe_ProfileAvatar113.png
Tobi,151667,327631000,17606877,,49058,18520,26718,31448,37167,7109,128,8633,30041,22278,12121,2357,9401,3524,30290,3593,7458,55568,19578,4375,22210,3676,14161,4406,2271,2503,13542,2088,2910,44.0,7061,3766,2893,8921,682,1470,5443,581,2023,208,1200,221,111662,2570,0,0,0,0,0,0,0,0,0,0,0,0,0,0,0,0,0,0,0,0,0,0,0,0,0,0,0,0,0,0.0,0,0,0,0,0,0,0,0,0,0,0,0,0,0,https://data.ninjakiwi.com/btd6/users/9ced1fdfddc7fea14e138a1f5670ee22cc5214bb98138c31,https://static-api.nkstatic.com/appdocs/4/assets/opendata/93d81a4add1d811365787291c8246ad9_ProfileAvatar36.png
shwolf.P,163517,329593000,16110154,,751,271,143,123,135,82,135,3094,343,275,211,59,70,35,526,82,277,411,479,219,343,421,501,128,21,31,5,5,56,24.0,397,0,18,8,0,26,343,0,4,1352,3,2,2805,0,0,0,0,0,0,0,0,0,0,0,0,0,0,0,0,0,0,0,0,0,0,0,0,0,0,0,0,0,0,0.0,0,0,0,0,0,0,0,0,0,0,0,0,0,0,https://data.ninjakiwi.com/btd6/users/9fb9128a8b91afa71f138e4c5c71e674c9024ce8cd45dc6e,https://static-api.nkstatic.com/appdocs/4/assets/opendata/74f14994aa1c578f556126fe6cdcfded_ProfileAvatar85.png
Player,154800,336123000,10507489,,4663,2508,1883,3595,2602,720,123,2224,1308,2689,1719,906,589,872,1997,834,1588,3358,1835,367,3961,1384,2079,1189,115,58,711,57,237,22.0,457,128,127,9,1,77,315,132,39,185,59,0,7900,10,0,0,0,0,0,0,0,0,0,0,0,0,0,0,0,0,0,0,0,0,0,0,0,0,0,0,0,0,0,0.0,0,0,0,0,0,0,0,0,0,0,0,0,0,0,https://data.ninjakiwi.com/btd6/users/9fbe168b8996aaf11b10dd4d5e27e576cb0d48ea9b46de6d,https://static-api.nkstatic.com/appdocs/4/assets/opendata/db32af61df5646951a18c60fe0013a31_ProfileAvatar01.png
CyanRabbit2824,161017,335276000,0,,12644,5348,3846,7288,5110,1888,481,2714,3776,8623,5852,1417,1457,1917,3528,2309,4848,4858,4287,1875,10563,5459,6745,4190,802,182,1504,114,234,13.0,300,80,158,127,441,63,842,71,210,48,442,104,8501,14,16,0,0,0,0,0,6,0,16,0,0,5,0,0,0,0,0,86,0,37,0,0,0,0,0,0,0,0,0,0.0,14,0,0,0,0,0,0,0,0,0,0,0,20,0,https://data.ninjakiwi.com/btd6/users/9fbb1edd8ec2f1ac4b4b8b4c5826e525c50014b49816dd6c,https://static-api.nkstatic.com/appdocs/4/assets/opendata/db32af61df5646951a18c60fe0013a31_ProfileAvatar01.png
Entity_202,165150,334921000,0,,6886,3703,1670,1823,1702,991,406,2713,2921,3835,2181,858,579,1038,1915,1502,5376,2743,2198,333,5943,1884,3480,1607,481,430,231,82,392,48.0,461,114,68,80,50,194,514,167,124,171,288,20,14162,20,0,0,0,0,0,0,0,0,0,0,0,0,0,0,0,0,0,0,0,0,0,0,0,0,0,0,0,0,0,0.0,0,0,0,0,0,0,0,0,0,0,0,0,0,0,https://data.ninjakiwi.com/btd6/users/9fbe168cd89ff9a74e138e4a5971e472990248efcc128c3f,https://static-api.nkstatic.com/appdocs/4/assets/opendata/ff853797e300ae69f8fbe20acabac75b_ProfileAvatar106.png
player,155483,338088000,0,,3166,1429,945,1793,1882,617,199,996,931,941,1087,519,269,693,879,423,1339,646,1106,849,1540,1127,1260,797,208,18,104,13,37,169.0,160,30,52,6,9,25,346,56,0,11,74,0,3415,1,17,0,0,0,0,0,7,0,17,0,0,3,0,0,0,0,0,111,0,45,0,0,0,0,0,0,0,0,0,0.0,17,0,0,0,0,0,0,0,0,0,0,0,23,0,https://data.ninjakiwi.com/btd6/users/9fb742ddddc0fdf71c448c180b71e023c40719bcc816da3a,https://static-api.nkstatic.com/appdocs/4/assets/opendata/db32af61df5646951a18c60fe0013a31_ProfileAvatar01.png
exephur,150317,338960000,0,,49758,13290,20239,33090,34492,7763,86,34041,25700,19198,13279,101470,11093,3794,35616,101487,6672,77491,20367,1274,26674,102202,38311,6021,921,100494,16383,2001,11781,13.0,17529,3216,4085,4407,369,1902,6406,100206,1251,100215,2568,92,144841,7440,0,0,0,0,0,0,0,0,0,0,0,0,0,0,0,0,0,0,0,0,0,0,0,0,0,0,0,0,0,0.0,0,0,0,0,0,0,0,0,0,0,0,0,0,0,https://data.ninjakiwi.com/btd6/users/9ced158ad6c5faf64d408e1e5f22b424cd0148b99a46d96e,https://static-api.nkstatic.com/appdocs/4/assets/opendata/db32af61df5646951a18c60fe0013a31_ProfileAvatar01.png
OG_Gamer2012,151550,342189000,0,,35931,18487,17646,32803,29238,5979,543,11188,13560,20696,10006,2371,8700,2646,18984,3933,9271,69987,20234,8591,27571,3448,17386,5532,4113,1235,8510,1824,2050,50.0,3107,867,1442,360,1816,575,7048,469,1239,392,2632,657,77598,635,0,0,0,0,0,0,0,0,0,0,0,0,0,0,0,0,0,0,0,0,0,0,0,0,0,0,0,0,0,0.0,0,0,0,0,0,0,0,0,0,0,0,0,0,0,https://data.ninjakiwi.com/btd6/users/9ceb41da8c91fff41c46db495c26e770990c1eb8ca108d3b,https://static-api.nkstatic.com/appdocs/4/assets/opendata/b1ef093283db879ae51f4dc27b82a5a0_ProfileAvatar37.png
Player,155283,343086000,0,,745,406,459,559,514,348,80,310,141,415,370,324,121,81,410,159,519,172,402,233,637,426,475,196,86,10,47,1,29,147.0,67,119,1,0,0,9,36,17,1,1,3,0,1103,1,0,0,0,0,0,0,0,0,0,0,0,0,0,0,0,0,0,0,0,0,0,0,0,0,0,0,0,0,0,0.0,0,0,0,0,0,0,0,0,0,0,0,0,0,0,https://data.ninjakiwi.com/btd6/users/9fb616dddb94f9f71a178d185c27e123cd021dbacc17da6e,https://static-api.nkstatic.com/appdocs/4/assets/opendata/db32af61df5646951a18c60fe0013a31_ProfileAvatar01.png
Player,155400,339867000,0,,4906,2300,1089,1776,2969,1025,384,2493,947,2074,1582,523,444,763,1197,801,2060,1276,1551,1023,2464,1435,1837,834,280,29,194,14,45,74.0,243,43,59,4,10,32,379,72,17,30,41,0,5037,4,0,0,0,0,0,0,0,0,0,0,0,0,0,0,0,0,0,0,0,0,0,0,0,0,0,0,0,0,0,0.0,0,0,0,0,0,0,0,0,0,0,0,0,0,0,https://data.ninjakiwi.com/btd6/users/9fb743dad794afad4d11d91a0e22ee23cb511db9ca46893c,https://static-api.nkstatic.com/appdocs/4/assets/opendata/db32af61df5646951a18c60fe0013a31_ProfileAvatar01.png
